area_code,area_name,level,area_path,source_url,data_cutoff
000000,中国,1,中国,https://dmfw.mca.gov.cn/XzqhVersionPublish.html,2025-12-31
110000,北京市,1,北京市,https://dmfw.mca.gov.cn/XzqhVersionPublish.html,2025-12-31
110101,东城区,3,北京市/东城区,https://dmfw.mca.gov.cn/XzqhVersionPublish.html,2025-12-31
110102,西城区,3,北京市/西城区,https://dmfw.mca.gov.cn/XzqhVersionPublish.html,2025-12-31
110105,朝阳区,3,北京市/朝阳区,https://dmfw.mca.gov.cn/XzqhVersionPublish.html,2025-12-31
110106,丰台区,3,北京市/丰台区,https://dmfw.mca.gov.cn/XzqhVersionPublish.html,2025-12-31
110107,石景山区,3,北京市/石景山区,https://dmfw.mca.gov.cn/XzqhVersionPublish.html,2025-12-31
110108,海淀区,3,北京市/海淀区,https://dmfw.mca.gov.cn/XzqhVersionPublish.html,2025-12-31
110109,门头沟区,3,北京市/门头沟区,https://dmfw.mca.gov.cn/XzqhVersionPublish.html,2025-12-31
110111,房山区,3,北京市/房山区,https://dmfw.mca.gov.cn/XzqhVersionPublish.html,2025-12-31
110112,通州区,3,北京市/通州区,https://dmfw.mca.gov.cn/XzqhVersionPublish.html,2025-12-31
110113,顺义区,3,北京市/顺义区,https://dmfw.mca.gov.cn/XzqhVersionPublish.html,2025-12-31
110114,昌平区,3,北京市/昌平区,https://dmfw.mca.gov.cn/XzqhVersionPublish.html,2025-12-31
110115,大兴区,3,北京市/大兴区,https://dmfw.mca.gov.cn/XzqhVersionPublish.html,2025-12-31
110116,怀柔区,3,北京市/怀柔区,https://dmfw.mca.gov.cn/XzqhVersionPublish.html,2025-12-31
110117,平谷区,3,北京市/平谷区,https://dmfw.mca.gov.cn/XzqhVersionPublish.html,2025-12-31
110118,密云区,3,北京市/密云区,https://dmfw.mca.gov.cn/XzqhVersionPublish.html,2025-12-31
110119,延庆区,3,北京市/延庆区,https://dmfw.mca.gov.cn/XzqhVersionPublish.html,2025-12-31
120000,天津市,1,天津市,https://dmfw.mca.gov.cn/XzqhVersionPublish.html,2025-12-31
120101,和平区,3,天津市/和平区,https://dmfw.mca.gov.cn/XzqhVersionPublish.html,2025-12-31
120102,河东区,3,天津市/河东区,https://dmfw.mca.gov.cn/XzqhVersionPublish.html,2025-12-31
120103,河西区,3,天津市/河西区,https://dmfw.mca.gov.cn/XzqhVersionPublish.html,2025-12-31
120104,南开区,3,天津市/南开区,https://dmfw.mca.gov.cn/XzqhVersionPublish.html,2025-12-31
120105,河北区,3,天津市/河北区,https://dmfw.mca.gov.cn/XzqhVersionPublish.html,2025-12-31
120106,红桥区,3,天津市/红桥区,https://dmfw.mca.gov.cn/XzqhVersionPublish.html,2025-12-31
120110,东丽区,3,天津市/东丽区,https://dmfw.mca.gov.cn/XzqhVersionPublish.html,2025-12-31
120111,西青区,3,天津市/西青区,https://dmfw.mca.gov.cn/XzqhVersionPublish.html,2025-12-31
120112,津南区,3,天津市/津南区,https://dmfw.mca.gov.cn/XzqhVersionPublish.html,2025-12-31
120113,北辰区,3,天津市/北辰区,https://dmfw.mca.gov.cn/XzqhVersionPublish.html,2025-12-31
120114,武清区,3,天津市/武清区,https://dmfw.mca.gov.cn/XzqhVersionPublish.html,2025-12-31
120115,宝坻区,3,天津市/宝坻区,https://dmfw.mca.gov.cn/XzqhVersionPublish.html,2025-12-31
120116,滨海新区,3,天津市/滨海新区,https://dmfw.mca.gov.cn/XzqhVersionPublish.html,2025-12-31
120117,宁河区,3,天津市/宁河区,https://dmfw.mca.gov.cn/XzqhVersionPublish.html,2025-12-31
120118,静海区,3,天津市/静海区,https://dmfw.mca.gov.cn/XzqhVersionPublish.html,2025-12-31
120119,蓟州区,3,天津市/蓟州区,https://dmfw.mca.gov.cn/XzqhVersionPublish.html,2025-12-31
130000,河北省,1,河北省,https://dmfw.mca.gov.cn/XzqhVersionPublish.html,2025-12-31
130100,石家庄市,2,河北省/石家庄市,https://dmfw.mca.gov.cn/XzqhVersionPublish.html,2025-12-31
130102,长安区,3,河北省/石家庄市/长安区,https://dmfw.mca.gov.cn/XzqhVersionPublish.html,2025-12-31
130104,桥西区,3,河北省/石家庄市/桥西区,https://dmfw.mca.gov.cn/XzqhVersionPublish.html,2025-12-31
130105,新华区,3,河北省/石家庄市/新华区,https://dmfw.mca.gov.cn/XzqhVersionPublish.html,2025-12-31
130107,井陉矿区,3,河北省/石家庄市/井陉矿区,https://dmfw.mca.gov.cn/XzqhVersionPublish.html,2025-12-31
130108,裕华区,3,河北省/石家庄市/裕华区,https://dmfw.mca.gov.cn/XzqhVersionPublish.html,2025-12-31
130109,藁城区,3,河北省/石家庄市/藁城区,https://dmfw.mca.gov.cn/XzqhVersionPublish.html,2025-12-31
130110,鹿泉区,3,河北省/石家庄市/鹿泉区,https://dmfw.mca.gov.cn/XzqhVersionPublish.html,2025-12-31
130111,栾城区,3,河北省/石家庄市/栾城区,https://dmfw.mca.gov.cn/XzqhVersionPublish.html,2025-12-31
130121,井陉县,3,河北省/石家庄市/井陉县,https://dmfw.mca.gov.cn/XzqhVersionPublish.html,2025-12-31
130123,正定县,3,河北省/石家庄市/正定县,https://dmfw.mca.gov.cn/XzqhVersionPublish.html,2025-12-31
130125,行唐县,3,河北省/石家庄市/行唐县,https://dmfw.mca.gov.cn/XzqhVersionPublish.html,2025-12-31
130126,灵寿县,3,河北省/石家庄市/灵寿县,https://dmfw.mca.gov.cn/XzqhVersionPublish.html,2025-12-31
130127,高邑县,3,河北省/石家庄市/高邑县,https://dmfw.mca.gov.cn/XzqhVersionPublish.html,2025-12-31
130128,深泽县,3,河北省/石家庄市/深泽县,https://dmfw.mca.gov.cn/XzqhVersionPublish.html,2025-12-31
130129,赞皇县,3,河北省/石家庄市/赞皇县,https://dmfw.mca.gov.cn/XzqhVersionPublish.html,2025-12-31
130130,无极县,3,河北省/石家庄市/无极县,https://dmfw.mca.gov.cn/XzqhVersionPublish.html,2025-12-31
130131,平山县,3,河北省/石家庄市/平山县,https://dmfw.mca.gov.cn/XzqhVersionPublish.html,2025-12-31
130132,元氏县,3,河北省/石家庄市/元氏县,https://dmfw.mca.gov.cn/XzqhVersionPublish.html,2025-12-31
130133,赵县,3,河北省/石家庄市/赵县,https://dmfw.mca.gov.cn/XzqhVersionPublish.html,2025-12-31
130181,辛集市,3,河北省/石家庄市/辛集市,https://dmfw.mca.gov.cn/XzqhVersionPublish.html,2025-12-31
130183,晋州市,3,河北省/石家庄市/晋州市,https://dmfw.mca.gov.cn/XzqhVersionPublish.html,2025-12-31
130184,新乐市,3,河北省/石家庄市/新乐市,https://dmfw.mca.gov.cn/XzqhVersionPublish.html,2025-12-31
130200,唐山市,2,河北省/唐山市,https://dmfw.mca.gov.cn/XzqhVersionPublish.html,2025-12-31
130202,路南区,3,河北省/唐山市/路南区,https://dmfw.mca.gov.cn/XzqhVersionPublish.html,2025-12-31
130203,路北区,3,河北省/唐山市/路北区,https://dmfw.mca.gov.cn/XzqhVersionPublish.html,2025-12-31
130204,古冶区,3,河北省/唐山市/古冶区,https://dmfw.mca.gov.cn/XzqhVersionPublish.html,2025-12-31
130205,开平区,3,河北省/唐山市/开平区,https://dmfw.mca.gov.cn/XzqhVersionPublish.html,2025-12-31
130207,丰南区,3,河北省/唐山市/丰南区,https://dmfw.mca.gov.cn/XzqhVersionPublish.html,2025-12-31
130208,丰润区,3,河北省/唐山市/丰润区,https://dmfw.mca.gov.cn/XzqhVersionPublish.html,2025-12-31
130209,曹妃甸区,3,河北省/唐山市/曹妃甸区,https://dmfw.mca.gov.cn/XzqhVersionPublish.html,2025-12-31
130224,滦南县,3,河北省/唐山市/滦南县,https://dmfw.mca.gov.cn/XzqhVersionPublish.html,2025-12-31
130225,乐亭县,3,河北省/唐山市/乐亭县,https://dmfw.mca.gov.cn/XzqhVersionPublish.html,2025-12-31
130227,迁西县,3,河北省/唐山市/迁西县,https://dmfw.mca.gov.cn/XzqhVersionPublish.html,2025-12-31
130229,玉田县,3,河北省/唐山市/玉田县,https://dmfw.mca.gov.cn/XzqhVersionPublish.html,2025-12-31
130281,遵化市,3,河北省/唐山市/遵化市,https://dmfw.mca.gov.cn/XzqhVersionPublish.html,2025-12-31
130283,迁安市,3,河北省/唐山市/迁安市,https://dmfw.mca.gov.cn/XzqhVersionPublish.html,2025-12-31
130284,滦州市,3,河北省/唐山市/滦州市,https://dmfw.mca.gov.cn/XzqhVersionPublish.html,2025-12-31
130300,秦皇岛市,2,河北省/秦皇岛市,https://dmfw.mca.gov.cn/XzqhVersionPublish.html,2025-12-31
130302,海港区,3,河北省/秦皇岛市/海港区,https://dmfw.mca.gov.cn/XzqhVersionPublish.html,2025-12-31
130303,山海关区,3,河北省/秦皇岛市/山海关区,https://dmfw.mca.gov.cn/XzqhVersionPublish.html,2025-12-31
130304,北戴河区,3,河北省/秦皇岛市/北戴河区,https://dmfw.mca.gov.cn/XzqhVersionPublish.html,2025-12-31
130306,抚宁区,3,河北省/秦皇岛市/抚宁区,https://dmfw.mca.gov.cn/XzqhVersionPublish.html,2025-12-31
130321,青龙满族自治县,3,河北省/秦皇岛市/青龙满族自治县,https://dmfw.mca.gov.cn/XzqhVersionPublish.html,2025-12-31
130322,昌黎县,3,河北省/秦皇岛市/昌黎县,https://dmfw.mca.gov.cn/XzqhVersionPublish.html,2025-12-31
130324,卢龙县,3,河北省/秦皇岛市/卢龙县,https://dmfw.mca.gov.cn/XzqhVersionPublish.html,2025-12-31
130400,邯郸市,2,河北省/邯郸市,https://dmfw.mca.gov.cn/XzqhVersionPublish.html,2025-12-31
130402,邯山区,3,河北省/邯郸市/邯山区,https://dmfw.mca.gov.cn/XzqhVersionPublish.html,2025-12-31
130403,丛台区,3,河北省/邯郸市/丛台区,https://dmfw.mca.gov.cn/XzqhVersionPublish.html,2025-12-31
130404,复兴区,3,河北省/邯郸市/复兴区,https://dmfw.mca.gov.cn/XzqhVersionPublish.html,2025-12-31
130406,峰峰矿区,3,河北省/邯郸市/峰峰矿区,https://dmfw.mca.gov.cn/XzqhVersionPublish.html,2025-12-31
130407,肥乡区,3,河北省/邯郸市/肥乡区,https://dmfw.mca.gov.cn/XzqhVersionPublish.html,2025-12-31
130408,永年区,3,河北省/邯郸市/永年区,https://dmfw.mca.gov.cn/XzqhVersionPublish.html,2025-12-31
130423,临漳县,3,河北省/邯郸市/临漳县,https://dmfw.mca.gov.cn/XzqhVersionPublish.html,2025-12-31
130424,成安县,3,河北省/邯郸市/成安县,https://dmfw.mca.gov.cn/XzqhVersionPublish.html,2025-12-31
130425,大名县,3,河北省/邯郸市/大名县,https://dmfw.mca.gov.cn/XzqhVersionPublish.html,2025-12-31
130426,涉县,3,河北省/邯郸市/涉县,https://dmfw.mca.gov.cn/XzqhVersionPublish.html,2025-12-31
130427,磁县,3,河北省/邯郸市/磁县,https://dmfw.mca.gov.cn/XzqhVersionPublish.html,2025-12-31
130430,邱县,3,河北省/邯郸市/邱县,https://dmfw.mca.gov.cn/XzqhVersionPublish.html,2025-12-31
130431,鸡泽县,3,河北省/邯郸市/鸡泽县,https://dmfw.mca.gov.cn/XzqhVersionPublish.html,2025-12-31
130432,广平县,3,河北省/邯郸市/广平县,https://dmfw.mca.gov.cn/XzqhVersionPublish.html,2025-12-31
130433,馆陶县,3,河北省/邯郸市/馆陶县,https://dmfw.mca.gov.cn/XzqhVersionPublish.html,2025-12-31
130434,魏县,3,河北省/邯郸市/魏县,https://dmfw.mca.gov.cn/XzqhVersionPublish.html,2025-12-31
130435,曲周县,3,河北省/邯郸市/曲周县,https://dmfw.mca.gov.cn/XzqhVersionPublish.html,2025-12-31
130481,武安市,3,河北省/邯郸市/武安市,https://dmfw.mca.gov.cn/XzqhVersionPublish.html,2025-12-31
130500,邢台市,2,河北省/邢台市,https://dmfw.mca.gov.cn/XzqhVersionPublish.html,2025-12-31
130502,襄都区,3,河北省/邢台市/襄都区,https://dmfw.mca.gov.cn/XzqhVersionPublish.html,2025-12-31
130503,信都区,3,河北省/邢台市/信都区,https://dmfw.mca.gov.cn/XzqhVersionPublish.html,2025-12-31
130505,任泽区,3,河北省/邢台市/任泽区,https://dmfw.mca.gov.cn/XzqhVersionPublish.html,2025-12-31
130506,南和区,3,河北省/邢台市/南和区,https://dmfw.mca.gov.cn/XzqhVersionPublish.html,2025-12-31
130522,临城县,3,河北省/邢台市/临城县,https://dmfw.mca.gov.cn/XzqhVersionPublish.html,2025-12-31
130523,内丘县,3,河北省/邢台市/内丘县,https://dmfw.mca.gov.cn/XzqhVersionPublish.html,2025-12-31
130524,柏乡县,3,河北省/邢台市/柏乡县,https://dmfw.mca.gov.cn/XzqhVersionPublish.html,2025-12-31
130525,隆尧县,3,河北省/邢台市/隆尧县,https://dmfw.mca.gov.cn/XzqhVersionPublish.html,2025-12-31
130528,宁晋县,3,河北省/邢台市/宁晋县,https://dmfw.mca.gov.cn/XzqhVersionPublish.html,2025-12-31
130529,巨鹿县,3,河北省/邢台市/巨鹿县,https://dmfw.mca.gov.cn/XzqhVersionPublish.html,2025-12-31
130530,新河县,3,河北省/邢台市/新河县,https://dmfw.mca.gov.cn/XzqhVersionPublish.html,2025-12-31
130531,广宗县,3,河北省/邢台市/广宗县,https://dmfw.mca.gov.cn/XzqhVersionPublish.html,2025-12-31
130532,平乡县,3,河北省/邢台市/平乡县,https://dmfw.mca.gov.cn/XzqhVersionPublish.html,2025-12-31
130533,威县,3,河北省/邢台市/威县,https://dmfw.mca.gov.cn/XzqhVersionPublish.html,2025-12-31
130534,清河县,3,河北省/邢台市/清河县,https://dmfw.mca.gov.cn/XzqhVersionPublish.html,2025-12-31
130535,临西县,3,河北省/邢台市/临西县,https://dmfw.mca.gov.cn/XzqhVersionPublish.html,2025-12-31
130581,南宫市,3,河北省/邢台市/南宫市,https://dmfw.mca.gov.cn/XzqhVersionPublish.html,2025-12-31
130582,沙河市,3,河北省/邢台市/沙河市,https://dmfw.mca.gov.cn/XzqhVersionPublish.html,2025-12-31
130600,保定市,2,河北省/保定市,https://dmfw.mca.gov.cn/XzqhVersionPublish.html,2025-12-31
130602,竞秀区,3,河北省/保定市/竞秀区,https://dmfw.mca.gov.cn/XzqhVersionPublish.html,2025-12-31
130606,莲池区,3,河北省/保定市/莲池区,https://dmfw.mca.gov.cn/XzqhVersionPublish.html,2025-12-31
130607,满城区,3,河北省/保定市/满城区,https://dmfw.mca.gov.cn/XzqhVersionPublish.html,2025-12-31
130608,清苑区,3,河北省/保定市/清苑区,https://dmfw.mca.gov.cn/XzqhVersionPublish.html,2025-12-31
130609,徐水区,3,河北省/保定市/徐水区,https://dmfw.mca.gov.cn/XzqhVersionPublish.html,2025-12-31
130623,涞水县,3,河北省/保定市/涞水县,https://dmfw.mca.gov.cn/XzqhVersionPublish.html,2025-12-31
130624,阜平县,3,河北省/保定市/阜平县,https://dmfw.mca.gov.cn/XzqhVersionPublish.html,2025-12-31
130626,定兴县,3,河北省/保定市/定兴县,https://dmfw.mca.gov.cn/XzqhVersionPublish.html,2025-12-31
130627,唐县,3,河北省/保定市/唐县,https://dmfw.mca.gov.cn/XzqhVersionPublish.html,2025-12-31
130628,高阳县,3,河北省/保定市/高阳县,https://dmfw.mca.gov.cn/XzqhVersionPublish.html,2025-12-31
130629,容城县,3,河北省/保定市/容城县,https://dmfw.mca.gov.cn/XzqhVersionPublish.html,2025-12-31
130630,涞源县,3,河北省/保定市/涞源县,https://dmfw.mca.gov.cn/XzqhVersionPublish.html,2025-12-31
130631,望都县,3,河北省/保定市/望都县,https://dmfw.mca.gov.cn/XzqhVersionPublish.html,2025-12-31
130632,安新县,3,河北省/保定市/安新县,https://dmfw.mca.gov.cn/XzqhVersionPublish.html,2025-12-31
130633,易县,3,河北省/保定市/易县,https://dmfw.mca.gov.cn/XzqhVersionPublish.html,2025-12-31
130634,曲阳县,3,河北省/保定市/曲阳县,https://dmfw.mca.gov.cn/XzqhVersionPublish.html,2025-12-31
130635,蠡县,3,河北省/保定市/蠡县,https://dmfw.mca.gov.cn/XzqhVersionPublish.html,2025-12-31
130636,顺平县,3,河北省/保定市/顺平县,https://dmfw.mca.gov.cn/XzqhVersionPublish.html,2025-12-31
130637,博野县,3,河北省/保定市/博野县,https://dmfw.mca.gov.cn/XzqhVersionPublish.html,2025-12-31
130638,雄县,3,河北省/保定市/雄县,https://dmfw.mca.gov.cn/XzqhVersionPublish.html,2025-12-31
130681,涿州市,3,河北省/保定市/涿州市,https://dmfw.mca.gov.cn/XzqhVersionPublish.html,2025-12-31
130682,定州市,3,河北省/保定市/定州市,https://dmfw.mca.gov.cn/XzqhVersionPublish.html,2025-12-31
130683,安国市,3,河北省/保定市/安国市,https://dmfw.mca.gov.cn/XzqhVersionPublish.html,2025-12-31
130684,高碑店市,3,河北省/保定市/高碑店市,https://dmfw.mca.gov.cn/XzqhVersionPublish.html,2025-12-31
130700,张家口市,2,河北省/张家口市,https://dmfw.mca.gov.cn/XzqhVersionPublish.html,2025-12-31
130702,桥东区,3,河北省/张家口市/桥东区,https://dmfw.mca.gov.cn/XzqhVersionPublish.html,2025-12-31
130703,桥西区,3,河北省/张家口市/桥西区,https://dmfw.mca.gov.cn/XzqhVersionPublish.html,2025-12-31
130705,宣化区,3,河北省/张家口市/宣化区,https://dmfw.mca.gov.cn/XzqhVersionPublish.html,2025-12-31
130706,下花园区,3,河北省/张家口市/下花园区,https://dmfw.mca.gov.cn/XzqhVersionPublish.html,2025-12-31
130708,万全区,3,河北省/张家口市/万全区,https://dmfw.mca.gov.cn/XzqhVersionPublish.html,2025-12-31
130709,崇礼区,3,河北省/张家口市/崇礼区,https://dmfw.mca.gov.cn/XzqhVersionPublish.html,2025-12-31
130722,张北县,3,河北省/张家口市/张北县,https://dmfw.mca.gov.cn/XzqhVersionPublish.html,2025-12-31
130723,康保县,3,河北省/张家口市/康保县,https://dmfw.mca.gov.cn/XzqhVersionPublish.html,2025-12-31
130724,沽源县,3,河北省/张家口市/沽源县,https://dmfw.mca.gov.cn/XzqhVersionPublish.html,2025-12-31
130725,尚义县,3,河北省/张家口市/尚义县,https://dmfw.mca.gov.cn/XzqhVersionPublish.html,2025-12-31
130726,蔚县,3,河北省/张家口市/蔚县,https://dmfw.mca.gov.cn/XzqhVersionPublish.html,2025-12-31
130727,阳原县,3,河北省/张家口市/阳原县,https://dmfw.mca.gov.cn/XzqhVersionPublish.html,2025-12-31
130728,怀安县,3,河北省/张家口市/怀安县,https://dmfw.mca.gov.cn/XzqhVersionPublish.html,2025-12-31
130730,怀来县,3,河北省/张家口市/怀来县,https://dmfw.mca.gov.cn/XzqhVersionPublish.html,2025-12-31
130731,涿鹿县,3,河北省/张家口市/涿鹿县,https://dmfw.mca.gov.cn/XzqhVersionPublish.html,2025-12-31
130732,赤城县,3,河北省/张家口市/赤城县,https://dmfw.mca.gov.cn/XzqhVersionPublish.html,2025-12-31
130800,承德市,2,河北省/承德市,https://dmfw.mca.gov.cn/XzqhVersionPublish.html,2025-12-31
130802,双桥区,3,河北省/承德市/双桥区,https://dmfw.mca.gov.cn/XzqhVersionPublish.html,2025-12-31
130803,双滦区,3,河北省/承德市/双滦区,https://dmfw.mca.gov.cn/XzqhVersionPublish.html,2025-12-31
130804,鹰手营子矿区,3,河北省/承德市/鹰手营子矿区,https://dmfw.mca.gov.cn/XzqhVersionPublish.html,2025-12-31
130821,承德县,3,河北省/承德市/承德县,https://dmfw.mca.gov.cn/XzqhVersionPublish.html,2025-12-31
130822,兴隆县,3,河北省/承德市/兴隆县,https://dmfw.mca.gov.cn/XzqhVersionPublish.html,2025-12-31
130824,滦平县,3,河北省/承德市/滦平县,https://dmfw.mca.gov.cn/XzqhVersionPublish.html,2025-12-31
130825,隆化县,3,河北省/承德市/隆化县,https://dmfw.mca.gov.cn/XzqhVersionPublish.html,2025-12-31
130826,丰宁满族自治县,3,河北省/承德市/丰宁满族自治县,https://dmfw.mca.gov.cn/XzqhVersionPublish.html,2025-12-31
130827,宽城满族自治县,3,河北省/承德市/宽城满族自治县,https://dmfw.mca.gov.cn/XzqhVersionPublish.html,2025-12-31
130828,围场满族蒙古族自治县,3,河北省/承德市/围场满族蒙古族自治县,https://dmfw.mca.gov.cn/XzqhVersionPublish.html,2025-12-31
130881,平泉市,3,河北省/承德市/平泉市,https://dmfw.mca.gov.cn/XzqhVersionPublish.html,2025-12-31
130900,沧州市,2,河北省/沧州市,https://dmfw.mca.gov.cn/XzqhVersionPublish.html,2025-12-31
130902,新华区,3,河北省/沧州市/新华区,https://dmfw.mca.gov.cn/XzqhVersionPublish.html,2025-12-31
130903,运河区,3,河北省/沧州市/运河区,https://dmfw.mca.gov.cn/XzqhVersionPublish.html,2025-12-31
130921,沧县,3,河北省/沧州市/沧县,https://dmfw.mca.gov.cn/XzqhVersionPublish.html,2025-12-31
130922,青县,3,河北省/沧州市/青县,https://dmfw.mca.gov.cn/XzqhVersionPublish.html,2025-12-31
130923,东光县,3,河北省/沧州市/东光县,https://dmfw.mca.gov.cn/XzqhVersionPublish.html,2025-12-31
130924,海兴县,3,河北省/沧州市/海兴县,https://dmfw.mca.gov.cn/XzqhVersionPublish.html,2025-12-31
130925,盐山县,3,河北省/沧州市/盐山县,https://dmfw.mca.gov.cn/XzqhVersionPublish.html,2025-12-31
130926,肃宁县,3,河北省/沧州市/肃宁县,https://dmfw.mca.gov.cn/XzqhVersionPublish.html,2025-12-31
130927,南皮县,3,河北省/沧州市/南皮县,https://dmfw.mca.gov.cn/XzqhVersionPublish.html,2025-12-31
130928,吴桥县,3,河北省/沧州市/吴桥县,https://dmfw.mca.gov.cn/XzqhVersionPublish.html,2025-12-31
130929,献县,3,河北省/沧州市/献县,https://dmfw.mca.gov.cn/XzqhVersionPublish.html,2025-12-31
130930,孟村回族自治县,3,河北省/沧州市/孟村回族自治县,https://dmfw.mca.gov.cn/XzqhVersionPublish.html,2025-12-31
130981,泊头市,3,河北省/沧州市/泊头市,https://dmfw.mca.gov.cn/XzqhVersionPublish.html,2025-12-31
130982,任丘市,3,河北省/沧州市/任丘市,https://dmfw.mca.gov.cn/XzqhVersionPublish.html,2025-12-31
130983,黄骅市,3,河北省/沧州市/黄骅市,https://dmfw.mca.gov.cn/XzqhVersionPublish.html,2025-12-31
130984,河间市,3,河北省/沧州市/河间市,https://dmfw.mca.gov.cn/XzqhVersionPublish.html,2025-12-31
131000,廊坊市,2,河北省/廊坊市,https://dmfw.mca.gov.cn/XzqhVersionPublish.html,2025-12-31
131002,安次区,3,河北省/廊坊市/安次区,https://dmfw.mca.gov.cn/XzqhVersionPublish.html,2025-12-31
131003,广阳区,3,河北省/廊坊市/广阳区,https://dmfw.mca.gov.cn/XzqhVersionPublish.html,2025-12-31
131022,固安县,3,河北省/廊坊市/固安县,https://dmfw.mca.gov.cn/XzqhVersionPublish.html,2025-12-31
131023,永清县,3,河北省/廊坊市/永清县,https://dmfw.mca.gov.cn/XzqhVersionPublish.html,2025-12-31
131024,香河县,3,河北省/廊坊市/香河县,https://dmfw.mca.gov.cn/XzqhVersionPublish.html,2025-12-31
131025,大城县,3,河北省/廊坊市/大城县,https://dmfw.mca.gov.cn/XzqhVersionPublish.html,2025-12-31
131026,文安县,3,河北省/廊坊市/文安县,https://dmfw.mca.gov.cn/XzqhVersionPublish.html,2025-12-31
131028,大厂回族自治县,3,河北省/廊坊市/大厂回族自治县,https://dmfw.mca.gov.cn/XzqhVersionPublish.html,2025-12-31
131081,霸州市,3,河北省/廊坊市/霸州市,https://dmfw.mca.gov.cn/XzqhVersionPublish.html,2025-12-31
131082,三河市,3,河北省/廊坊市/三河市,https://dmfw.mca.gov.cn/XzqhVersionPublish.html,2025-12-31
131100,衡水市,2,河北省/衡水市,https://dmfw.mca.gov.cn/XzqhVersionPublish.html,2025-12-31
131102,桃城区,3,河北省/衡水市/桃城区,https://dmfw.mca.gov.cn/XzqhVersionPublish.html,2025-12-31
131103,冀州区,3,河北省/衡水市/冀州区,https://dmfw.mca.gov.cn/XzqhVersionPublish.html,2025-12-31
131121,枣强县,3,河北省/衡水市/枣强县,https://dmfw.mca.gov.cn/XzqhVersionPublish.html,2025-12-31
131122,武邑县,3,河北省/衡水市/武邑县,https://dmfw.mca.gov.cn/XzqhVersionPublish.html,2025-12-31
131123,武强县,3,河北省/衡水市/武强县,https://dmfw.mca.gov.cn/XzqhVersionPublish.html,2025-12-31
131124,饶阳县,3,河北省/衡水市/饶阳县,https://dmfw.mca.gov.cn/XzqhVersionPublish.html,2025-12-31
131125,安平县,3,河北省/衡水市/安平县,https://dmfw.mca.gov.cn/XzqhVersionPublish.html,2025-12-31
131126,故城县,3,河北省/衡水市/故城县,https://dmfw.mca.gov.cn/XzqhVersionPublish.html,2025-12-31
131127,景县,3,河北省/衡水市/景县,https://dmfw.mca.gov.cn/XzqhVersionPublish.html,2025-12-31
131128,阜城县,3,河北省/衡水市/阜城县,https://dmfw.mca.gov.cn/XzqhVersionPublish.html,2025-12-31
131182,深州市,3,河北省/衡水市/深州市,https://dmfw.mca.gov.cn/XzqhVersionPublish.html,2025-12-31
140000,山西省,1,山西省,https://dmfw.mca.gov.cn/XzqhVersionPublish.html,2025-12-31
140100,太原市,2,山西省/太原市,https://dmfw.mca.gov.cn/XzqhVersionPublish.html,2025-12-31
140105,小店区,3,山西省/太原市/小店区,https://dmfw.mca.gov.cn/XzqhVersionPublish.html,2025-12-31
140106,迎泽区,3,山西省/太原市/迎泽区,https://dmfw.mca.gov.cn/XzqhVersionPublish.html,2025-12-31
140107,杏花岭区,3,山西省/太原市/杏花岭区,https://dmfw.mca.gov.cn/XzqhVersionPublish.html,2025-12-31
140108,尖草坪区,3,山西省/太原市/尖草坪区,https://dmfw.mca.gov.cn/XzqhVersionPublish.html,2025-12-31
140109,万柏林区,3,山西省/太原市/万柏林区,https://dmfw.mca.gov.cn/XzqhVersionPublish.html,2025-12-31
140110,晋源区,3,山西省/太原市/晋源区,https://dmfw.mca.gov.cn/XzqhVersionPublish.html,2025-12-31
140121,清徐县,3,山西省/太原市/清徐县,https://dmfw.mca.gov.cn/XzqhVersionPublish.html,2025-12-31
140122,阳曲县,3,山西省/太原市/阳曲县,https://dmfw.mca.gov.cn/XzqhVersionPublish.html,2025-12-31
140123,娄烦县,3,山西省/太原市/娄烦县,https://dmfw.mca.gov.cn/XzqhVersionPublish.html,2025-12-31
140181,古交市,3,山西省/太原市/古交市,https://dmfw.mca.gov.cn/XzqhVersionPublish.html,2025-12-31
140200,大同市,2,山西省/大同市,https://dmfw.mca.gov.cn/XzqhVersionPublish.html,2025-12-31
140212,新荣区,3,山西省/大同市/新荣区,https://dmfw.mca.gov.cn/XzqhVersionPublish.html,2025-12-31
140213,平城区,3,山西省/大同市/平城区,https://dmfw.mca.gov.cn/XzqhVersionPublish.html,2025-12-31
140214,云冈区,3,山西省/大同市/云冈区,https://dmfw.mca.gov.cn/XzqhVersionPublish.html,2025-12-31
140215,云州区,3,山西省/大同市/云州区,https://dmfw.mca.gov.cn/XzqhVersionPublish.html,2025-12-31
140221,阳高县,3,山西省/大同市/阳高县,https://dmfw.mca.gov.cn/XzqhVersionPublish.html,2025-12-31
140222,天镇县,3,山西省/大同市/天镇县,https://dmfw.mca.gov.cn/XzqhVersionPublish.html,2025-12-31
140223,广灵县,3,山西省/大同市/广灵县,https://dmfw.mca.gov.cn/XzqhVersionPublish.html,2025-12-31
140224,灵丘县,3,山西省/大同市/灵丘县,https://dmfw.mca.gov.cn/XzqhVersionPublish.html,2025-12-31
140225,浑源县,3,山西省/大同市/浑源县,https://dmfw.mca.gov.cn/XzqhVersionPublish.html,2025-12-31
140226,左云县,3,山西省/大同市/左云县,https://dmfw.mca.gov.cn/XzqhVersionPublish.html,2025-12-31
140300,阳泉市,2,山西省/阳泉市,https://dmfw.mca.gov.cn/XzqhVersionPublish.html,2025-12-31
140302,城区,3,山西省/阳泉市/城区,https://dmfw.mca.gov.cn/XzqhVersionPublish.html,2025-12-31
140303,矿区,3,山西省/阳泉市/矿区,https://dmfw.mca.gov.cn/XzqhVersionPublish.html,2025-12-31
140311,郊区,3,山西省/阳泉市/郊区,https://dmfw.mca.gov.cn/XzqhVersionPublish.html,2025-12-31
140321,平定县,3,山西省/阳泉市/平定县,https://dmfw.mca.gov.cn/XzqhVersionPublish.html,2025-12-31
140322,盂县,3,山西省/阳泉市/盂县,https://dmfw.mca.gov.cn/XzqhVersionPublish.html,2025-12-31
140400,长治市,2,山西省/长治市,https://dmfw.mca.gov.cn/XzqhVersionPublish.html,2025-12-31
140403,潞州区,3,山西省/长治市/潞州区,https://dmfw.mca.gov.cn/XzqhVersionPublish.html,2025-12-31
140404,上党区,3,山西省/长治市/上党区,https://dmfw.mca.gov.cn/XzqhVersionPublish.html,2025-12-31
140405,屯留区,3,山西省/长治市/屯留区,https://dmfw.mca.gov.cn/XzqhVersionPublish.html,2025-12-31
140406,潞城区,3,山西省/长治市/潞城区,https://dmfw.mca.gov.cn/XzqhVersionPublish.html,2025-12-31
140423,襄垣县,3,山西省/长治市/襄垣县,https://dmfw.mca.gov.cn/XzqhVersionPublish.html,2025-12-31
140425,平顺县,3,山西省/长治市/平顺县,https://dmfw.mca.gov.cn/XzqhVersionPublish.html,2025-12-31
140426,黎城县,3,山西省/长治市/黎城县,https://dmfw.mca.gov.cn/XzqhVersionPublish.html,2025-12-31
140427,壶关县,3,山西省/长治市/壶关县,https://dmfw.mca.gov.cn/XzqhVersionPublish.html,2025-12-31
140428,长子县,3,山西省/长治市/长子县,https://dmfw.mca.gov.cn/XzqhVersionPublish.html,2025-12-31
140429,武乡县,3,山西省/长治市/武乡县,https://dmfw.mca.gov.cn/XzqhVersionPublish.html,2025-12-31
140430,沁县,3,山西省/长治市/沁县,https://dmfw.mca.gov.cn/XzqhVersionPublish.html,2025-12-31
140431,沁源县,3,山西省/长治市/沁源县,https://dmfw.mca.gov.cn/XzqhVersionPublish.html,2025-12-31
140500,晋城市,2,山西省/晋城市,https://dmfw.mca.gov.cn/XzqhVersionPublish.html,2025-12-31
140502,城区,3,山西省/晋城市/城区,https://dmfw.mca.gov.cn/XzqhVersionPublish.html,2025-12-31
140521,沁水县,3,山西省/晋城市/沁水县,https://dmfw.mca.gov.cn/XzqhVersionPublish.html,2025-12-31
140522,阳城县,3,山西省/晋城市/阳城县,https://dmfw.mca.gov.cn/XzqhVersionPublish.html,2025-12-31
140524,陵川县,3,山西省/晋城市/陵川县,https://dmfw.mca.gov.cn/XzqhVersionPublish.html,2025-12-31
140525,泽州县,3,山西省/晋城市/泽州县,https://dmfw.mca.gov.cn/XzqhVersionPublish.html,2025-12-31
140581,高平市,3,山西省/晋城市/高平市,https://dmfw.mca.gov.cn/XzqhVersionPublish.html,2025-12-31
140600,朔州市,2,山西省/朔州市,https://dmfw.mca.gov.cn/XzqhVersionPublish.html,2025-12-31
140602,朔城区,3,山西省/朔州市/朔城区,https://dmfw.mca.gov.cn/XzqhVersionPublish.html,2025-12-31
140603,平鲁区,3,山西省/朔州市/平鲁区,https://dmfw.mca.gov.cn/XzqhVersionPublish.html,2025-12-31
140621,山阴县,3,山西省/朔州市/山阴县,https://dmfw.mca.gov.cn/XzqhVersionPublish.html,2025-12-31
140622,应县,3,山西省/朔州市/应县,https://dmfw.mca.gov.cn/XzqhVersionPublish.html,2025-12-31
140623,右玉县,3,山西省/朔州市/右玉县,https://dmfw.mca.gov.cn/XzqhVersionPublish.html,2025-12-31
140681,怀仁市,3,山西省/朔州市/怀仁市,https://dmfw.mca.gov.cn/XzqhVersionPublish.html,2025-12-31
140700,晋中市,2,山西省/晋中市,https://dmfw.mca.gov.cn/XzqhVersionPublish.html,2025-12-31
140702,榆次区,3,山西省/晋中市/榆次区,https://dmfw.mca.gov.cn/XzqhVersionPublish.html,2025-12-31
140703,太谷区,3,山西省/晋中市/太谷区,https://dmfw.mca.gov.cn/XzqhVersionPublish.html,2025-12-31
140721,榆社县,3,山西省/晋中市/榆社县,https://dmfw.mca.gov.cn/XzqhVersionPublish.html,2025-12-31
140722,左权县,3,山西省/晋中市/左权县,https://dmfw.mca.gov.cn/XzqhVersionPublish.html,2025-12-31
140723,和顺县,3,山西省/晋中市/和顺县,https://dmfw.mca.gov.cn/XzqhVersionPublish.html,2025-12-31
140724,昔阳县,3,山西省/晋中市/昔阳县,https://dmfw.mca.gov.cn/XzqhVersionPublish.html,2025-12-31
140725,寿阳县,3,山西省/晋中市/寿阳县,https://dmfw.mca.gov.cn/XzqhVersionPublish.html,2025-12-31
140727,祁县,3,山西省/晋中市/祁县,https://dmfw.mca.gov.cn/XzqhVersionPublish.html,2025-12-31
140728,平遥县,3,山西省/晋中市/平遥县,https://dmfw.mca.gov.cn/XzqhVersionPublish.html,2025-12-31
140729,灵石县,3,山西省/晋中市/灵石县,https://dmfw.mca.gov.cn/XzqhVersionPublish.html,2025-12-31
140781,介休市,3,山西省/晋中市/介休市,https://dmfw.mca.gov.cn/XzqhVersionPublish.html,2025-12-31
140800,运城市,2,山西省/运城市,https://dmfw.mca.gov.cn/XzqhVersionPublish.html,2025-12-31
140802,盐湖区,3,山西省/运城市/盐湖区,https://dmfw.mca.gov.cn/XzqhVersionPublish.html,2025-12-31
140821,临猗县,3,山西省/运城市/临猗县,https://dmfw.mca.gov.cn/XzqhVersionPublish.html,2025-12-31
140822,万荣县,3,山西省/运城市/万荣县,https://dmfw.mca.gov.cn/XzqhVersionPublish.html,2025-12-31
140823,闻喜县,3,山西省/运城市/闻喜县,https://dmfw.mca.gov.cn/XzqhVersionPublish.html,2025-12-31
140824,稷山县,3,山西省/运城市/稷山县,https://dmfw.mca.gov.cn/XzqhVersionPublish.html,2025-12-31
140825,新绛县,3,山西省/运城市/新绛县,https://dmfw.mca.gov.cn/XzqhVersionPublish.html,2025-12-31
140826,绛县,3,山西省/运城市/绛县,https://dmfw.mca.gov.cn/XzqhVersionPublish.html,2025-12-31
140827,垣曲县,3,山西省/运城市/垣曲县,https://dmfw.mca.gov.cn/XzqhVersionPublish.html,2025-12-31
140828,夏县,3,山西省/运城市/夏县,https://dmfw.mca.gov.cn/XzqhVersionPublish.html,2025-12-31
140829,平陆县,3,山西省/运城市/平陆县,https://dmfw.mca.gov.cn/XzqhVersionPublish.html,2025-12-31
140830,芮城县,3,山西省/运城市/芮城县,https://dmfw.mca.gov.cn/XzqhVersionPublish.html,2025-12-31
140881,永济市,3,山西省/运城市/永济市,https://dmfw.mca.gov.cn/XzqhVersionPublish.html,2025-12-31
140882,河津市,3,山西省/运城市/河津市,https://dmfw.mca.gov.cn/XzqhVersionPublish.html,2025-12-31
140900,忻州市,2,山西省/忻州市,https://dmfw.mca.gov.cn/XzqhVersionPublish.html,2025-12-31
140902,忻府区,3,山西省/忻州市/忻府区,https://dmfw.mca.gov.cn/XzqhVersionPublish.html,2025-12-31
140921,定襄县,3,山西省/忻州市/定襄县,https://dmfw.mca.gov.cn/XzqhVersionPublish.html,2025-12-31
140922,五台县,3,山西省/忻州市/五台县,https://dmfw.mca.gov.cn/XzqhVersionPublish.html,2025-12-31
140923,代县,3,山西省/忻州市/代县,https://dmfw.mca.gov.cn/XzqhVersionPublish.html,2025-12-31
140924,繁峙县,3,山西省/忻州市/繁峙县,https://dmfw.mca.gov.cn/XzqhVersionPublish.html,2025-12-31
140925,宁武县,3,山西省/忻州市/宁武县,https://dmfw.mca.gov.cn/XzqhVersionPublish.html,2025-12-31
140926,静乐县,3,山西省/忻州市/静乐县,https://dmfw.mca.gov.cn/XzqhVersionPublish.html,2025-12-31
140927,神池县,3,山西省/忻州市/神池县,https://dmfw.mca.gov.cn/XzqhVersionPublish.html,2025-12-31
140928,五寨县,3,山西省/忻州市/五寨县,https://dmfw.mca.gov.cn/XzqhVersionPublish.html,2025-12-31
140929,岢岚县,3,山西省/忻州市/岢岚县,https://dmfw.mca.gov.cn/XzqhVersionPublish.html,2025-12-31
140930,河曲县,3,山西省/忻州市/河曲县,https://dmfw.mca.gov.cn/XzqhVersionPublish.html,2025-12-31
140931,保德县,3,山西省/忻州市/保德县,https://dmfw.mca.gov.cn/XzqhVersionPublish.html,2025-12-31
140932,偏关县,3,山西省/忻州市/偏关县,https://dmfw.mca.gov.cn/XzqhVersionPublish.html,2025-12-31
140981,原平市,3,山西省/忻州市/原平市,https://dmfw.mca.gov.cn/XzqhVersionPublish.html,2025-12-31
141000,临汾市,2,山西省/临汾市,https://dmfw.mca.gov.cn/XzqhVersionPublish.html,2025-12-31
141002,尧都区,3,山西省/临汾市/尧都区,https://dmfw.mca.gov.cn/XzqhVersionPublish.html,2025-12-31
141021,曲沃县,3,山西省/临汾市/曲沃县,https://dmfw.mca.gov.cn/XzqhVersionPublish.html,2025-12-31
141022,翼城县,3,山西省/临汾市/翼城县,https://dmfw.mca.gov.cn/XzqhVersionPublish.html,2025-12-31
141023,襄汾县,3,山西省/临汾市/襄汾县,https://dmfw.mca.gov.cn/XzqhVersionPublish.html,2025-12-31
141024,洪洞县,3,山西省/临汾市/洪洞县,https://dmfw.mca.gov.cn/XzqhVersionPublish.html,2025-12-31
141025,古县,3,山西省/临汾市/古县,https://dmfw.mca.gov.cn/XzqhVersionPublish.html,2025-12-31
141026,安泽县,3,山西省/临汾市/安泽县,https://dmfw.mca.gov.cn/XzqhVersionPublish.html,2025-12-31
141027,浮山县,3,山西省/临汾市/浮山县,https://dmfw.mca.gov.cn/XzqhVersionPublish.html,2025-12-31
141028,吉县,3,山西省/临汾市/吉县,https://dmfw.mca.gov.cn/XzqhVersionPublish.html,2025-12-31
141029,乡宁县,3,山西省/临汾市/乡宁县,https://dmfw.mca.gov.cn/XzqhVersionPublish.html,2025-12-31
141030,大宁县,3,山西省/临汾市/大宁县,https://dmfw.mca.gov.cn/XzqhVersionPublish.html,2025-12-31
141031,隰县,3,山西省/临汾市/隰县,https://dmfw.mca.gov.cn/XzqhVersionPublish.html,2025-12-31
141032,永和县,3,山西省/临汾市/永和县,https://dmfw.mca.gov.cn/XzqhVersionPublish.html,2025-12-31
141033,蒲县,3,山西省/临汾市/蒲县,https://dmfw.mca.gov.cn/XzqhVersionPublish.html,2025-12-31
141034,汾西县,3,山西省/临汾市/汾西县,https://dmfw.mca.gov.cn/XzqhVersionPublish.html,2025-12-31
141081,侯马市,3,山西省/临汾市/侯马市,https://dmfw.mca.gov.cn/XzqhVersionPublish.html,2025-12-31
141082,霍州市,3,山西省/临汾市/霍州市,https://dmfw.mca.gov.cn/XzqhVersionPublish.html,2025-12-31
141100,吕梁市,2,山西省/吕梁市,https://dmfw.mca.gov.cn/XzqhVersionPublish.html,2025-12-31
141102,离石区,3,山西省/吕梁市/离石区,https://dmfw.mca.gov.cn/XzqhVersionPublish.html,2025-12-31
141121,文水县,3,山西省/吕梁市/文水县,https://dmfw.mca.gov.cn/XzqhVersionPublish.html,2025-12-31
141122,交城县,3,山西省/吕梁市/交城县,https://dmfw.mca.gov.cn/XzqhVersionPublish.html,2025-12-31
141123,兴县,3,山西省/吕梁市/兴县,https://dmfw.mca.gov.cn/XzqhVersionPublish.html,2025-12-31
141124,临县,3,山西省/吕梁市/临县,https://dmfw.mca.gov.cn/XzqhVersionPublish.html,2025-12-31
141125,柳林县,3,山西省/吕梁市/柳林县,https://dmfw.mca.gov.cn/XzqhVersionPublish.html,2025-12-31
141126,石楼县,3,山西省/吕梁市/石楼县,https://dmfw.mca.gov.cn/XzqhVersionPublish.html,2025-12-31
141127,岚县,3,山西省/吕梁市/岚县,https://dmfw.mca.gov.cn/XzqhVersionPublish.html,2025-12-31
141128,方山县,3,山西省/吕梁市/方山县,https://dmfw.mca.gov.cn/XzqhVersionPublish.html,2025-12-31
141129,中阳县,3,山西省/吕梁市/中阳县,https://dmfw.mca.gov.cn/XzqhVersionPublish.html,2025-12-31
141130,交口县,3,山西省/吕梁市/交口县,https://dmfw.mca.gov.cn/XzqhVersionPublish.html,2025-12-31
141181,孝义市,3,山西省/吕梁市/孝义市,https://dmfw.mca.gov.cn/XzqhVersionPublish.html,2025-12-31
141182,汾阳市,3,山西省/吕梁市/汾阳市,https://dmfw.mca.gov.cn/XzqhVersionPublish.html,2025-12-31
150000,内蒙古自治区,1,内蒙古自治区,https://dmfw.mca.gov.cn/XzqhVersionPublish.html,2025-12-31
150100,呼和浩特市,2,内蒙古自治区/呼和浩特市,https://dmfw.mca.gov.cn/XzqhVersionPublish.html,2025-12-31
150102,新城区,3,内蒙古自治区/呼和浩特市/新城区,https://dmfw.mca.gov.cn/XzqhVersionPublish.html,2025-12-31
150103,回民区,3,内蒙古自治区/呼和浩特市/回民区,https://dmfw.mca.gov.cn/XzqhVersionPublish.html,2025-12-31
150104,玉泉区,3,内蒙古自治区/呼和浩特市/玉泉区,https://dmfw.mca.gov.cn/XzqhVersionPublish.html,2025-12-31
150105,赛罕区,3,内蒙古自治区/呼和浩特市/赛罕区,https://dmfw.mca.gov.cn/XzqhVersionPublish.html,2025-12-31
150121,土默特左旗,3,内蒙古自治区/呼和浩特市/土默特左旗,https://dmfw.mca.gov.cn/XzqhVersionPublish.html,2025-12-31
150122,托克托县,3,内蒙古自治区/呼和浩特市/托克托县,https://dmfw.mca.gov.cn/XzqhVersionPublish.html,2025-12-31
150123,和林格尔县,3,内蒙古自治区/呼和浩特市/和林格尔县,https://dmfw.mca.gov.cn/XzqhVersionPublish.html,2025-12-31
150124,清水河县,3,内蒙古自治区/呼和浩特市/清水河县,https://dmfw.mca.gov.cn/XzqhVersionPublish.html,2025-12-31
150125,武川县,3,内蒙古自治区/呼和浩特市/武川县,https://dmfw.mca.gov.cn/XzqhVersionPublish.html,2025-12-31
150200,包头市,2,内蒙古自治区/包头市,https://dmfw.mca.gov.cn/XzqhVersionPublish.html,2025-12-31
150202,东河区,3,内蒙古自治区/包头市/东河区,https://dmfw.mca.gov.cn/XzqhVersionPublish.html,2025-12-31
150203,昆都仑区,3,内蒙古自治区/包头市/昆都仑区,https://dmfw.mca.gov.cn/XzqhVersionPublish.html,2025-12-31
150204,青山区,3,内蒙古自治区/包头市/青山区,https://dmfw.mca.gov.cn/XzqhVersionPublish.html,2025-12-31
150205,石拐区,3,内蒙古自治区/包头市/石拐区,https://dmfw.mca.gov.cn/XzqhVersionPublish.html,2025-12-31
150206,白云鄂博矿区,3,内蒙古自治区/包头市/白云鄂博矿区,https://dmfw.mca.gov.cn/XzqhVersionPublish.html,2025-12-31
150207,九原区,3,内蒙古自治区/包头市/九原区,https://dmfw.mca.gov.cn/XzqhVersionPublish.html,2025-12-31
150221,土默特右旗,3,内蒙古自治区/包头市/土默特右旗,https://dmfw.mca.gov.cn/XzqhVersionPublish.html,2025-12-31
150222,固阳县,3,内蒙古自治区/包头市/固阳县,https://dmfw.mca.gov.cn/XzqhVersionPublish.html,2025-12-31
150223,达尔罕茂明安联合旗,3,内蒙古自治区/包头市/达尔罕茂明安联合旗,https://dmfw.mca.gov.cn/XzqhVersionPublish.html,2025-12-31
150300,乌海市,2,内蒙古自治区/乌海市,https://dmfw.mca.gov.cn/XzqhVersionPublish.html,2025-12-31
150302,海勃湾区,3,内蒙古自治区/乌海市/海勃湾区,https://dmfw.mca.gov.cn/XzqhVersionPublish.html,2025-12-31
150303,海南区,3,内蒙古自治区/乌海市/海南区,https://dmfw.mca.gov.cn/XzqhVersionPublish.html,2025-12-31
150304,乌达区,3,内蒙古自治区/乌海市/乌达区,https://dmfw.mca.gov.cn/XzqhVersionPublish.html,2025-12-31
150400,赤峰市,2,内蒙古自治区/赤峰市,https://dmfw.mca.gov.cn/XzqhVersionPublish.html,2025-12-31
150402,红山区,3,内蒙古自治区/赤峰市/红山区,https://dmfw.mca.gov.cn/XzqhVersionPublish.html,2025-12-31
150403,元宝山区,3,内蒙古自治区/赤峰市/元宝山区,https://dmfw.mca.gov.cn/XzqhVersionPublish.html,2025-12-31
150404,松山区,3,内蒙古自治区/赤峰市/松山区,https://dmfw.mca.gov.cn/XzqhVersionPublish.html,2025-12-31
150421,阿鲁科尔沁旗,3,内蒙古自治区/赤峰市/阿鲁科尔沁旗,https://dmfw.mca.gov.cn/XzqhVersionPublish.html,2025-12-31
150422,巴林左旗,3,内蒙古自治区/赤峰市/巴林左旗,https://dmfw.mca.gov.cn/XzqhVersionPublish.html,2025-12-31
150423,巴林右旗,3,内蒙古自治区/赤峰市/巴林右旗,https://dmfw.mca.gov.cn/XzqhVersionPublish.html,2025-12-31
150424,林西县,3,内蒙古自治区/赤峰市/林西县,https://dmfw.mca.gov.cn/XzqhVersionPublish.html,2025-12-31
150425,克什克腾旗,3,内蒙古自治区/赤峰市/克什克腾旗,https://dmfw.mca.gov.cn/XzqhVersionPublish.html,2025-12-31
150426,翁牛特旗,3,内蒙古自治区/赤峰市/翁牛特旗,https://dmfw.mca.gov.cn/XzqhVersionPublish.html,2025-12-31
150428,喀喇沁旗,3,内蒙古自治区/赤峰市/喀喇沁旗,https://dmfw.mca.gov.cn/XzqhVersionPublish.html,2025-12-31
150429,宁城县,3,内蒙古自治区/赤峰市/宁城县,https://dmfw.mca.gov.cn/XzqhVersionPublish.html,2025-12-31
150430,敖汉旗,3,内蒙古自治区/赤峰市/敖汉旗,https://dmfw.mca.gov.cn/XzqhVersionPublish.html,2025-12-31
150500,通辽市,2,内蒙古自治区/通辽市,https://dmfw.mca.gov.cn/XzqhVersionPublish.html,2025-12-31
150502,科尔沁区,3,内蒙古自治区/通辽市/科尔沁区,https://dmfw.mca.gov.cn/XzqhVersionPublish.html,2025-12-31
150521,科尔沁左翼中旗,3,内蒙古自治区/通辽市/科尔沁左翼中旗,https://dmfw.mca.gov.cn/XzqhVersionPublish.html,2025-12-31
150522,科尔沁左翼后旗,3,内蒙古自治区/通辽市/科尔沁左翼后旗,https://dmfw.mca.gov.cn/XzqhVersionPublish.html,2025-12-31
150523,开鲁县,3,内蒙古自治区/通辽市/开鲁县,https://dmfw.mca.gov.cn/XzqhVersionPublish.html,2025-12-31
150524,库伦旗,3,内蒙古自治区/通辽市/库伦旗,https://dmfw.mca.gov.cn/XzqhVersionPublish.html,2025-12-31
150525,奈曼旗,3,内蒙古自治区/通辽市/奈曼旗,https://dmfw.mca.gov.cn/XzqhVersionPublish.html,2025-12-31
150526,扎鲁特旗,3,内蒙古自治区/通辽市/扎鲁特旗,https://dmfw.mca.gov.cn/XzqhVersionPublish.html,2025-12-31
150581,霍林郭勒市,3,内蒙古自治区/通辽市/霍林郭勒市,https://dmfw.mca.gov.cn/XzqhVersionPublish.html,2025-12-31
150600,鄂尔多斯市,2,内蒙古自治区/鄂尔多斯市,https://dmfw.mca.gov.cn/XzqhVersionPublish.html,2025-12-31
150602,东胜区,3,内蒙古自治区/鄂尔多斯市/东胜区,https://dmfw.mca.gov.cn/XzqhVersionPublish.html,2025-12-31
150603,康巴什区,3,内蒙古自治区/鄂尔多斯市/康巴什区,https://dmfw.mca.gov.cn/XzqhVersionPublish.html,2025-12-31
150621,达拉特旗,3,内蒙古自治区/鄂尔多斯市/达拉特旗,https://dmfw.mca.gov.cn/XzqhVersionPublish.html,2025-12-31
150622,准格尔旗,3,内蒙古自治区/鄂尔多斯市/准格尔旗,https://dmfw.mca.gov.cn/XzqhVersionPublish.html,2025-12-31
150623,鄂托克前旗,3,内蒙古自治区/鄂尔多斯市/鄂托克前旗,https://dmfw.mca.gov.cn/XzqhVersionPublish.html,2025-12-31
150624,鄂托克旗,3,内蒙古自治区/鄂尔多斯市/鄂托克旗,https://dmfw.mca.gov.cn/XzqhVersionPublish.html,2025-12-31
150625,杭锦旗,3,内蒙古自治区/鄂尔多斯市/杭锦旗,https://dmfw.mca.gov.cn/XzqhVersionPublish.html,2025-12-31
150626,乌审旗,3,内蒙古自治区/鄂尔多斯市/乌审旗,https://dmfw.mca.gov.cn/XzqhVersionPublish.html,2025-12-31
150627,伊金霍洛旗,3,内蒙古自治区/鄂尔多斯市/伊金霍洛旗,https://dmfw.mca.gov.cn/XzqhVersionPublish.html,2025-12-31
150700,呼伦贝尔市,2,内蒙古自治区/呼伦贝尔市,https://dmfw.mca.gov.cn/XzqhVersionPublish.html,2025-12-31
150702,海拉尔区,3,内蒙古自治区/呼伦贝尔市/海拉尔区,https://dmfw.mca.gov.cn/XzqhVersionPublish.html,2025-12-31
150703,扎赉诺尔区,3,内蒙古自治区/呼伦贝尔市/扎赉诺尔区,https://dmfw.mca.gov.cn/XzqhVersionPublish.html,2025-12-31
150721,阿荣旗,3,内蒙古自治区/呼伦贝尔市/阿荣旗,https://dmfw.mca.gov.cn/XzqhVersionPublish.html,2025-12-31
150722,莫力达瓦达斡尔族自治旗,3,内蒙古自治区/呼伦贝尔市/莫力达瓦达斡尔族自治旗,https://dmfw.mca.gov.cn/XzqhVersionPublish.html,2025-12-31
150723,鄂伦春自治旗,3,内蒙古自治区/呼伦贝尔市/鄂伦春自治旗,https://dmfw.mca.gov.cn/XzqhVersionPublish.html,2025-12-31
150724,鄂温克族自治旗,3,内蒙古自治区/呼伦贝尔市/鄂温克族自治旗,https://dmfw.mca.gov.cn/XzqhVersionPublish.html,2025-12-31
150725,陈巴尔虎旗,3,内蒙古自治区/呼伦贝尔市/陈巴尔虎旗,https://dmfw.mca.gov.cn/XzqhVersionPublish.html,2025-12-31
150726,新巴尔虎左旗,3,内蒙古自治区/呼伦贝尔市/新巴尔虎左旗,https://dmfw.mca.gov.cn/XzqhVersionPublish.html,2025-12-31
150727,新巴尔虎右旗,3,内蒙古自治区/呼伦贝尔市/新巴尔虎右旗,https://dmfw.mca.gov.cn/XzqhVersionPublish.html,2025-12-31
150781,满洲里市,3,内蒙古自治区/呼伦贝尔市/满洲里市,https://dmfw.mca.gov.cn/XzqhVersionPublish.html,2025-12-31
150782,牙克石市,3,内蒙古自治区/呼伦贝尔市/牙克石市,https://dmfw.mca.gov.cn/XzqhVersionPublish.html,2025-12-31
150783,扎兰屯市,3,内蒙古自治区/呼伦贝尔市/扎兰屯市,https://dmfw.mca.gov.cn/XzqhVersionPublish.html,2025-12-31
150784,额尔古纳市,3,内蒙古自治区/呼伦贝尔市/额尔古纳市,https://dmfw.mca.gov.cn/XzqhVersionPublish.html,2025-12-31
150785,根河市,3,内蒙古自治区/呼伦贝尔市/根河市,https://dmfw.mca.gov.cn/XzqhVersionPublish.html,2025-12-31
150800,巴彦淖尔市,2,内蒙古自治区/巴彦淖尔市,https://dmfw.mca.gov.cn/XzqhVersionPublish.html,2025-12-31
150802,临河区,3,内蒙古自治区/巴彦淖尔市/临河区,https://dmfw.mca.gov.cn/XzqhVersionPublish.html,2025-12-31
150821,五原县,3,内蒙古自治区/巴彦淖尔市/五原县,https://dmfw.mca.gov.cn/XzqhVersionPublish.html,2025-12-31
150822,磴口县,3,内蒙古自治区/巴彦淖尔市/磴口县,https://dmfw.mca.gov.cn/XzqhVersionPublish.html,2025-12-31
150823,乌拉特前旗,3,内蒙古自治区/巴彦淖尔市/乌拉特前旗,https://dmfw.mca.gov.cn/XzqhVersionPublish.html,2025-12-31
150824,乌拉特中旗,3,内蒙古自治区/巴彦淖尔市/乌拉特中旗,https://dmfw.mca.gov.cn/XzqhVersionPublish.html,2025-12-31
150825,乌拉特后旗,3,内蒙古自治区/巴彦淖尔市/乌拉特后旗,https://dmfw.mca.gov.cn/XzqhVersionPublish.html,2025-12-31
150826,杭锦后旗,3,内蒙古自治区/巴彦淖尔市/杭锦后旗,https://dmfw.mca.gov.cn/XzqhVersionPublish.html,2025-12-31
150900,乌兰察布市,2,内蒙古自治区/乌兰察布市,https://dmfw.mca.gov.cn/XzqhVersionPublish.html,2025-12-31
150902,集宁区,3,内蒙古自治区/乌兰察布市/集宁区,https://dmfw.mca.gov.cn/XzqhVersionPublish.html,2025-12-31
150921,卓资县,3,内蒙古自治区/乌兰察布市/卓资县,https://dmfw.mca.gov.cn/XzqhVersionPublish.html,2025-12-31
150922,化德县,3,内蒙古自治区/乌兰察布市/化德县,https://dmfw.mca.gov.cn/XzqhVersionPublish.html,2025-12-31
150923,商都县,3,内蒙古自治区/乌兰察布市/商都县,https://dmfw.mca.gov.cn/XzqhVersionPublish.html,2025-12-31
150924,兴和县,3,内蒙古自治区/乌兰察布市/兴和县,https://dmfw.mca.gov.cn/XzqhVersionPublish.html,2025-12-31
150925,凉城县,3,内蒙古自治区/乌兰察布市/凉城县,https://dmfw.mca.gov.cn/XzqhVersionPublish.html,2025-12-31
150926,察哈尔右翼前旗,3,内蒙古自治区/乌兰察布市/察哈尔右翼前旗,https://dmfw.mca.gov.cn/XzqhVersionPublish.html,2025-12-31
150927,察哈尔右翼中旗,3,内蒙古自治区/乌兰察布市/察哈尔右翼中旗,https://dmfw.mca.gov.cn/XzqhVersionPublish.html,2025-12-31
150928,察哈尔右翼后旗,3,内蒙古自治区/乌兰察布市/察哈尔右翼后旗,https://dmfw.mca.gov.cn/XzqhVersionPublish.html,2025-12-31
150929,四子王旗,3,内蒙古自治区/乌兰察布市/四子王旗,https://dmfw.mca.gov.cn/XzqhVersionPublish.html,2025-12-31
150981,丰镇市,3,内蒙古自治区/乌兰察布市/丰镇市,https://dmfw.mca.gov.cn/XzqhVersionPublish.html,2025-12-31
152200,兴安盟,2,内蒙古自治区/兴安盟,https://dmfw.mca.gov.cn/XzqhVersionPublish.html,2025-12-31
152201,乌兰浩特市,3,内蒙古自治区/兴安盟/乌兰浩特市,https://dmfw.mca.gov.cn/XzqhVersionPublish.html,2025-12-31
152202,阿尔山市,3,内蒙古自治区/兴安盟/阿尔山市,https://dmfw.mca.gov.cn/XzqhVersionPublish.html,2025-12-31
152221,科尔沁右翼前旗,3,内蒙古自治区/兴安盟/科尔沁右翼前旗,https://dmfw.mca.gov.cn/XzqhVersionPublish.html,2025-12-31
152222,科尔沁右翼中旗,3,内蒙古自治区/兴安盟/科尔沁右翼中旗,https://dmfw.mca.gov.cn/XzqhVersionPublish.html,2025-12-31
152223,扎赉特旗,3,内蒙古自治区/兴安盟/扎赉特旗,https://dmfw.mca.gov.cn/XzqhVersionPublish.html,2025-12-31
152224,突泉县,3,内蒙古自治区/兴安盟/突泉县,https://dmfw.mca.gov.cn/XzqhVersionPublish.html,2025-12-31
152500,锡林郭勒盟,2,内蒙古自治区/锡林郭勒盟,https://dmfw.mca.gov.cn/XzqhVersionPublish.html,2025-12-31
152501,二连浩特市,3,内蒙古自治区/锡林郭勒盟/二连浩特市,https://dmfw.mca.gov.cn/XzqhVersionPublish.html,2025-12-31
152502,锡林浩特市,3,内蒙古自治区/锡林郭勒盟/锡林浩特市,https://dmfw.mca.gov.cn/XzqhVersionPublish.html,2025-12-31
152522,阿巴嘎旗,3,内蒙古自治区/锡林郭勒盟/阿巴嘎旗,https://dmfw.mca.gov.cn/XzqhVersionPublish.html,2025-12-31
152523,苏尼特左旗,3,内蒙古自治区/锡林郭勒盟/苏尼特左旗,https://dmfw.mca.gov.cn/XzqhVersionPublish.html,2025-12-31
152524,苏尼特右旗,3,内蒙古自治区/锡林郭勒盟/苏尼特右旗,https://dmfw.mca.gov.cn/XzqhVersionPublish.html,2025-12-31
152525,东乌珠穆沁旗,3,内蒙古自治区/锡林郭勒盟/东乌珠穆沁旗,https://dmfw.mca.gov.cn/XzqhVersionPublish.html,2025-12-31
152526,西乌珠穆沁旗,3,内蒙古自治区/锡林郭勒盟/西乌珠穆沁旗,https://dmfw.mca.gov.cn/XzqhVersionPublish.html,2025-12-31
152527,太仆寺旗,3,内蒙古自治区/锡林郭勒盟/太仆寺旗,https://dmfw.mca.gov.cn/XzqhVersionPublish.html,2025-12-31
152528,镶黄旗,3,内蒙古自治区/锡林郭勒盟/镶黄旗,https://dmfw.mca.gov.cn/XzqhVersionPublish.html,2025-12-31
152529,正镶白旗,3,内蒙古自治区/锡林郭勒盟/正镶白旗,https://dmfw.mca.gov.cn/XzqhVersionPublish.html,2025-12-31
152530,正蓝旗,3,内蒙古自治区/锡林郭勒盟/正蓝旗,https://dmfw.mca.gov.cn/XzqhVersionPublish.html,2025-12-31
152531,多伦县,3,内蒙古自治区/锡林郭勒盟/多伦县,https://dmfw.mca.gov.cn/XzqhVersionPublish.html,2025-12-31
152900,阿拉善盟,2,内蒙古自治区/阿拉善盟,https://dmfw.mca.gov.cn/XzqhVersionPublish.html,2025-12-31
152921,阿拉善左旗,3,内蒙古自治区/阿拉善盟/阿拉善左旗,https://dmfw.mca.gov.cn/XzqhVersionPublish.html,2025-12-31
152922,阿拉善右旗,3,内蒙古自治区/阿拉善盟/阿拉善右旗,https://dmfw.mca.gov.cn/XzqhVersionPublish.html,2025-12-31
152923,额济纳旗,3,内蒙古自治区/阿拉善盟/额济纳旗,https://dmfw.mca.gov.cn/XzqhVersionPublish.html,2025-12-31
210000,辽宁省,1,辽宁省,https://dmfw.mca.gov.cn/XzqhVersionPublish.html,2025-12-31
210100,沈阳市,2,辽宁省/沈阳市,https://dmfw.mca.gov.cn/XzqhVersionPublish.html,2025-12-31
210102,和平区,3,辽宁省/沈阳市/和平区,https://dmfw.mca.gov.cn/XzqhVersionPublish.html,2025-12-31
210103,沈河区,3,辽宁省/沈阳市/沈河区,https://dmfw.mca.gov.cn/XzqhVersionPublish.html,2025-12-31
210104,大东区,3,辽宁省/沈阳市/大东区,https://dmfw.mca.gov.cn/XzqhVersionPublish.html,2025-12-31
210105,皇姑区,3,辽宁省/沈阳市/皇姑区,https://dmfw.mca.gov.cn/XzqhVersionPublish.html,2025-12-31
210106,铁西区,3,辽宁省/沈阳市/铁西区,https://dmfw.mca.gov.cn/XzqhVersionPublish.html,2025-12-31
210111,苏家屯区,3,辽宁省/沈阳市/苏家屯区,https://dmfw.mca.gov.cn/XzqhVersionPublish.html,2025-12-31
210112,浑南区,3,辽宁省/沈阳市/浑南区,https://dmfw.mca.gov.cn/XzqhVersionPublish.html,2025-12-31
210113,沈北新区,3,辽宁省/沈阳市/沈北新区,https://dmfw.mca.gov.cn/XzqhVersionPublish.html,2025-12-31
210114,于洪区,3,辽宁省/沈阳市/于洪区,https://dmfw.mca.gov.cn/XzqhVersionPublish.html,2025-12-31
210115,辽中区,3,辽宁省/沈阳市/辽中区,https://dmfw.mca.gov.cn/XzqhVersionPublish.html,2025-12-31
210123,康平县,3,辽宁省/沈阳市/康平县,https://dmfw.mca.gov.cn/XzqhVersionPublish.html,2025-12-31
210124,法库县,3,辽宁省/沈阳市/法库县,https://dmfw.mca.gov.cn/XzqhVersionPublish.html,2025-12-31
210181,新民市,3,辽宁省/沈阳市/新民市,https://dmfw.mca.gov.cn/XzqhVersionPublish.html,2025-12-31
210200,大连市,2,辽宁省/大连市,https://dmfw.mca.gov.cn/XzqhVersionPublish.html,2025-12-31
210202,中山区,3,辽宁省/大连市/中山区,https://dmfw.mca.gov.cn/XzqhVersionPublish.html,2025-12-31
210203,西岗区,3,辽宁省/大连市/西岗区,https://dmfw.mca.gov.cn/XzqhVersionPublish.html,2025-12-31
210204,沙河口区,3,辽宁省/大连市/沙河口区,https://dmfw.mca.gov.cn/XzqhVersionPublish.html,2025-12-31
210211,甘井子区,3,辽宁省/大连市/甘井子区,https://dmfw.mca.gov.cn/XzqhVersionPublish.html,2025-12-31
210212,旅顺口区,3,辽宁省/大连市/旅顺口区,https://dmfw.mca.gov.cn/XzqhVersionPublish.html,2025-12-31
210213,金州区,3,辽宁省/大连市/金州区,https://dmfw.mca.gov.cn/XzqhVersionPublish.html,2025-12-31
210214,普兰店区,3,辽宁省/大连市/普兰店区,https://dmfw.mca.gov.cn/XzqhVersionPublish.html,2025-12-31
210224,长海县,3,辽宁省/大连市/长海县,https://dmfw.mca.gov.cn/XzqhVersionPublish.html,2025-12-31
210281,瓦房店市,3,辽宁省/大连市/瓦房店市,https://dmfw.mca.gov.cn/XzqhVersionPublish.html,2025-12-31
210283,庄河市,3,辽宁省/大连市/庄河市,https://dmfw.mca.gov.cn/XzqhVersionPublish.html,2025-12-31
210300,鞍山市,2,辽宁省/鞍山市,https://dmfw.mca.gov.cn/XzqhVersionPublish.html,2025-12-31
210302,铁东区,3,辽宁省/鞍山市/铁东区,https://dmfw.mca.gov.cn/XzqhVersionPublish.html,2025-12-31
210303,铁西区,3,辽宁省/鞍山市/铁西区,https://dmfw.mca.gov.cn/XzqhVersionPublish.html,2025-12-31
210304,立山区,3,辽宁省/鞍山市/立山区,https://dmfw.mca.gov.cn/XzqhVersionPublish.html,2025-12-31
210311,千山区,3,辽宁省/鞍山市/千山区,https://dmfw.mca.gov.cn/XzqhVersionPublish.html,2025-12-31
210321,台安县,3,辽宁省/鞍山市/台安县,https://dmfw.mca.gov.cn/XzqhVersionPublish.html,2025-12-31
210323,岫岩满族自治县,3,辽宁省/鞍山市/岫岩满族自治县,https://dmfw.mca.gov.cn/XzqhVersionPublish.html,2025-12-31
210381,海城市,3,辽宁省/鞍山市/海城市,https://dmfw.mca.gov.cn/XzqhVersionPublish.html,2025-12-31
210400,抚顺市,2,辽宁省/抚顺市,https://dmfw.mca.gov.cn/XzqhVersionPublish.html,2025-12-31
210402,新抚区,3,辽宁省/抚顺市/新抚区,https://dmfw.mca.gov.cn/XzqhVersionPublish.html,2025-12-31
210403,东洲区,3,辽宁省/抚顺市/东洲区,https://dmfw.mca.gov.cn/XzqhVersionPublish.html,2025-12-31
210404,望花区,3,辽宁省/抚顺市/望花区,https://dmfw.mca.gov.cn/XzqhVersionPublish.html,2025-12-31
210411,顺城区,3,辽宁省/抚顺市/顺城区,https://dmfw.mca.gov.cn/XzqhVersionPublish.html,2025-12-31
210421,抚顺县,3,辽宁省/抚顺市/抚顺县,https://dmfw.mca.gov.cn/XzqhVersionPublish.html,2025-12-31
210422,新宾满族自治县,3,辽宁省/抚顺市/新宾满族自治县,https://dmfw.mca.gov.cn/XzqhVersionPublish.html,2025-12-31
210423,清原满族自治县,3,辽宁省/抚顺市/清原满族自治县,https://dmfw.mca.gov.cn/XzqhVersionPublish.html,2025-12-31
210500,本溪市,2,辽宁省/本溪市,https://dmfw.mca.gov.cn/XzqhVersionPublish.html,2025-12-31
210502,平山区,3,辽宁省/本溪市/平山区,https://dmfw.mca.gov.cn/XzqhVersionPublish.html,2025-12-31
210503,溪湖区,3,辽宁省/本溪市/溪湖区,https://dmfw.mca.gov.cn/XzqhVersionPublish.html,2025-12-31
210504,明山区,3,辽宁省/本溪市/明山区,https://dmfw.mca.gov.cn/XzqhVersionPublish.html,2025-12-31
210505,南芬区,3,辽宁省/本溪市/南芬区,https://dmfw.mca.gov.cn/XzqhVersionPublish.html,2025-12-31
210521,本溪满族自治县,3,辽宁省/本溪市/本溪满族自治县,https://dmfw.mca.gov.cn/XzqhVersionPublish.html,2025-12-31
210522,桓仁满族自治县,3,辽宁省/本溪市/桓仁满族自治县,https://dmfw.mca.gov.cn/XzqhVersionPublish.html,2025-12-31
210600,丹东市,2,辽宁省/丹东市,https://dmfw.mca.gov.cn/XzqhVersionPublish.html,2025-12-31
210602,元宝区,3,辽宁省/丹东市/元宝区,https://dmfw.mca.gov.cn/XzqhVersionPublish.html,2025-12-31
210603,振兴区,3,辽宁省/丹东市/振兴区,https://dmfw.mca.gov.cn/XzqhVersionPublish.html,2025-12-31
210604,振安区,3,辽宁省/丹东市/振安区,https://dmfw.mca.gov.cn/XzqhVersionPublish.html,2025-12-31
210624,宽甸满族自治县,3,辽宁省/丹东市/宽甸满族自治县,https://dmfw.mca.gov.cn/XzqhVersionPublish.html,2025-12-31
210681,东港市,3,辽宁省/丹东市/东港市,https://dmfw.mca.gov.cn/XzqhVersionPublish.html,2025-12-31
210682,凤城市,3,辽宁省/丹东市/凤城市,https://dmfw.mca.gov.cn/XzqhVersionPublish.html,2025-12-31
210700,锦州市,2,辽宁省/锦州市,https://dmfw.mca.gov.cn/XzqhVersionPublish.html,2025-12-31
210702,古塔区,3,辽宁省/锦州市/古塔区,https://dmfw.mca.gov.cn/XzqhVersionPublish.html,2025-12-31
210703,凌河区,3,辽宁省/锦州市/凌河区,https://dmfw.mca.gov.cn/XzqhVersionPublish.html,2025-12-31
210711,太和区,3,辽宁省/锦州市/太和区,https://dmfw.mca.gov.cn/XzqhVersionPublish.html,2025-12-31
210726,黑山县,3,辽宁省/锦州市/黑山县,https://dmfw.mca.gov.cn/XzqhVersionPublish.html,2025-12-31
210727,义县,3,辽宁省/锦州市/义县,https://dmfw.mca.gov.cn/XzqhVersionPublish.html,2025-12-31
210781,凌海市,3,辽宁省/锦州市/凌海市,https://dmfw.mca.gov.cn/XzqhVersionPublish.html,2025-12-31
210782,北镇市,3,辽宁省/锦州市/北镇市,https://dmfw.mca.gov.cn/XzqhVersionPublish.html,2025-12-31
210800,营口市,2,辽宁省/营口市,https://dmfw.mca.gov.cn/XzqhVersionPublish.html,2025-12-31
210802,站前区,3,辽宁省/营口市/站前区,https://dmfw.mca.gov.cn/XzqhVersionPublish.html,2025-12-31
210803,西市区,3,辽宁省/营口市/西市区,https://dmfw.mca.gov.cn/XzqhVersionPublish.html,2025-12-31
210804,鲅鱼圈区,3,辽宁省/营口市/鲅鱼圈区,https://dmfw.mca.gov.cn/XzqhVersionPublish.html,2025-12-31
210811,老边区,3,辽宁省/营口市/老边区,https://dmfw.mca.gov.cn/XzqhVersionPublish.html,2025-12-31
210881,盖州市,3,辽宁省/营口市/盖州市,https://dmfw.mca.gov.cn/XzqhVersionPublish.html,2025-12-31
210882,大石桥市,3,辽宁省/营口市/大石桥市,https://dmfw.mca.gov.cn/XzqhVersionPublish.html,2025-12-31
210900,阜新市,2,辽宁省/阜新市,https://dmfw.mca.gov.cn/XzqhVersionPublish.html,2025-12-31
210902,海州区,3,辽宁省/阜新市/海州区,https://dmfw.mca.gov.cn/XzqhVersionPublish.html,2025-12-31
210903,新邱区,3,辽宁省/阜新市/新邱区,https://dmfw.mca.gov.cn/XzqhVersionPublish.html,2025-12-31
210904,太平区,3,辽宁省/阜新市/太平区,https://dmfw.mca.gov.cn/XzqhVersionPublish.html,2025-12-31
210905,清河门区,3,辽宁省/阜新市/清河门区,https://dmfw.mca.gov.cn/XzqhVersionPublish.html,2025-12-31
210911,细河区,3,辽宁省/阜新市/细河区,https://dmfw.mca.gov.cn/XzqhVersionPublish.html,2025-12-31
210921,阜新蒙古族自治县,3,辽宁省/阜新市/阜新蒙古族自治县,https://dmfw.mca.gov.cn/XzqhVersionPublish.html,2025-12-31
210922,彰武县,3,辽宁省/阜新市/彰武县,https://dmfw.mca.gov.cn/XzqhVersionPublish.html,2025-12-31
211000,辽阳市,2,辽宁省/辽阳市,https://dmfw.mca.gov.cn/XzqhVersionPublish.html,2025-12-31
211002,白塔区,3,辽宁省/辽阳市/白塔区,https://dmfw.mca.gov.cn/XzqhVersionPublish.html,2025-12-31
211003,文圣区,3,辽宁省/辽阳市/文圣区,https://dmfw.mca.gov.cn/XzqhVersionPublish.html,2025-12-31
211004,宏伟区,3,辽宁省/辽阳市/宏伟区,https://dmfw.mca.gov.cn/XzqhVersionPublish.html,2025-12-31
211005,弓长岭区,3,辽宁省/辽阳市/弓长岭区,https://dmfw.mca.gov.cn/XzqhVersionPublish.html,2025-12-31
211011,太子河区,3,辽宁省/辽阳市/太子河区,https://dmfw.mca.gov.cn/XzqhVersionPublish.html,2025-12-31
211021,辽阳县,3,辽宁省/辽阳市/辽阳县,https://dmfw.mca.gov.cn/XzqhVersionPublish.html,2025-12-31
211081,灯塔市,3,辽宁省/辽阳市/灯塔市,https://dmfw.mca.gov.cn/XzqhVersionPublish.html,2025-12-31
211100,盘锦市,2,辽宁省/盘锦市,https://dmfw.mca.gov.cn/XzqhVersionPublish.html,2025-12-31
211102,双台子区,3,辽宁省/盘锦市/双台子区,https://dmfw.mca.gov.cn/XzqhVersionPublish.html,2025-12-31
211103,兴隆台区,3,辽宁省/盘锦市/兴隆台区,https://dmfw.mca.gov.cn/XzqhVersionPublish.html,2025-12-31
211104,大洼区,3,辽宁省/盘锦市/大洼区,https://dmfw.mca.gov.cn/XzqhVersionPublish.html,2025-12-31
211122,盘山县,3,辽宁省/盘锦市/盘山县,https://dmfw.mca.gov.cn/XzqhVersionPublish.html,2025-12-31
211200,铁岭市,2,辽宁省/铁岭市,https://dmfw.mca.gov.cn/XzqhVersionPublish.html,2025-12-31
211202,银州区,3,辽宁省/铁岭市/银州区,https://dmfw.mca.gov.cn/XzqhVersionPublish.html,2025-12-31
211204,清河区,3,辽宁省/铁岭市/清河区,https://dmfw.mca.gov.cn/XzqhVersionPublish.html,2025-12-31
211221,铁岭县,3,辽宁省/铁岭市/铁岭县,https://dmfw.mca.gov.cn/XzqhVersionPublish.html,2025-12-31
211223,西丰县,3,辽宁省/铁岭市/西丰县,https://dmfw.mca.gov.cn/XzqhVersionPublish.html,2025-12-31
211224,昌图县,3,辽宁省/铁岭市/昌图县,https://dmfw.mca.gov.cn/XzqhVersionPublish.html,2025-12-31
211281,调兵山市,3,辽宁省/铁岭市/调兵山市,https://dmfw.mca.gov.cn/XzqhVersionPublish.html,2025-12-31
211282,开原市,3,辽宁省/铁岭市/开原市,https://dmfw.mca.gov.cn/XzqhVersionPublish.html,2025-12-31
211300,朝阳市,2,辽宁省/朝阳市,https://dmfw.mca.gov.cn/XzqhVersionPublish.html,2025-12-31
211302,双塔区,3,辽宁省/朝阳市/双塔区,https://dmfw.mca.gov.cn/XzqhVersionPublish.html,2025-12-31
211303,龙城区,3,辽宁省/朝阳市/龙城区,https://dmfw.mca.gov.cn/XzqhVersionPublish.html,2025-12-31
211321,朝阳县,3,辽宁省/朝阳市/朝阳县,https://dmfw.mca.gov.cn/XzqhVersionPublish.html,2025-12-31
211322,建平县,3,辽宁省/朝阳市/建平县,https://dmfw.mca.gov.cn/XzqhVersionPublish.html,2025-12-31
211324,喀喇沁左翼蒙古族自治县,3,辽宁省/朝阳市/喀喇沁左翼蒙古族自治县,https://dmfw.mca.gov.cn/XzqhVersionPublish.html,2025-12-31
211381,北票市,3,辽宁省/朝阳市/北票市,https://dmfw.mca.gov.cn/XzqhVersionPublish.html,2025-12-31
211382,凌源市,3,辽宁省/朝阳市/凌源市,https://dmfw.mca.gov.cn/XzqhVersionPublish.html,2025-12-31
211400,葫芦岛市,2,辽宁省/葫芦岛市,https://dmfw.mca.gov.cn/XzqhVersionPublish.html,2025-12-31
211402,连山区,3,辽宁省/葫芦岛市/连山区,https://dmfw.mca.gov.cn/XzqhVersionPublish.html,2025-12-31
211403,龙港区,3,辽宁省/葫芦岛市/龙港区,https://dmfw.mca.gov.cn/XzqhVersionPublish.html,2025-12-31
211404,南票区,3,辽宁省/葫芦岛市/南票区,https://dmfw.mca.gov.cn/XzqhVersionPublish.html,2025-12-31
211421,绥中县,3,辽宁省/葫芦岛市/绥中县,https://dmfw.mca.gov.cn/XzqhVersionPublish.html,2025-12-31
211422,建昌县,3,辽宁省/葫芦岛市/建昌县,https://dmfw.mca.gov.cn/XzqhVersionPublish.html,2025-12-31
211481,兴城市,3,辽宁省/葫芦岛市/兴城市,https://dmfw.mca.gov.cn/XzqhVersionPublish.html,2025-12-31
220000,吉林省,1,吉林省,https://dmfw.mca.gov.cn/XzqhVersionPublish.html,2025-12-31
220100,长春市,2,吉林省/长春市,https://dmfw.mca.gov.cn/XzqhVersionPublish.html,2025-12-31
220102,南关区,3,吉林省/长春市/南关区,https://dmfw.mca.gov.cn/XzqhVersionPublish.html,2025-12-31
220103,宽城区,3,吉林省/长春市/宽城区,https://dmfw.mca.gov.cn/XzqhVersionPublish.html,2025-12-31
220104,朝阳区,3,吉林省/长春市/朝阳区,https://dmfw.mca.gov.cn/XzqhVersionPublish.html,2025-12-31
220105,二道区,3,吉林省/长春市/二道区,https://dmfw.mca.gov.cn/XzqhVersionPublish.html,2025-12-31
220106,绿园区,3,吉林省/长春市/绿园区,https://dmfw.mca.gov.cn/XzqhVersionPublish.html,2025-12-31
220112,双阳区,3,吉林省/长春市/双阳区,https://dmfw.mca.gov.cn/XzqhVersionPublish.html,2025-12-31
220113,九台区,3,吉林省/长春市/九台区,https://dmfw.mca.gov.cn/XzqhVersionPublish.html,2025-12-31
220122,农安县,3,吉林省/长春市/农安县,https://dmfw.mca.gov.cn/XzqhVersionPublish.html,2025-12-31
220182,榆树市,3,吉林省/长春市/榆树市,https://dmfw.mca.gov.cn/XzqhVersionPublish.html,2025-12-31
220183,德惠市,3,吉林省/长春市/德惠市,https://dmfw.mca.gov.cn/XzqhVersionPublish.html,2025-12-31
220184,公主岭市,3,吉林省/长春市/公主岭市,https://dmfw.mca.gov.cn/XzqhVersionPublish.html,2025-12-31
220200,吉林市,2,吉林省/吉林市,https://dmfw.mca.gov.cn/XzqhVersionPublish.html,2025-12-31
220202,昌邑区,3,吉林省/吉林市/昌邑区,https://dmfw.mca.gov.cn/XzqhVersionPublish.html,2025-12-31
220203,龙潭区,3,吉林省/吉林市/龙潭区,https://dmfw.mca.gov.cn/XzqhVersionPublish.html,2025-12-31
220204,船营区,3,吉林省/吉林市/船营区,https://dmfw.mca.gov.cn/XzqhVersionPublish.html,2025-12-31
220211,丰满区,3,吉林省/吉林市/丰满区,https://dmfw.mca.gov.cn/XzqhVersionPublish.html,2025-12-31
220221,永吉县,3,吉林省/吉林市/永吉县,https://dmfw.mca.gov.cn/XzqhVersionPublish.html,2025-12-31
220281,蛟河市,3,吉林省/吉林市/蛟河市,https://dmfw.mca.gov.cn/XzqhVersionPublish.html,2025-12-31
220282,桦甸市,3,吉林省/吉林市/桦甸市,https://dmfw.mca.gov.cn/XzqhVersionPublish.html,2025-12-31
220283,舒兰市,3,吉林省/吉林市/舒兰市,https://dmfw.mca.gov.cn/XzqhVersionPublish.html,2025-12-31
220284,磐石市,3,吉林省/吉林市/磐石市,https://dmfw.mca.gov.cn/XzqhVersionPublish.html,2025-12-31
220300,四平市,2,吉林省/四平市,https://dmfw.mca.gov.cn/XzqhVersionPublish.html,2025-12-31
220302,铁西区,3,吉林省/四平市/铁西区,https://dmfw.mca.gov.cn/XzqhVersionPublish.html,2025-12-31
220303,铁东区,3,吉林省/四平市/铁东区,https://dmfw.mca.gov.cn/XzqhVersionPublish.html,2025-12-31
220322,梨树县,3,吉林省/四平市/梨树县,https://dmfw.mca.gov.cn/XzqhVersionPublish.html,2025-12-31
220323,伊通满族自治县,3,吉林省/四平市/伊通满族自治县,https://dmfw.mca.gov.cn/XzqhVersionPublish.html,2025-12-31
220382,双辽市,3,吉林省/四平市/双辽市,https://dmfw.mca.gov.cn/XzqhVersionPublish.html,2025-12-31
220400,辽源市,2,吉林省/辽源市,https://dmfw.mca.gov.cn/XzqhVersionPublish.html,2025-12-31
220402,龙山区,3,吉林省/辽源市/龙山区,https://dmfw.mca.gov.cn/XzqhVersionPublish.html,2025-12-31
220403,西安区,3,吉林省/辽源市/西安区,https://dmfw.mca.gov.cn/XzqhVersionPublish.html,2025-12-31
220421,东丰县,3,吉林省/辽源市/东丰县,https://dmfw.mca.gov.cn/XzqhVersionPublish.html,2025-12-31
220422,东辽县,3,吉林省/辽源市/东辽县,https://dmfw.mca.gov.cn/XzqhVersionPublish.html,2025-12-31
220500,通化市,2,吉林省/通化市,https://dmfw.mca.gov.cn/XzqhVersionPublish.html,2025-12-31
220502,东昌区,3,吉林省/通化市/东昌区,https://dmfw.mca.gov.cn/XzqhVersionPublish.html,2025-12-31
220503,二道江区,3,吉林省/通化市/二道江区,https://dmfw.mca.gov.cn/XzqhVersionPublish.html,2025-12-31
220521,通化县,3,吉林省/通化市/通化县,https://dmfw.mca.gov.cn/XzqhVersionPublish.html,2025-12-31
220523,辉南县,3,吉林省/通化市/辉南县,https://dmfw.mca.gov.cn/XzqhVersionPublish.html,2025-12-31
220524,柳河县,3,吉林省/通化市/柳河县,https://dmfw.mca.gov.cn/XzqhVersionPublish.html,2025-12-31
220581,梅河口市,3,吉林省/通化市/梅河口市,https://dmfw.mca.gov.cn/XzqhVersionPublish.html,2025-12-31
220582,集安市,3,吉林省/通化市/集安市,https://dmfw.mca.gov.cn/XzqhVersionPublish.html,2025-12-31
220600,白山市,2,吉林省/白山市,https://dmfw.mca.gov.cn/XzqhVersionPublish.html,2025-12-31
220602,浑江区,3,吉林省/白山市/浑江区,https://dmfw.mca.gov.cn/XzqhVersionPublish.html,2025-12-31
220605,江源区,3,吉林省/白山市/江源区,https://dmfw.mca.gov.cn/XzqhVersionPublish.html,2025-12-31
220621,抚松县,3,吉林省/白山市/抚松县,https://dmfw.mca.gov.cn/XzqhVersionPublish.html,2025-12-31
220622,靖宇县,3,吉林省/白山市/靖宇县,https://dmfw.mca.gov.cn/XzqhVersionPublish.html,2025-12-31
220623,长白朝鲜族自治县,3,吉林省/白山市/长白朝鲜族自治县,https://dmfw.mca.gov.cn/XzqhVersionPublish.html,2025-12-31
220681,临江市,3,吉林省/白山市/临江市,https://dmfw.mca.gov.cn/XzqhVersionPublish.html,2025-12-31
220700,松原市,2,吉林省/松原市,https://dmfw.mca.gov.cn/XzqhVersionPublish.html,2025-12-31
220702,宁江区,3,吉林省/松原市/宁江区,https://dmfw.mca.gov.cn/XzqhVersionPublish.html,2025-12-31
220721,前郭尔罗斯蒙古族自治县,3,吉林省/松原市/前郭尔罗斯蒙古族自治县,https://dmfw.mca.gov.cn/XzqhVersionPublish.html,2025-12-31
220722,长岭县,3,吉林省/松原市/长岭县,https://dmfw.mca.gov.cn/XzqhVersionPublish.html,2025-12-31
220723,乾安县,3,吉林省/松原市/乾安县,https://dmfw.mca.gov.cn/XzqhVersionPublish.html,2025-12-31
220781,扶余市,3,吉林省/松原市/扶余市,https://dmfw.mca.gov.cn/XzqhVersionPublish.html,2025-12-31
220800,白城市,2,吉林省/白城市,https://dmfw.mca.gov.cn/XzqhVersionPublish.html,2025-12-31
220802,洮北区,3,吉林省/白城市/洮北区,https://dmfw.mca.gov.cn/XzqhVersionPublish.html,2025-12-31
220821,镇赉县,3,吉林省/白城市/镇赉县,https://dmfw.mca.gov.cn/XzqhVersionPublish.html,2025-12-31
220822,通榆县,3,吉林省/白城市/通榆县,https://dmfw.mca.gov.cn/XzqhVersionPublish.html,2025-12-31
220881,洮南市,3,吉林省/白城市/洮南市,https://dmfw.mca.gov.cn/XzqhVersionPublish.html,2025-12-31
220882,大安市,3,吉林省/白城市/大安市,https://dmfw.mca.gov.cn/XzqhVersionPublish.html,2025-12-31
222400,延边朝鲜族自治州,2,吉林省/延边朝鲜族自治州,https://dmfw.mca.gov.cn/XzqhVersionPublish.html,2025-12-31
222401,延吉市,3,吉林省/延边朝鲜族自治州/延吉市,https://dmfw.mca.gov.cn/XzqhVersionPublish.html,2025-12-31
222402,图们市,3,吉林省/延边朝鲜族自治州/图们市,https://dmfw.mca.gov.cn/XzqhVersionPublish.html,2025-12-31
222403,敦化市,3,吉林省/延边朝鲜族自治州/敦化市,https://dmfw.mca.gov.cn/XzqhVersionPublish.html,2025-12-31
222404,珲春市,3,吉林省/延边朝鲜族自治州/珲春市,https://dmfw.mca.gov.cn/XzqhVersionPublish.html,2025-12-31
222405,龙井市,3,吉林省/延边朝鲜族自治州/龙井市,https://dmfw.mca.gov.cn/XzqhVersionPublish.html,2025-12-31
222406,和龙市,3,吉林省/延边朝鲜族自治州/和龙市,https://dmfw.mca.gov.cn/XzqhVersionPublish.html,2025-12-31
222424,汪清县,3,吉林省/延边朝鲜族自治州/汪清县,https://dmfw.mca.gov.cn/XzqhVersionPublish.html,2025-12-31
222426,安图县,3,吉林省/延边朝鲜族自治州/安图县,https://dmfw.mca.gov.cn/XzqhVersionPublish.html,2025-12-31
230000,黑龙江省,1,黑龙江省,https://dmfw.mca.gov.cn/XzqhVersionPublish.html,2025-12-31
230100,哈尔滨市,2,黑龙江省/哈尔滨市,https://dmfw.mca.gov.cn/XzqhVersionPublish.html,2025-12-31
230102,道里区,3,黑龙江省/哈尔滨市/道里区,https://dmfw.mca.gov.cn/XzqhVersionPublish.html,2025-12-31
230103,南岗区,3,黑龙江省/哈尔滨市/南岗区,https://dmfw.mca.gov.cn/XzqhVersionPublish.html,2025-12-31
230104,道外区,3,黑龙江省/哈尔滨市/道外区,https://dmfw.mca.gov.cn/XzqhVersionPublish.html,2025-12-31
230108,平房区,3,黑龙江省/哈尔滨市/平房区,https://dmfw.mca.gov.cn/XzqhVersionPublish.html,2025-12-31
230109,松北区,3,黑龙江省/哈尔滨市/松北区,https://dmfw.mca.gov.cn/XzqhVersionPublish.html,2025-12-31
230110,香坊区,3,黑龙江省/哈尔滨市/香坊区,https://dmfw.mca.gov.cn/XzqhVersionPublish.html,2025-12-31
230111,呼兰区,3,黑龙江省/哈尔滨市/呼兰区,https://dmfw.mca.gov.cn/XzqhVersionPublish.html,2025-12-31
230112,阿城区,3,黑龙江省/哈尔滨市/阿城区,https://dmfw.mca.gov.cn/XzqhVersionPublish.html,2025-12-31
230113,双城区,3,黑龙江省/哈尔滨市/双城区,https://dmfw.mca.gov.cn/XzqhVersionPublish.html,2025-12-31
230123,依兰县,3,黑龙江省/哈尔滨市/依兰县,https://dmfw.mca.gov.cn/XzqhVersionPublish.html,2025-12-31
230124,方正县,3,黑龙江省/哈尔滨市/方正县,https://dmfw.mca.gov.cn/XzqhVersionPublish.html,2025-12-31
230125,宾县,3,黑龙江省/哈尔滨市/宾县,https://dmfw.mca.gov.cn/XzqhVersionPublish.html,2025-12-31
230126,巴彦县,3,黑龙江省/哈尔滨市/巴彦县,https://dmfw.mca.gov.cn/XzqhVersionPublish.html,2025-12-31
230127,木兰县,3,黑龙江省/哈尔滨市/木兰县,https://dmfw.mca.gov.cn/XzqhVersionPublish.html,2025-12-31
230128,通河县,3,黑龙江省/哈尔滨市/通河县,https://dmfw.mca.gov.cn/XzqhVersionPublish.html,2025-12-31
230129,延寿县,3,黑龙江省/哈尔滨市/延寿县,https://dmfw.mca.gov.cn/XzqhVersionPublish.html,2025-12-31
230183,尚志市,3,黑龙江省/哈尔滨市/尚志市,https://dmfw.mca.gov.cn/XzqhVersionPublish.html,2025-12-31
230184,五常市,3,黑龙江省/哈尔滨市/五常市,https://dmfw.mca.gov.cn/XzqhVersionPublish.html,2025-12-31
230200,齐齐哈尔市,2,黑龙江省/齐齐哈尔市,https://dmfw.mca.gov.cn/XzqhVersionPublish.html,2025-12-31
230202,龙沙区,3,黑龙江省/齐齐哈尔市/龙沙区,https://dmfw.mca.gov.cn/XzqhVersionPublish.html,2025-12-31
230203,建华区,3,黑龙江省/齐齐哈尔市/建华区,https://dmfw.mca.gov.cn/XzqhVersionPublish.html,2025-12-31
230204,铁锋区,3,黑龙江省/齐齐哈尔市/铁锋区,https://dmfw.mca.gov.cn/XzqhVersionPublish.html,2025-12-31
230205,昂昂溪区,3,黑龙江省/齐齐哈尔市/昂昂溪区,https://dmfw.mca.gov.cn/XzqhVersionPublish.html,2025-12-31
230206,富拉尔基区,3,黑龙江省/齐齐哈尔市/富拉尔基区,https://dmfw.mca.gov.cn/XzqhVersionPublish.html,2025-12-31
230207,碾子山区,3,黑龙江省/齐齐哈尔市/碾子山区,https://dmfw.mca.gov.cn/XzqhVersionPublish.html,2025-12-31
230208,梅里斯达斡尔族区,3,黑龙江省/齐齐哈尔市/梅里斯达斡尔族区,https://dmfw.mca.gov.cn/XzqhVersionPublish.html,2025-12-31
230221,龙江县,3,黑龙江省/齐齐哈尔市/龙江县,https://dmfw.mca.gov.cn/XzqhVersionPublish.html,2025-12-31
230223,依安县,3,黑龙江省/齐齐哈尔市/依安县,https://dmfw.mca.gov.cn/XzqhVersionPublish.html,2025-12-31
230224,泰来县,3,黑龙江省/齐齐哈尔市/泰来县,https://dmfw.mca.gov.cn/XzqhVersionPublish.html,2025-12-31
230225,甘南县,3,黑龙江省/齐齐哈尔市/甘南县,https://dmfw.mca.gov.cn/XzqhVersionPublish.html,2025-12-31
230227,富裕县,3,黑龙江省/齐齐哈尔市/富裕县,https://dmfw.mca.gov.cn/XzqhVersionPublish.html,2025-12-31
230229,克山县,3,黑龙江省/齐齐哈尔市/克山县,https://dmfw.mca.gov.cn/XzqhVersionPublish.html,2025-12-31
230230,克东县,3,黑龙江省/齐齐哈尔市/克东县,https://dmfw.mca.gov.cn/XzqhVersionPublish.html,2025-12-31
230231,拜泉县,3,黑龙江省/齐齐哈尔市/拜泉县,https://dmfw.mca.gov.cn/XzqhVersionPublish.html,2025-12-31
230281,讷河市,3,黑龙江省/齐齐哈尔市/讷河市,https://dmfw.mca.gov.cn/XzqhVersionPublish.html,2025-12-31
230300,鸡西市,2,黑龙江省/鸡西市,https://dmfw.mca.gov.cn/XzqhVersionPublish.html,2025-12-31
230302,鸡冠区,3,黑龙江省/鸡西市/鸡冠区,https://dmfw.mca.gov.cn/XzqhVersionPublish.html,2025-12-31
230303,恒山区,3,黑龙江省/鸡西市/恒山区,https://dmfw.mca.gov.cn/XzqhVersionPublish.html,2025-12-31
230304,滴道区,3,黑龙江省/鸡西市/滴道区,https://dmfw.mca.gov.cn/XzqhVersionPublish.html,2025-12-31
230305,梨树区,3,黑龙江省/鸡西市/梨树区,https://dmfw.mca.gov.cn/XzqhVersionPublish.html,2025-12-31
230306,城子河区,3,黑龙江省/鸡西市/城子河区,https://dmfw.mca.gov.cn/XzqhVersionPublish.html,2025-12-31
230307,麻山区,3,黑龙江省/鸡西市/麻山区,https://dmfw.mca.gov.cn/XzqhVersionPublish.html,2025-12-31
230321,鸡东县,3,黑龙江省/鸡西市/鸡东县,https://dmfw.mca.gov.cn/XzqhVersionPublish.html,2025-12-31
230381,虎林市,3,黑龙江省/鸡西市/虎林市,https://dmfw.mca.gov.cn/XzqhVersionPublish.html,2025-12-31
230382,密山市,3,黑龙江省/鸡西市/密山市,https://dmfw.mca.gov.cn/XzqhVersionPublish.html,2025-12-31
230400,鹤岗市,2,黑龙江省/鹤岗市,https://dmfw.mca.gov.cn/XzqhVersionPublish.html,2025-12-31
230402,向阳区,3,黑龙江省/鹤岗市/向阳区,https://dmfw.mca.gov.cn/XzqhVersionPublish.html,2025-12-31
230403,工农区,3,黑龙江省/鹤岗市/工农区,https://dmfw.mca.gov.cn/XzqhVersionPublish.html,2025-12-31
230404,南山区,3,黑龙江省/鹤岗市/南山区,https://dmfw.mca.gov.cn/XzqhVersionPublish.html,2025-12-31
230405,兴安区,3,黑龙江省/鹤岗市/兴安区,https://dmfw.mca.gov.cn/XzqhVersionPublish.html,2025-12-31
230406,东山区,3,黑龙江省/鹤岗市/东山区,https://dmfw.mca.gov.cn/XzqhVersionPublish.html,2025-12-31
230407,兴山区,3,黑龙江省/鹤岗市/兴山区,https://dmfw.mca.gov.cn/XzqhVersionPublish.html,2025-12-31
230421,萝北县,3,黑龙江省/鹤岗市/萝北县,https://dmfw.mca.gov.cn/XzqhVersionPublish.html,2025-12-31
230422,绥滨县,3,黑龙江省/鹤岗市/绥滨县,https://dmfw.mca.gov.cn/XzqhVersionPublish.html,2025-12-31
230500,双鸭山市,2,黑龙江省/双鸭山市,https://dmfw.mca.gov.cn/XzqhVersionPublish.html,2025-12-31
230502,尖山区,3,黑龙江省/双鸭山市/尖山区,https://dmfw.mca.gov.cn/XzqhVersionPublish.html,2025-12-31
230503,岭东区,3,黑龙江省/双鸭山市/岭东区,https://dmfw.mca.gov.cn/XzqhVersionPublish.html,2025-12-31
230505,四方台区,3,黑龙江省/双鸭山市/四方台区,https://dmfw.mca.gov.cn/XzqhVersionPublish.html,2025-12-31
230506,宝山区,3,黑龙江省/双鸭山市/宝山区,https://dmfw.mca.gov.cn/XzqhVersionPublish.html,2025-12-31
230521,集贤县,3,黑龙江省/双鸭山市/集贤县,https://dmfw.mca.gov.cn/XzqhVersionPublish.html,2025-12-31
230522,友谊县,3,黑龙江省/双鸭山市/友谊县,https://dmfw.mca.gov.cn/XzqhVersionPublish.html,2025-12-31
230523,宝清县,3,黑龙江省/双鸭山市/宝清县,https://dmfw.mca.gov.cn/XzqhVersionPublish.html,2025-12-31
230524,饶河县,3,黑龙江省/双鸭山市/饶河县,https://dmfw.mca.gov.cn/XzqhVersionPublish.html,2025-12-31
230600,大庆市,2,黑龙江省/大庆市,https://dmfw.mca.gov.cn/XzqhVersionPublish.html,2025-12-31
230602,萨尔图区,3,黑龙江省/大庆市/萨尔图区,https://dmfw.mca.gov.cn/XzqhVersionPublish.html,2025-12-31
230603,龙凤区,3,黑龙江省/大庆市/龙凤区,https://dmfw.mca.gov.cn/XzqhVersionPublish.html,2025-12-31
230604,让胡路区,3,黑龙江省/大庆市/让胡路区,https://dmfw.mca.gov.cn/XzqhVersionPublish.html,2025-12-31
230605,红岗区,3,黑龙江省/大庆市/红岗区,https://dmfw.mca.gov.cn/XzqhVersionPublish.html,2025-12-31
230606,大同区,3,黑龙江省/大庆市/大同区,https://dmfw.mca.gov.cn/XzqhVersionPublish.html,2025-12-31
230621,肇州县,3,黑龙江省/大庆市/肇州县,https://dmfw.mca.gov.cn/XzqhVersionPublish.html,2025-12-31
230622,肇源县,3,黑龙江省/大庆市/肇源县,https://dmfw.mca.gov.cn/XzqhVersionPublish.html,2025-12-31
230623,林甸县,3,黑龙江省/大庆市/林甸县,https://dmfw.mca.gov.cn/XzqhVersionPublish.html,2025-12-31
230624,杜尔伯特蒙古族自治县,3,黑龙江省/大庆市/杜尔伯特蒙古族自治县,https://dmfw.mca.gov.cn/XzqhVersionPublish.html,2025-12-31
230700,伊春市,2,黑龙江省/伊春市,https://dmfw.mca.gov.cn/XzqhVersionPublish.html,2025-12-31
230717,伊美区,3,黑龙江省/伊春市/伊美区,https://dmfw.mca.gov.cn/XzqhVersionPublish.html,2025-12-31
230718,乌翠区,3,黑龙江省/伊春市/乌翠区,https://dmfw.mca.gov.cn/XzqhVersionPublish.html,2025-12-31
230719,友好区,3,黑龙江省/伊春市/友好区,https://dmfw.mca.gov.cn/XzqhVersionPublish.html,2025-12-31
230722,嘉荫县,3,黑龙江省/伊春市/嘉荫县,https://dmfw.mca.gov.cn/XzqhVersionPublish.html,2025-12-31
230723,汤旺县,3,黑龙江省/伊春市/汤旺县,https://dmfw.mca.gov.cn/XzqhVersionPublish.html,2025-12-31
230724,丰林县,3,黑龙江省/伊春市/丰林县,https://dmfw.mca.gov.cn/XzqhVersionPublish.html,2025-12-31
230725,大箐山县,3,黑龙江省/伊春市/大箐山县,https://dmfw.mca.gov.cn/XzqhVersionPublish.html,2025-12-31
230726,南岔县,3,黑龙江省/伊春市/南岔县,https://dmfw.mca.gov.cn/XzqhVersionPublish.html,2025-12-31
230751,金林区,3,黑龙江省/伊春市/金林区,https://dmfw.mca.gov.cn/XzqhVersionPublish.html,2025-12-31
230781,铁力市,3,黑龙江省/伊春市/铁力市,https://dmfw.mca.gov.cn/XzqhVersionPublish.html,2025-12-31
230800,佳木斯市,2,黑龙江省/佳木斯市,https://dmfw.mca.gov.cn/XzqhVersionPublish.html,2025-12-31
230803,向阳区,3,黑龙江省/佳木斯市/向阳区,https://dmfw.mca.gov.cn/XzqhVersionPublish.html,2025-12-31
230804,前进区,3,黑龙江省/佳木斯市/前进区,https://dmfw.mca.gov.cn/XzqhVersionPublish.html,2025-12-31
230805,东风区,3,黑龙江省/佳木斯市/东风区,https://dmfw.mca.gov.cn/XzqhVersionPublish.html,2025-12-31
230811,郊区,3,黑龙江省/佳木斯市/郊区,https://dmfw.mca.gov.cn/XzqhVersionPublish.html,2025-12-31
230822,桦南县,3,黑龙江省/佳木斯市/桦南县,https://dmfw.mca.gov.cn/XzqhVersionPublish.html,2025-12-31
230826,桦川县,3,黑龙江省/佳木斯市/桦川县,https://dmfw.mca.gov.cn/XzqhVersionPublish.html,2025-12-31
230828,汤原县,3,黑龙江省/佳木斯市/汤原县,https://dmfw.mca.gov.cn/XzqhVersionPublish.html,2025-12-31
230881,同江市,3,黑龙江省/佳木斯市/同江市,https://dmfw.mca.gov.cn/XzqhVersionPublish.html,2025-12-31
230882,富锦市,3,黑龙江省/佳木斯市/富锦市,https://dmfw.mca.gov.cn/XzqhVersionPublish.html,2025-12-31
230883,抚远市,3,黑龙江省/佳木斯市/抚远市,https://dmfw.mca.gov.cn/XzqhVersionPublish.html,2025-12-31
230900,七台河市,2,黑龙江省/七台河市,https://dmfw.mca.gov.cn/XzqhVersionPublish.html,2025-12-31
230902,新兴区,3,黑龙江省/七台河市/新兴区,https://dmfw.mca.gov.cn/XzqhVersionPublish.html,2025-12-31
230903,桃山区,3,黑龙江省/七台河市/桃山区,https://dmfw.mca.gov.cn/XzqhVersionPublish.html,2025-12-31
230904,茄子河区,3,黑龙江省/七台河市/茄子河区,https://dmfw.mca.gov.cn/XzqhVersionPublish.html,2025-12-31
230921,勃利县,3,黑龙江省/七台河市/勃利县,https://dmfw.mca.gov.cn/XzqhVersionPublish.html,2025-12-31
231000,牡丹江市,2,黑龙江省/牡丹江市,https://dmfw.mca.gov.cn/XzqhVersionPublish.html,2025-12-31
231002,东安区,3,黑龙江省/牡丹江市/东安区,https://dmfw.mca.gov.cn/XzqhVersionPublish.html,2025-12-31
231003,阳明区,3,黑龙江省/牡丹江市/阳明区,https://dmfw.mca.gov.cn/XzqhVersionPublish.html,2025-12-31
231004,爱民区,3,黑龙江省/牡丹江市/爱民区,https://dmfw.mca.gov.cn/XzqhVersionPublish.html,2025-12-31
231005,西安区,3,黑龙江省/牡丹江市/西安区,https://dmfw.mca.gov.cn/XzqhVersionPublish.html,2025-12-31
231025,林口县,3,黑龙江省/牡丹江市/林口县,https://dmfw.mca.gov.cn/XzqhVersionPublish.html,2025-12-31
231081,绥芬河市,3,黑龙江省/牡丹江市/绥芬河市,https://dmfw.mca.gov.cn/XzqhVersionPublish.html,2025-12-31
231083,海林市,3,黑龙江省/牡丹江市/海林市,https://dmfw.mca.gov.cn/XzqhVersionPublish.html,2025-12-31
231084,宁安市,3,黑龙江省/牡丹江市/宁安市,https://dmfw.mca.gov.cn/XzqhVersionPublish.html,2025-12-31
231085,穆棱市,3,黑龙江省/牡丹江市/穆棱市,https://dmfw.mca.gov.cn/XzqhVersionPublish.html,2025-12-31
231086,东宁市,3,黑龙江省/牡丹江市/东宁市,https://dmfw.mca.gov.cn/XzqhVersionPublish.html,2025-12-31
231100,黑河市,2,黑龙江省/黑河市,https://dmfw.mca.gov.cn/XzqhVersionPublish.html,2025-12-31
231102,爱辉区,3,黑龙江省/黑河市/爱辉区,https://dmfw.mca.gov.cn/XzqhVersionPublish.html,2025-12-31
231123,逊克县,3,黑龙江省/黑河市/逊克县,https://dmfw.mca.gov.cn/XzqhVersionPublish.html,2025-12-31
231124,孙吴县,3,黑龙江省/黑河市/孙吴县,https://dmfw.mca.gov.cn/XzqhVersionPublish.html,2025-12-31
231181,北安市,3,黑龙江省/黑河市/北安市,https://dmfw.mca.gov.cn/XzqhVersionPublish.html,2025-12-31
231182,五大连池市,3,黑龙江省/黑河市/五大连池市,https://dmfw.mca.gov.cn/XzqhVersionPublish.html,2025-12-31
231183,嫩江市,3,黑龙江省/黑河市/嫩江市,https://dmfw.mca.gov.cn/XzqhVersionPublish.html,2025-12-31
231200,绥化市,2,黑龙江省/绥化市,https://dmfw.mca.gov.cn/XzqhVersionPublish.html,2025-12-31
231202,北林区,3,黑龙江省/绥化市/北林区,https://dmfw.mca.gov.cn/XzqhVersionPublish.html,2025-12-31
231221,望奎县,3,黑龙江省/绥化市/望奎县,https://dmfw.mca.gov.cn/XzqhVersionPublish.html,2025-12-31
231222,兰西县,3,黑龙江省/绥化市/兰西县,https://dmfw.mca.gov.cn/XzqhVersionPublish.html,2025-12-31
231223,青冈县,3,黑龙江省/绥化市/青冈县,https://dmfw.mca.gov.cn/XzqhVersionPublish.html,2025-12-31
231224,庆安县,3,黑龙江省/绥化市/庆安县,https://dmfw.mca.gov.cn/XzqhVersionPublish.html,2025-12-31
231225,明水县,3,黑龙江省/绥化市/明水县,https://dmfw.mca.gov.cn/XzqhVersionPublish.html,2025-12-31
231226,绥棱县,3,黑龙江省/绥化市/绥棱县,https://dmfw.mca.gov.cn/XzqhVersionPublish.html,2025-12-31
231281,安达市,3,黑龙江省/绥化市/安达市,https://dmfw.mca.gov.cn/XzqhVersionPublish.html,2025-12-31
231282,肇东市,3,黑龙江省/绥化市/肇东市,https://dmfw.mca.gov.cn/XzqhVersionPublish.html,2025-12-31
231283,海伦市,3,黑龙江省/绥化市/海伦市,https://dmfw.mca.gov.cn/XzqhVersionPublish.html,2025-12-31
232700,大兴安岭地区,2,黑龙江省/大兴安岭地区,https://dmfw.mca.gov.cn/XzqhVersionPublish.html,2025-12-31
232701,漠河市,3,黑龙江省/大兴安岭地区/漠河市,https://dmfw.mca.gov.cn/XzqhVersionPublish.html,2025-12-31
232721,呼玛县,3,黑龙江省/大兴安岭地区/呼玛县,https://dmfw.mca.gov.cn/XzqhVersionPublish.html,2025-12-31
232722,塔河县,3,黑龙江省/大兴安岭地区/塔河县,https://dmfw.mca.gov.cn/XzqhVersionPublish.html,2025-12-31
310000,上海市,1,上海市,https://dmfw.mca.gov.cn/XzqhVersionPublish.html,2025-12-31
310101,黄浦区,3,上海市/黄浦区,https://dmfw.mca.gov.cn/XzqhVersionPublish.html,2025-12-31
310104,徐汇区,3,上海市/徐汇区,https://dmfw.mca.gov.cn/XzqhVersionPublish.html,2025-12-31
310105,长宁区,3,上海市/长宁区,https://dmfw.mca.gov.cn/XzqhVersionPublish.html,2025-12-31
310106,静安区,3,上海市/静安区,https://dmfw.mca.gov.cn/XzqhVersionPublish.html,2025-12-31
310107,普陀区,3,上海市/普陀区,https://dmfw.mca.gov.cn/XzqhVersionPublish.html,2025-12-31
310109,虹口区,3,上海市/虹口区,https://dmfw.mca.gov.cn/XzqhVersionPublish.html,2025-12-31
310110,杨浦区,3,上海市/杨浦区,https://dmfw.mca.gov.cn/XzqhVersionPublish.html,2025-12-31
310112,闵行区,3,上海市/闵行区,https://dmfw.mca.gov.cn/XzqhVersionPublish.html,2025-12-31
310113,宝山区,3,上海市/宝山区,https://dmfw.mca.gov.cn/XzqhVersionPublish.html,2025-12-31
310114,嘉定区,3,上海市/嘉定区,https://dmfw.mca.gov.cn/XzqhVersionPublish.html,2025-12-31
310115,浦东新区,3,上海市/浦东新区,https://dmfw.mca.gov.cn/XzqhVersionPublish.html,2025-12-31
310116,金山区,3,上海市/金山区,https://dmfw.mca.gov.cn/XzqhVersionPublish.html,2025-12-31
310117,松江区,3,上海市/松江区,https://dmfw.mca.gov.cn/XzqhVersionPublish.html,2025-12-31
310118,青浦区,3,上海市/青浦区,https://dmfw.mca.gov.cn/XzqhVersionPublish.html,2025-12-31
310120,奉贤区,3,上海市/奉贤区,https://dmfw.mca.gov.cn/XzqhVersionPublish.html,2025-12-31
310151,崇明区,3,上海市/崇明区,https://dmfw.mca.gov.cn/XzqhVersionPublish.html,2025-12-31
320000,江苏省,1,江苏省,https://dmfw.mca.gov.cn/XzqhVersionPublish.html,2025-12-31
320100,南京市,2,江苏省/南京市,https://dmfw.mca.gov.cn/XzqhVersionPublish.html,2025-12-31
320102,玄武区,3,江苏省/南京市/玄武区,https://dmfw.mca.gov.cn/XzqhVersionPublish.html,2025-12-31
320104,秦淮区,3,江苏省/南京市/秦淮区,https://dmfw.mca.gov.cn/XzqhVersionPublish.html,2025-12-31
320105,建邺区,3,江苏省/南京市/建邺区,https://dmfw.mca.gov.cn/XzqhVersionPublish.html,2025-12-31
320106,鼓楼区,3,江苏省/南京市/鼓楼区,https://dmfw.mca.gov.cn/XzqhVersionPublish.html,2025-12-31
320111,浦口区,3,江苏省/南京市/浦口区,https://dmfw.mca.gov.cn/XzqhVersionPublish.html,2025-12-31
320113,栖霞区,3,江苏省/南京市/栖霞区,https://dmfw.mca.gov.cn/XzqhVersionPublish.html,2025-12-31
320114,雨花台区,3,江苏省/南京市/雨花台区,https://dmfw.mca.gov.cn/XzqhVersionPublish.html,2025-12-31
320115,江宁区,3,江苏省/南京市/江宁区,https://dmfw.mca.gov.cn/XzqhVersionPublish.html,2025-12-31
320116,六合区,3,江苏省/南京市/六合区,https://dmfw.mca.gov.cn/XzqhVersionPublish.html,2025-12-31
320117,溧水区,3,江苏省/南京市/溧水区,https://dmfw.mca.gov.cn/XzqhVersionPublish.html,2025-12-31
320118,高淳区,3,江苏省/南京市/高淳区,https://dmfw.mca.gov.cn/XzqhVersionPublish.html,2025-12-31
320200,无锡市,2,江苏省/无锡市,https://dmfw.mca.gov.cn/XzqhVersionPublish.html,2025-12-31
320205,锡山区,3,江苏省/无锡市/锡山区,https://dmfw.mca.gov.cn/XzqhVersionPublish.html,2025-12-31
320206,惠山区,3,江苏省/无锡市/惠山区,https://dmfw.mca.gov.cn/XzqhVersionPublish.html,2025-12-31
320211,滨湖区,3,江苏省/无锡市/滨湖区,https://dmfw.mca.gov.cn/XzqhVersionPublish.html,2025-12-31
320213,梁溪区,3,江苏省/无锡市/梁溪区,https://dmfw.mca.gov.cn/XzqhVersionPublish.html,2025-12-31
320214,新吴区,3,江苏省/无锡市/新吴区,https://dmfw.mca.gov.cn/XzqhVersionPublish.html,2025-12-31
320281,江阴市,3,江苏省/无锡市/江阴市,https://dmfw.mca.gov.cn/XzqhVersionPublish.html,2025-12-31
320282,宜兴市,3,江苏省/无锡市/宜兴市,https://dmfw.mca.gov.cn/XzqhVersionPublish.html,2025-12-31
320300,徐州市,2,江苏省/徐州市,https://dmfw.mca.gov.cn/XzqhVersionPublish.html,2025-12-31
320302,鼓楼区,3,江苏省/徐州市/鼓楼区,https://dmfw.mca.gov.cn/XzqhVersionPublish.html,2025-12-31
320303,云龙区,3,江苏省/徐州市/云龙区,https://dmfw.mca.gov.cn/XzqhVersionPublish.html,2025-12-31
320305,贾汪区,3,江苏省/徐州市/贾汪区,https://dmfw.mca.gov.cn/XzqhVersionPublish.html,2025-12-31
320311,泉山区,3,江苏省/徐州市/泉山区,https://dmfw.mca.gov.cn/XzqhVersionPublish.html,2025-12-31
320312,铜山区,3,江苏省/徐州市/铜山区,https://dmfw.mca.gov.cn/XzqhVersionPublish.html,2025-12-31
320321,丰县,3,江苏省/徐州市/丰县,https://dmfw.mca.gov.cn/XzqhVersionPublish.html,2025-12-31
320322,沛县,3,江苏省/徐州市/沛县,https://dmfw.mca.gov.cn/XzqhVersionPublish.html,2025-12-31
320324,睢宁县,3,江苏省/徐州市/睢宁县,https://dmfw.mca.gov.cn/XzqhVersionPublish.html,2025-12-31
320381,新沂市,3,江苏省/徐州市/新沂市,https://dmfw.mca.gov.cn/XzqhVersionPublish.html,2025-12-31
320382,邳州市,3,江苏省/徐州市/邳州市,https://dmfw.mca.gov.cn/XzqhVersionPublish.html,2025-12-31
320400,常州市,2,江苏省/常州市,https://dmfw.mca.gov.cn/XzqhVersionPublish.html,2025-12-31
320402,天宁区,3,江苏省/常州市/天宁区,https://dmfw.mca.gov.cn/XzqhVersionPublish.html,2025-12-31
320404,钟楼区,3,江苏省/常州市/钟楼区,https://dmfw.mca.gov.cn/XzqhVersionPublish.html,2025-12-31
320411,新北区,3,江苏省/常州市/新北区,https://dmfw.mca.gov.cn/XzqhVersionPublish.html,2025-12-31
320412,武进区,3,江苏省/常州市/武进区,https://dmfw.mca.gov.cn/XzqhVersionPublish.html,2025-12-31
320413,金坛区,3,江苏省/常州市/金坛区,https://dmfw.mca.gov.cn/XzqhVersionPublish.html,2025-12-31
320481,溧阳市,3,江苏省/常州市/溧阳市,https://dmfw.mca.gov.cn/XzqhVersionPublish.html,2025-12-31
320500,苏州市,2,江苏省/苏州市,https://dmfw.mca.gov.cn/XzqhVersionPublish.html,2025-12-31
320505,虎丘区,3,江苏省/苏州市/虎丘区,https://dmfw.mca.gov.cn/XzqhVersionPublish.html,2025-12-31
320506,吴中区,3,江苏省/苏州市/吴中区,https://dmfw.mca.gov.cn/XzqhVersionPublish.html,2025-12-31
320507,相城区,3,江苏省/苏州市/相城区,https://dmfw.mca.gov.cn/XzqhVersionPublish.html,2025-12-31
320508,姑苏区,3,江苏省/苏州市/姑苏区,https://dmfw.mca.gov.cn/XzqhVersionPublish.html,2025-12-31
320509,吴江区,3,江苏省/苏州市/吴江区,https://dmfw.mca.gov.cn/XzqhVersionPublish.html,2025-12-31
320581,常熟市,3,江苏省/苏州市/常熟市,https://dmfw.mca.gov.cn/XzqhVersionPublish.html,2025-12-31
320582,张家港市,3,江苏省/苏州市/张家港市,https://dmfw.mca.gov.cn/XzqhVersionPublish.html,2025-12-31
320583,昆山市,3,江苏省/苏州市/昆山市,https://dmfw.mca.gov.cn/XzqhVersionPublish.html,2025-12-31
320585,太仓市,3,江苏省/苏州市/太仓市,https://dmfw.mca.gov.cn/XzqhVersionPublish.html,2025-12-31
320600,南通市,2,江苏省/南通市,https://dmfw.mca.gov.cn/XzqhVersionPublish.html,2025-12-31
320612,通州区,3,江苏省/南通市/通州区,https://dmfw.mca.gov.cn/XzqhVersionPublish.html,2025-12-31
320613,崇川区,3,江苏省/南通市/崇川区,https://dmfw.mca.gov.cn/XzqhVersionPublish.html,2025-12-31
320614,海门区,3,江苏省/南通市/海门区,https://dmfw.mca.gov.cn/XzqhVersionPublish.html,2025-12-31
320623,如东县,3,江苏省/南通市/如东县,https://dmfw.mca.gov.cn/XzqhVersionPublish.html,2025-12-31
320681,启东市,3,江苏省/南通市/启东市,https://dmfw.mca.gov.cn/XzqhVersionPublish.html,2025-12-31
320682,如皋市,3,江苏省/南通市/如皋市,https://dmfw.mca.gov.cn/XzqhVersionPublish.html,2025-12-31
320685,海安市,3,江苏省/南通市/海安市,https://dmfw.mca.gov.cn/XzqhVersionPublish.html,2025-12-31
320700,连云港市,2,江苏省/连云港市,https://dmfw.mca.gov.cn/XzqhVersionPublish.html,2025-12-31
320703,连云区,3,江苏省/连云港市/连云区,https://dmfw.mca.gov.cn/XzqhVersionPublish.html,2025-12-31
320706,海州区,3,江苏省/连云港市/海州区,https://dmfw.mca.gov.cn/XzqhVersionPublish.html,2025-12-31
320707,赣榆区,3,江苏省/连云港市/赣榆区,https://dmfw.mca.gov.cn/XzqhVersionPublish.html,2025-12-31
320722,东海县,3,江苏省/连云港市/东海县,https://dmfw.mca.gov.cn/XzqhVersionPublish.html,2025-12-31
320723,灌云县,3,江苏省/连云港市/灌云县,https://dmfw.mca.gov.cn/XzqhVersionPublish.html,2025-12-31
320724,灌南县,3,江苏省/连云港市/灌南县,https://dmfw.mca.gov.cn/XzqhVersionPublish.html,2025-12-31
320800,淮安市,2,江苏省/淮安市,https://dmfw.mca.gov.cn/XzqhVersionPublish.html,2025-12-31
320803,淮安区,3,江苏省/淮安市/淮安区,https://dmfw.mca.gov.cn/XzqhVersionPublish.html,2025-12-31
320804,淮阴区,3,江苏省/淮安市/淮阴区,https://dmfw.mca.gov.cn/XzqhVersionPublish.html,2025-12-31
320812,清江浦区,3,江苏省/淮安市/清江浦区,https://dmfw.mca.gov.cn/XzqhVersionPublish.html,2025-12-31
320813,洪泽区,3,江苏省/淮安市/洪泽区,https://dmfw.mca.gov.cn/XzqhVersionPublish.html,2025-12-31
320826,涟水县,3,江苏省/淮安市/涟水县,https://dmfw.mca.gov.cn/XzqhVersionPublish.html,2025-12-31
320830,盱眙县,3,江苏省/淮安市/盱眙县,https://dmfw.mca.gov.cn/XzqhVersionPublish.html,2025-12-31
320831,金湖县,3,江苏省/淮安市/金湖县,https://dmfw.mca.gov.cn/XzqhVersionPublish.html,2025-12-31
320900,盐城市,2,江苏省/盐城市,https://dmfw.mca.gov.cn/XzqhVersionPublish.html,2025-12-31
320902,亭湖区,3,江苏省/盐城市/亭湖区,https://dmfw.mca.gov.cn/XzqhVersionPublish.html,2025-12-31
320903,盐都区,3,江苏省/盐城市/盐都区,https://dmfw.mca.gov.cn/XzqhVersionPublish.html,2025-12-31
320904,大丰区,3,江苏省/盐城市/大丰区,https://dmfw.mca.gov.cn/XzqhVersionPublish.html,2025-12-31
320921,响水县,3,江苏省/盐城市/响水县,https://dmfw.mca.gov.cn/XzqhVersionPublish.html,2025-12-31
320922,滨海县,3,江苏省/盐城市/滨海县,https://dmfw.mca.gov.cn/XzqhVersionPublish.html,2025-12-31
320923,阜宁县,3,江苏省/盐城市/阜宁县,https://dmfw.mca.gov.cn/XzqhVersionPublish.html,2025-12-31
320924,射阳县,3,江苏省/盐城市/射阳县,https://dmfw.mca.gov.cn/XzqhVersionPublish.html,2025-12-31
320925,建湖县,3,江苏省/盐城市/建湖县,https://dmfw.mca.gov.cn/XzqhVersionPublish.html,2025-12-31
320981,东台市,3,江苏省/盐城市/东台市,https://dmfw.mca.gov.cn/XzqhVersionPublish.html,2025-12-31
321000,扬州市,2,江苏省/扬州市,https://dmfw.mca.gov.cn/XzqhVersionPublish.html,2025-12-31
321002,广陵区,3,江苏省/扬州市/广陵区,https://dmfw.mca.gov.cn/XzqhVersionPublish.html,2025-12-31
321003,邗江区,3,江苏省/扬州市/邗江区,https://dmfw.mca.gov.cn/XzqhVersionPublish.html,2025-12-31
321012,江都区,3,江苏省/扬州市/江都区,https://dmfw.mca.gov.cn/XzqhVersionPublish.html,2025-12-31
321023,宝应县,3,江苏省/扬州市/宝应县,https://dmfw.mca.gov.cn/XzqhVersionPublish.html,2025-12-31
321081,仪征市,3,江苏省/扬州市/仪征市,https://dmfw.mca.gov.cn/XzqhVersionPublish.html,2025-12-31
321084,高邮市,3,江苏省/扬州市/高邮市,https://dmfw.mca.gov.cn/XzqhVersionPublish.html,2025-12-31
321100,镇江市,2,江苏省/镇江市,https://dmfw.mca.gov.cn/XzqhVersionPublish.html,2025-12-31
321102,京口区,3,江苏省/镇江市/京口区,https://dmfw.mca.gov.cn/XzqhVersionPublish.html,2025-12-31
321111,润州区,3,江苏省/镇江市/润州区,https://dmfw.mca.gov.cn/XzqhVersionPublish.html,2025-12-31
321112,丹徒区,3,江苏省/镇江市/丹徒区,https://dmfw.mca.gov.cn/XzqhVersionPublish.html,2025-12-31
321181,丹阳市,3,江苏省/镇江市/丹阳市,https://dmfw.mca.gov.cn/XzqhVersionPublish.html,2025-12-31
321182,扬中市,3,江苏省/镇江市/扬中市,https://dmfw.mca.gov.cn/XzqhVersionPublish.html,2025-12-31
321183,句容市,3,江苏省/镇江市/句容市,https://dmfw.mca.gov.cn/XzqhVersionPublish.html,2025-12-31
321200,泰州市,2,江苏省/泰州市,https://dmfw.mca.gov.cn/XzqhVersionPublish.html,2025-12-31
321202,海陵区,3,江苏省/泰州市/海陵区,https://dmfw.mca.gov.cn/XzqhVersionPublish.html,2025-12-31
321203,高港区,3,江苏省/泰州市/高港区,https://dmfw.mca.gov.cn/XzqhVersionPublish.html,2025-12-31
321204,姜堰区,3,江苏省/泰州市/姜堰区,https://dmfw.mca.gov.cn/XzqhVersionPublish.html,2025-12-31
321281,兴化市,3,江苏省/泰州市/兴化市,https://dmfw.mca.gov.cn/XzqhVersionPublish.html,2025-12-31
321282,靖江市,3,江苏省/泰州市/靖江市,https://dmfw.mca.gov.cn/XzqhVersionPublish.html,2025-12-31
321283,泰兴市,3,江苏省/泰州市/泰兴市,https://dmfw.mca.gov.cn/XzqhVersionPublish.html,2025-12-31
321300,宿迁市,2,江苏省/宿迁市,https://dmfw.mca.gov.cn/XzqhVersionPublish.html,2025-12-31
321302,宿城区,3,江苏省/宿迁市/宿城区,https://dmfw.mca.gov.cn/XzqhVersionPublish.html,2025-12-31
321311,宿豫区,3,江苏省/宿迁市/宿豫区,https://dmfw.mca.gov.cn/XzqhVersionPublish.html,2025-12-31
321322,沭阳县,3,江苏省/宿迁市/沭阳县,https://dmfw.mca.gov.cn/XzqhVersionPublish.html,2025-12-31
321323,泗阳县,3,江苏省/宿迁市/泗阳县,https://dmfw.mca.gov.cn/XzqhVersionPublish.html,2025-12-31
321324,泗洪县,3,江苏省/宿迁市/泗洪县,https://dmfw.mca.gov.cn/XzqhVersionPublish.html,2025-12-31
330000,浙江省,1,浙江省,https://dmfw.mca.gov.cn/XzqhVersionPublish.html,2025-12-31
330100,杭州市,2,浙江省/杭州市,https://dmfw.mca.gov.cn/XzqhVersionPublish.html,2025-12-31
330102,上城区,3,浙江省/杭州市/上城区,https://dmfw.mca.gov.cn/XzqhVersionPublish.html,2025-12-31
330105,拱墅区,3,浙江省/杭州市/拱墅区,https://dmfw.mca.gov.cn/XzqhVersionPublish.html,2025-12-31
330106,西湖区,3,浙江省/杭州市/西湖区,https://dmfw.mca.gov.cn/XzqhVersionPublish.html,2025-12-31
330108,滨江区,3,浙江省/杭州市/滨江区,https://dmfw.mca.gov.cn/XzqhVersionPublish.html,2025-12-31
330109,萧山区,3,浙江省/杭州市/萧山区,https://dmfw.mca.gov.cn/XzqhVersionPublish.html,2025-12-31
330110,余杭区,3,浙江省/杭州市/余杭区,https://dmfw.mca.gov.cn/XzqhVersionPublish.html,2025-12-31
330111,富阳区,3,浙江省/杭州市/富阳区,https://dmfw.mca.gov.cn/XzqhVersionPublish.html,2025-12-31
330112,临安区,3,浙江省/杭州市/临安区,https://dmfw.mca.gov.cn/XzqhVersionPublish.html,2025-12-31
330113,临平区,3,浙江省/杭州市/临平区,https://dmfw.mca.gov.cn/XzqhVersionPublish.html,2025-12-31
330114,钱塘区,3,浙江省/杭州市/钱塘区,https://dmfw.mca.gov.cn/XzqhVersionPublish.html,2025-12-31
330122,桐庐县,3,浙江省/杭州市/桐庐县,https://dmfw.mca.gov.cn/XzqhVersionPublish.html,2025-12-31
330127,淳安县,3,浙江省/杭州市/淳安县,https://dmfw.mca.gov.cn/XzqhVersionPublish.html,2025-12-31
330182,建德市,3,浙江省/杭州市/建德市,https://dmfw.mca.gov.cn/XzqhVersionPublish.html,2025-12-31
330200,宁波市,2,浙江省/宁波市,https://dmfw.mca.gov.cn/XzqhVersionPublish.html,2025-12-31
330203,海曙区,3,浙江省/宁波市/海曙区,https://dmfw.mca.gov.cn/XzqhVersionPublish.html,2025-12-31
330205,江北区,3,浙江省/宁波市/江北区,https://dmfw.mca.gov.cn/XzqhVersionPublish.html,2025-12-31
330206,北仑区,3,浙江省/宁波市/北仑区,https://dmfw.mca.gov.cn/XzqhVersionPublish.html,2025-12-31
330211,镇海区,3,浙江省/宁波市/镇海区,https://dmfw.mca.gov.cn/XzqhVersionPublish.html,2025-12-31
330212,鄞州区,3,浙江省/宁波市/鄞州区,https://dmfw.mca.gov.cn/XzqhVersionPublish.html,2025-12-31
330213,奉化区,3,浙江省/宁波市/奉化区,https://dmfw.mca.gov.cn/XzqhVersionPublish.html,2025-12-31
330225,象山县,3,浙江省/宁波市/象山县,https://dmfw.mca.gov.cn/XzqhVersionPublish.html,2025-12-31
330226,宁海县,3,浙江省/宁波市/宁海县,https://dmfw.mca.gov.cn/XzqhVersionPublish.html,2025-12-31
330281,余姚市,3,浙江省/宁波市/余姚市,https://dmfw.mca.gov.cn/XzqhVersionPublish.html,2025-12-31
330282,慈溪市,3,浙江省/宁波市/慈溪市,https://dmfw.mca.gov.cn/XzqhVersionPublish.html,2025-12-31
330300,温州市,2,浙江省/温州市,https://dmfw.mca.gov.cn/XzqhVersionPublish.html,2025-12-31
330302,鹿城区,3,浙江省/温州市/鹿城区,https://dmfw.mca.gov.cn/XzqhVersionPublish.html,2025-12-31
330303,龙湾区,3,浙江省/温州市/龙湾区,https://dmfw.mca.gov.cn/XzqhVersionPublish.html,2025-12-31
330304,瓯海区,3,浙江省/温州市/瓯海区,https://dmfw.mca.gov.cn/XzqhVersionPublish.html,2025-12-31
330305,洞头区,3,浙江省/温州市/洞头区,https://dmfw.mca.gov.cn/XzqhVersionPublish.html,2025-12-31
330324,永嘉县,3,浙江省/温州市/永嘉县,https://dmfw.mca.gov.cn/XzqhVersionPublish.html,2025-12-31
330326,平阳县,3,浙江省/温州市/平阳县,https://dmfw.mca.gov.cn/XzqhVersionPublish.html,2025-12-31
330327,苍南县,3,浙江省/温州市/苍南县,https://dmfw.mca.gov.cn/XzqhVersionPublish.html,2025-12-31
330328,文成县,3,浙江省/温州市/文成县,https://dmfw.mca.gov.cn/XzqhVersionPublish.html,2025-12-31
330329,泰顺县,3,浙江省/温州市/泰顺县,https://dmfw.mca.gov.cn/XzqhVersionPublish.html,2025-12-31
330381,瑞安市,3,浙江省/温州市/瑞安市,https://dmfw.mca.gov.cn/XzqhVersionPublish.html,2025-12-31
330382,乐清市,3,浙江省/温州市/乐清市,https://dmfw.mca.gov.cn/XzqhVersionPublish.html,2025-12-31
330383,龙港市,3,浙江省/温州市/龙港市,https://dmfw.mca.gov.cn/XzqhVersionPublish.html,2025-12-31
330400,嘉兴市,2,浙江省/嘉兴市,https://dmfw.mca.gov.cn/XzqhVersionPublish.html,2025-12-31
330402,南湖区,3,浙江省/嘉兴市/南湖区,https://dmfw.mca.gov.cn/XzqhVersionPublish.html,2025-12-31
330411,秀洲区,3,浙江省/嘉兴市/秀洲区,https://dmfw.mca.gov.cn/XzqhVersionPublish.html,2025-12-31
330421,嘉善县,3,浙江省/嘉兴市/嘉善县,https://dmfw.mca.gov.cn/XzqhVersionPublish.html,2025-12-31
330424,海盐县,3,浙江省/嘉兴市/海盐县,https://dmfw.mca.gov.cn/XzqhVersionPublish.html,2025-12-31
330481,海宁市,3,浙江省/嘉兴市/海宁市,https://dmfw.mca.gov.cn/XzqhVersionPublish.html,2025-12-31
330482,平湖市,3,浙江省/嘉兴市/平湖市,https://dmfw.mca.gov.cn/XzqhVersionPublish.html,2025-12-31
330483,桐乡市,3,浙江省/嘉兴市/桐乡市,https://dmfw.mca.gov.cn/XzqhVersionPublish.html,2025-12-31
330500,湖州市,2,浙江省/湖州市,https://dmfw.mca.gov.cn/XzqhVersionPublish.html,2025-12-31
330502,吴兴区,3,浙江省/湖州市/吴兴区,https://dmfw.mca.gov.cn/XzqhVersionPublish.html,2025-12-31
330503,南浔区,3,浙江省/湖州市/南浔区,https://dmfw.mca.gov.cn/XzqhVersionPublish.html,2025-12-31
330521,德清县,3,浙江省/湖州市/德清县,https://dmfw.mca.gov.cn/XzqhVersionPublish.html,2025-12-31
330522,长兴县,3,浙江省/湖州市/长兴县,https://dmfw.mca.gov.cn/XzqhVersionPublish.html,2025-12-31
330523,安吉县,3,浙江省/湖州市/安吉县,https://dmfw.mca.gov.cn/XzqhVersionPublish.html,2025-12-31
330600,绍兴市,2,浙江省/绍兴市,https://dmfw.mca.gov.cn/XzqhVersionPublish.html,2025-12-31
330602,越城区,3,浙江省/绍兴市/越城区,https://dmfw.mca.gov.cn/XzqhVersionPublish.html,2025-12-31
330603,柯桥区,3,浙江省/绍兴市/柯桥区,https://dmfw.mca.gov.cn/XzqhVersionPublish.html,2025-12-31
330604,上虞区,3,浙江省/绍兴市/上虞区,https://dmfw.mca.gov.cn/XzqhVersionPublish.html,2025-12-31
330624,新昌县,3,浙江省/绍兴市/新昌县,https://dmfw.mca.gov.cn/XzqhVersionPublish.html,2025-12-31
330681,诸暨市,3,浙江省/绍兴市/诸暨市,https://dmfw.mca.gov.cn/XzqhVersionPublish.html,2025-12-31
330683,嵊州市,3,浙江省/绍兴市/嵊州市,https://dmfw.mca.gov.cn/XzqhVersionPublish.html,2025-12-31
330700,金华市,2,浙江省/金华市,https://dmfw.mca.gov.cn/XzqhVersionPublish.html,2025-12-31
330702,婺城区,3,浙江省/金华市/婺城区,https://dmfw.mca.gov.cn/XzqhVersionPublish.html,2025-12-31
330703,金东区,3,浙江省/金华市/金东区,https://dmfw.mca.gov.cn/XzqhVersionPublish.html,2025-12-31
330723,武义县,3,浙江省/金华市/武义县,https://dmfw.mca.gov.cn/XzqhVersionPublish.html,2025-12-31
330726,浦江县,3,浙江省/金华市/浦江县,https://dmfw.mca.gov.cn/XzqhVersionPublish.html,2025-12-31
330727,磐安县,3,浙江省/金华市/磐安县,https://dmfw.mca.gov.cn/XzqhVersionPublish.html,2025-12-31
330781,兰溪市,3,浙江省/金华市/兰溪市,https://dmfw.mca.gov.cn/XzqhVersionPublish.html,2025-12-31
330782,义乌市,3,浙江省/金华市/义乌市,https://dmfw.mca.gov.cn/XzqhVersionPublish.html,2025-12-31
330783,东阳市,3,浙江省/金华市/东阳市,https://dmfw.mca.gov.cn/XzqhVersionPublish.html,2025-12-31
330784,永康市,3,浙江省/金华市/永康市,https://dmfw.mca.gov.cn/XzqhVersionPublish.html,2025-12-31
330800,衢州市,2,浙江省/衢州市,https://dmfw.mca.gov.cn/XzqhVersionPublish.html,2025-12-31
330802,柯城区,3,浙江省/衢州市/柯城区,https://dmfw.mca.gov.cn/XzqhVersionPublish.html,2025-12-31
330803,衢江区,3,浙江省/衢州市/衢江区,https://dmfw.mca.gov.cn/XzqhVersionPublish.html,2025-12-31
330822,常山县,3,浙江省/衢州市/常山县,https://dmfw.mca.gov.cn/XzqhVersionPublish.html,2025-12-31
330824,开化县,3,浙江省/衢州市/开化县,https://dmfw.mca.gov.cn/XzqhVersionPublish.html,2025-12-31
330825,龙游县,3,浙江省/衢州市/龙游县,https://dmfw.mca.gov.cn/XzqhVersionPublish.html,2025-12-31
330881,江山市,3,浙江省/衢州市/江山市,https://dmfw.mca.gov.cn/XzqhVersionPublish.html,2025-12-31
330900,舟山市,2,浙江省/舟山市,https://dmfw.mca.gov.cn/XzqhVersionPublish.html,2025-12-31
330902,定海区,3,浙江省/舟山市/定海区,https://dmfw.mca.gov.cn/XzqhVersionPublish.html,2025-12-31
330903,普陀区,3,浙江省/舟山市/普陀区,https://dmfw.mca.gov.cn/XzqhVersionPublish.html,2025-12-31
330921,岱山县,3,浙江省/舟山市/岱山县,https://dmfw.mca.gov.cn/XzqhVersionPublish.html,2025-12-31
330922,嵊泗县,3,浙江省/舟山市/嵊泗县,https://dmfw.mca.gov.cn/XzqhVersionPublish.html,2025-12-31
331000,台州市,2,浙江省/台州市,https://dmfw.mca.gov.cn/XzqhVersionPublish.html,2025-12-31
331002,椒江区,3,浙江省/台州市/椒江区,https://dmfw.mca.gov.cn/XzqhVersionPublish.html,2025-12-31
331003,黄岩区,3,浙江省/台州市/黄岩区,https://dmfw.mca.gov.cn/XzqhVersionPublish.html,2025-12-31
331004,路桥区,3,浙江省/台州市/路桥区,https://dmfw.mca.gov.cn/XzqhVersionPublish.html,2025-12-31
331022,三门县,3,浙江省/台州市/三门县,https://dmfw.mca.gov.cn/XzqhVersionPublish.html,2025-12-31
331023,天台县,3,浙江省/台州市/天台县,https://dmfw.mca.gov.cn/XzqhVersionPublish.html,2025-12-31
331024,仙居县,3,浙江省/台州市/仙居县,https://dmfw.mca.gov.cn/XzqhVersionPublish.html,2025-12-31
331081,温岭市,3,浙江省/台州市/温岭市,https://dmfw.mca.gov.cn/XzqhVersionPublish.html,2025-12-31
331082,临海市,3,浙江省/台州市/临海市,https://dmfw.mca.gov.cn/XzqhVersionPublish.html,2025-12-31
331083,玉环市,3,浙江省/台州市/玉环市,https://dmfw.mca.gov.cn/XzqhVersionPublish.html,2025-12-31
331100,丽水市,2,浙江省/丽水市,https://dmfw.mca.gov.cn/XzqhVersionPublish.html,2025-12-31
331102,莲都区,3,浙江省/丽水市/莲都区,https://dmfw.mca.gov.cn/XzqhVersionPublish.html,2025-12-31
331121,青田县,3,浙江省/丽水市/青田县,https://dmfw.mca.gov.cn/XzqhVersionPublish.html,2025-12-31
331122,缙云县,3,浙江省/丽水市/缙云县,https://dmfw.mca.gov.cn/XzqhVersionPublish.html,2025-12-31
331123,遂昌县,3,浙江省/丽水市/遂昌县,https://dmfw.mca.gov.cn/XzqhVersionPublish.html,2025-12-31
331124,松阳县,3,浙江省/丽水市/松阳县,https://dmfw.mca.gov.cn/XzqhVersionPublish.html,2025-12-31
331125,云和县,3,浙江省/丽水市/云和县,https://dmfw.mca.gov.cn/XzqhVersionPublish.html,2025-12-31
331126,庆元县,3,浙江省/丽水市/庆元县,https://dmfw.mca.gov.cn/XzqhVersionPublish.html,2025-12-31
331127,景宁畲族自治县,3,浙江省/丽水市/景宁畲族自治县,https://dmfw.mca.gov.cn/XzqhVersionPublish.html,2025-12-31
331181,龙泉市,3,浙江省/丽水市/龙泉市,https://dmfw.mca.gov.cn/XzqhVersionPublish.html,2025-12-31
340000,安徽省,1,安徽省,https://dmfw.mca.gov.cn/XzqhVersionPublish.html,2025-12-31
340100,合肥市,2,安徽省/合肥市,https://dmfw.mca.gov.cn/XzqhVersionPublish.html,2025-12-31
340102,瑶海区,3,安徽省/合肥市/瑶海区,https://dmfw.mca.gov.cn/XzqhVersionPublish.html,2025-12-31
340103,庐阳区,3,安徽省/合肥市/庐阳区,https://dmfw.mca.gov.cn/XzqhVersionPublish.html,2025-12-31
340104,蜀山区,3,安徽省/合肥市/蜀山区,https://dmfw.mca.gov.cn/XzqhVersionPublish.html,2025-12-31
340111,包河区,3,安徽省/合肥市/包河区,https://dmfw.mca.gov.cn/XzqhVersionPublish.html,2025-12-31
340121,长丰县,3,安徽省/合肥市/长丰县,https://dmfw.mca.gov.cn/XzqhVersionPublish.html,2025-12-31
340122,肥东县,3,安徽省/合肥市/肥东县,https://dmfw.mca.gov.cn/XzqhVersionPublish.html,2025-12-31
340123,肥西县,3,安徽省/合肥市/肥西县,https://dmfw.mca.gov.cn/XzqhVersionPublish.html,2025-12-31
340124,庐江县,3,安徽省/合肥市/庐江县,https://dmfw.mca.gov.cn/XzqhVersionPublish.html,2025-12-31
340181,巢湖市,3,安徽省/合肥市/巢湖市,https://dmfw.mca.gov.cn/XzqhVersionPublish.html,2025-12-31
340200,芜湖市,2,安徽省/芜湖市,https://dmfw.mca.gov.cn/XzqhVersionPublish.html,2025-12-31
340202,镜湖区,3,安徽省/芜湖市/镜湖区,https://dmfw.mca.gov.cn/XzqhVersionPublish.html,2025-12-31
340207,鸠江区,3,安徽省/芜湖市/鸠江区,https://dmfw.mca.gov.cn/XzqhVersionPublish.html,2025-12-31
340209,弋江区,3,安徽省/芜湖市/弋江区,https://dmfw.mca.gov.cn/XzqhVersionPublish.html,2025-12-31
340210,湾沚区,3,安徽省/芜湖市/湾沚区,https://dmfw.mca.gov.cn/XzqhVersionPublish.html,2025-12-31
340212,繁昌区,3,安徽省/芜湖市/繁昌区,https://dmfw.mca.gov.cn/XzqhVersionPublish.html,2025-12-31
340223,南陵县,3,安徽省/芜湖市/南陵县,https://dmfw.mca.gov.cn/XzqhVersionPublish.html,2025-12-31
340281,无为市,3,安徽省/芜湖市/无为市,https://dmfw.mca.gov.cn/XzqhVersionPublish.html,2025-12-31
340300,蚌埠市,2,安徽省/蚌埠市,https://dmfw.mca.gov.cn/XzqhVersionPublish.html,2025-12-31
340302,龙子湖区,3,安徽省/蚌埠市/龙子湖区,https://dmfw.mca.gov.cn/XzqhVersionPublish.html,2025-12-31
340303,蚌山区,3,安徽省/蚌埠市/蚌山区,https://dmfw.mca.gov.cn/XzqhVersionPublish.html,2025-12-31
340304,禹会区,3,安徽省/蚌埠市/禹会区,https://dmfw.mca.gov.cn/XzqhVersionPublish.html,2025-12-31
340311,淮上区,3,安徽省/蚌埠市/淮上区,https://dmfw.mca.gov.cn/XzqhVersionPublish.html,2025-12-31
340321,怀远县,3,安徽省/蚌埠市/怀远县,https://dmfw.mca.gov.cn/XzqhVersionPublish.html,2025-12-31
340322,五河县,3,安徽省/蚌埠市/五河县,https://dmfw.mca.gov.cn/XzqhVersionPublish.html,2025-12-31
340323,固镇县,3,安徽省/蚌埠市/固镇县,https://dmfw.mca.gov.cn/XzqhVersionPublish.html,2025-12-31
340400,淮南市,2,安徽省/淮南市,https://dmfw.mca.gov.cn/XzqhVersionPublish.html,2025-12-31
340402,大通区,3,安徽省/淮南市/大通区,https://dmfw.mca.gov.cn/XzqhVersionPublish.html,2025-12-31
340403,田家庵区,3,安徽省/淮南市/田家庵区,https://dmfw.mca.gov.cn/XzqhVersionPublish.html,2025-12-31
340404,谢家集区,3,安徽省/淮南市/谢家集区,https://dmfw.mca.gov.cn/XzqhVersionPublish.html,2025-12-31
340405,八公山区,3,安徽省/淮南市/八公山区,https://dmfw.mca.gov.cn/XzqhVersionPublish.html,2025-12-31
340406,潘集区,3,安徽省/淮南市/潘集区,https://dmfw.mca.gov.cn/XzqhVersionPublish.html,2025-12-31
340421,凤台县,3,安徽省/淮南市/凤台县,https://dmfw.mca.gov.cn/XzqhVersionPublish.html,2025-12-31
340422,寿县,3,安徽省/淮南市/寿县,https://dmfw.mca.gov.cn/XzqhVersionPublish.html,2025-12-31
340500,马鞍山市,2,安徽省/马鞍山市,https://dmfw.mca.gov.cn/XzqhVersionPublish.html,2025-12-31
340503,花山区,3,安徽省/马鞍山市/花山区,https://dmfw.mca.gov.cn/XzqhVersionPublish.html,2025-12-31
340504,雨山区,3,安徽省/马鞍山市/雨山区,https://dmfw.mca.gov.cn/XzqhVersionPublish.html,2025-12-31
340506,博望区,3,安徽省/马鞍山市/博望区,https://dmfw.mca.gov.cn/XzqhVersionPublish.html,2025-12-31
340521,当涂县,3,安徽省/马鞍山市/当涂县,https://dmfw.mca.gov.cn/XzqhVersionPublish.html,2025-12-31
340522,含山县,3,安徽省/马鞍山市/含山县,https://dmfw.mca.gov.cn/XzqhVersionPublish.html,2025-12-31
340523,和县,3,安徽省/马鞍山市/和县,https://dmfw.mca.gov.cn/XzqhVersionPublish.html,2025-12-31
340600,淮北市,2,安徽省/淮北市,https://dmfw.mca.gov.cn/XzqhVersionPublish.html,2025-12-31
340602,杜集区,3,安徽省/淮北市/杜集区,https://dmfw.mca.gov.cn/XzqhVersionPublish.html,2025-12-31
340603,相山区,3,安徽省/淮北市/相山区,https://dmfw.mca.gov.cn/XzqhVersionPublish.html,2025-12-31
340604,烈山区,3,安徽省/淮北市/烈山区,https://dmfw.mca.gov.cn/XzqhVersionPublish.html,2025-12-31
340621,濉溪县,3,安徽省/淮北市/濉溪县,https://dmfw.mca.gov.cn/XzqhVersionPublish.html,2025-12-31
340700,铜陵市,2,安徽省/铜陵市,https://dmfw.mca.gov.cn/XzqhVersionPublish.html,2025-12-31
340705,铜官区,3,安徽省/铜陵市/铜官区,https://dmfw.mca.gov.cn/XzqhVersionPublish.html,2025-12-31
340706,义安区,3,安徽省/铜陵市/义安区,https://dmfw.mca.gov.cn/XzqhVersionPublish.html,2025-12-31
340711,郊区,3,安徽省/铜陵市/郊区,https://dmfw.mca.gov.cn/XzqhVersionPublish.html,2025-12-31
340722,枞阳县,3,安徽省/铜陵市/枞阳县,https://dmfw.mca.gov.cn/XzqhVersionPublish.html,2025-12-31
340800,安庆市,2,安徽省/安庆市,https://dmfw.mca.gov.cn/XzqhVersionPublish.html,2025-12-31
340802,迎江区,3,安徽省/安庆市/迎江区,https://dmfw.mca.gov.cn/XzqhVersionPublish.html,2025-12-31
340803,大观区,3,安徽省/安庆市/大观区,https://dmfw.mca.gov.cn/XzqhVersionPublish.html,2025-12-31
340811,宜秀区,3,安徽省/安庆市/宜秀区,https://dmfw.mca.gov.cn/XzqhVersionPublish.html,2025-12-31
340822,怀宁县,3,安徽省/安庆市/怀宁县,https://dmfw.mca.gov.cn/XzqhVersionPublish.html,2025-12-31
340825,太湖县,3,安徽省/安庆市/太湖县,https://dmfw.mca.gov.cn/XzqhVersionPublish.html,2025-12-31
340826,宿松县,3,安徽省/安庆市/宿松县,https://dmfw.mca.gov.cn/XzqhVersionPublish.html,2025-12-31
340827,望江县,3,安徽省/安庆市/望江县,https://dmfw.mca.gov.cn/XzqhVersionPublish.html,2025-12-31
340828,岳西县,3,安徽省/安庆市/岳西县,https://dmfw.mca.gov.cn/XzqhVersionPublish.html,2025-12-31
340881,桐城市,3,安徽省/安庆市/桐城市,https://dmfw.mca.gov.cn/XzqhVersionPublish.html,2025-12-31
340882,潜山市,3,安徽省/安庆市/潜山市,https://dmfw.mca.gov.cn/XzqhVersionPublish.html,2025-12-31
341000,黄山市,2,安徽省/黄山市,https://dmfw.mca.gov.cn/XzqhVersionPublish.html,2025-12-31
341002,屯溪区,3,安徽省/黄山市/屯溪区,https://dmfw.mca.gov.cn/XzqhVersionPublish.html,2025-12-31
341003,黄山区,3,安徽省/黄山市/黄山区,https://dmfw.mca.gov.cn/XzqhVersionPublish.html,2025-12-31
341004,徽州区,3,安徽省/黄山市/徽州区,https://dmfw.mca.gov.cn/XzqhVersionPublish.html,2025-12-31
341021,歙县,3,安徽省/黄山市/歙县,https://dmfw.mca.gov.cn/XzqhVersionPublish.html,2025-12-31
341022,休宁县,3,安徽省/黄山市/休宁县,https://dmfw.mca.gov.cn/XzqhVersionPublish.html,2025-12-31
341023,黟县,3,安徽省/黄山市/黟县,https://dmfw.mca.gov.cn/XzqhVersionPublish.html,2025-12-31
341024,祁门县,3,安徽省/黄山市/祁门县,https://dmfw.mca.gov.cn/XzqhVersionPublish.html,2025-12-31
341100,滁州市,2,安徽省/滁州市,https://dmfw.mca.gov.cn/XzqhVersionPublish.html,2025-12-31
341102,琅琊区,3,安徽省/滁州市/琅琊区,https://dmfw.mca.gov.cn/XzqhVersionPublish.html,2025-12-31
341103,南谯区,3,安徽省/滁州市/南谯区,https://dmfw.mca.gov.cn/XzqhVersionPublish.html,2025-12-31
341122,来安县,3,安徽省/滁州市/来安县,https://dmfw.mca.gov.cn/XzqhVersionPublish.html,2025-12-31
341124,全椒县,3,安徽省/滁州市/全椒县,https://dmfw.mca.gov.cn/XzqhVersionPublish.html,2025-12-31
341125,定远县,3,安徽省/滁州市/定远县,https://dmfw.mca.gov.cn/XzqhVersionPublish.html,2025-12-31
341126,凤阳县,3,安徽省/滁州市/凤阳县,https://dmfw.mca.gov.cn/XzqhVersionPublish.html,2025-12-31
341181,天长市,3,安徽省/滁州市/天长市,https://dmfw.mca.gov.cn/XzqhVersionPublish.html,2025-12-31
341182,明光市,3,安徽省/滁州市/明光市,https://dmfw.mca.gov.cn/XzqhVersionPublish.html,2025-12-31
341200,阜阳市,2,安徽省/阜阳市,https://dmfw.mca.gov.cn/XzqhVersionPublish.html,2025-12-31
341202,颍州区,3,安徽省/阜阳市/颍州区,https://dmfw.mca.gov.cn/XzqhVersionPublish.html,2025-12-31
341203,颍东区,3,安徽省/阜阳市/颍东区,https://dmfw.mca.gov.cn/XzqhVersionPublish.html,2025-12-31
341204,颍泉区,3,安徽省/阜阳市/颍泉区,https://dmfw.mca.gov.cn/XzqhVersionPublish.html,2025-12-31
341221,临泉县,3,安徽省/阜阳市/临泉县,https://dmfw.mca.gov.cn/XzqhVersionPublish.html,2025-12-31
341222,太和县,3,安徽省/阜阳市/太和县,https://dmfw.mca.gov.cn/XzqhVersionPublish.html,2025-12-31
341225,阜南县,3,安徽省/阜阳市/阜南县,https://dmfw.mca.gov.cn/XzqhVersionPublish.html,2025-12-31
341226,颍上县,3,安徽省/阜阳市/颍上县,https://dmfw.mca.gov.cn/XzqhVersionPublish.html,2025-12-31
341282,界首市,3,安徽省/阜阳市/界首市,https://dmfw.mca.gov.cn/XzqhVersionPublish.html,2025-12-31
341300,宿州市,2,安徽省/宿州市,https://dmfw.mca.gov.cn/XzqhVersionPublish.html,2025-12-31
341302,埇桥区,3,安徽省/宿州市/埇桥区,https://dmfw.mca.gov.cn/XzqhVersionPublish.html,2025-12-31
341321,砀山县,3,安徽省/宿州市/砀山县,https://dmfw.mca.gov.cn/XzqhVersionPublish.html,2025-12-31
341322,萧县,3,安徽省/宿州市/萧县,https://dmfw.mca.gov.cn/XzqhVersionPublish.html,2025-12-31
341323,灵璧县,3,安徽省/宿州市/灵璧县,https://dmfw.mca.gov.cn/XzqhVersionPublish.html,2025-12-31
341324,泗县,3,安徽省/宿州市/泗县,https://dmfw.mca.gov.cn/XzqhVersionPublish.html,2025-12-31
341500,六安市,2,安徽省/六安市,https://dmfw.mca.gov.cn/XzqhVersionPublish.html,2025-12-31
341502,金安区,3,安徽省/六安市/金安区,https://dmfw.mca.gov.cn/XzqhVersionPublish.html,2025-12-31
341503,裕安区,3,安徽省/六安市/裕安区,https://dmfw.mca.gov.cn/XzqhVersionPublish.html,2025-12-31
341504,叶集区,3,安徽省/六安市/叶集区,https://dmfw.mca.gov.cn/XzqhVersionPublish.html,2025-12-31
341522,霍邱县,3,安徽省/六安市/霍邱县,https://dmfw.mca.gov.cn/XzqhVersionPublish.html,2025-12-31
341523,舒城县,3,安徽省/六安市/舒城县,https://dmfw.mca.gov.cn/XzqhVersionPublish.html,2025-12-31
341524,金寨县,3,安徽省/六安市/金寨县,https://dmfw.mca.gov.cn/XzqhVersionPublish.html,2025-12-31
341525,霍山县,3,安徽省/六安市/霍山县,https://dmfw.mca.gov.cn/XzqhVersionPublish.html,2025-12-31
341600,亳州市,2,安徽省/亳州市,https://dmfw.mca.gov.cn/XzqhVersionPublish.html,2025-12-31
341602,谯城区,3,安徽省/亳州市/谯城区,https://dmfw.mca.gov.cn/XzqhVersionPublish.html,2025-12-31
341621,涡阳县,3,安徽省/亳州市/涡阳县,https://dmfw.mca.gov.cn/XzqhVersionPublish.html,2025-12-31
341622,蒙城县,3,安徽省/亳州市/蒙城县,https://dmfw.mca.gov.cn/XzqhVersionPublish.html,2025-12-31
341623,利辛县,3,安徽省/亳州市/利辛县,https://dmfw.mca.gov.cn/XzqhVersionPublish.html,2025-12-31
341700,池州市,2,安徽省/池州市,https://dmfw.mca.gov.cn/XzqhVersionPublish.html,2025-12-31
341702,贵池区,3,安徽省/池州市/贵池区,https://dmfw.mca.gov.cn/XzqhVersionPublish.html,2025-12-31
341721,东至县,3,安徽省/池州市/东至县,https://dmfw.mca.gov.cn/XzqhVersionPublish.html,2025-12-31
341722,石台县,3,安徽省/池州市/石台县,https://dmfw.mca.gov.cn/XzqhVersionPublish.html,2025-12-31
341723,青阳县,3,安徽省/池州市/青阳县,https://dmfw.mca.gov.cn/XzqhVersionPublish.html,2025-12-31
341800,宣城市,2,安徽省/宣城市,https://dmfw.mca.gov.cn/XzqhVersionPublish.html,2025-12-31
341802,宣州区,3,安徽省/宣城市/宣州区,https://dmfw.mca.gov.cn/XzqhVersionPublish.html,2025-12-31
341821,郎溪县,3,安徽省/宣城市/郎溪县,https://dmfw.mca.gov.cn/XzqhVersionPublish.html,2025-12-31
341823,泾县,3,安徽省/宣城市/泾县,https://dmfw.mca.gov.cn/XzqhVersionPublish.html,2025-12-31
341824,绩溪县,3,安徽省/宣城市/绩溪县,https://dmfw.mca.gov.cn/XzqhVersionPublish.html,2025-12-31
341825,旌德县,3,安徽省/宣城市/旌德县,https://dmfw.mca.gov.cn/XzqhVersionPublish.html,2025-12-31
341881,宁国市,3,安徽省/宣城市/宁国市,https://dmfw.mca.gov.cn/XzqhVersionPublish.html,2025-12-31
341882,广德市,3,安徽省/宣城市/广德市,https://dmfw.mca.gov.cn/XzqhVersionPublish.html,2025-12-31
350000,福建省,1,福建省,https://dmfw.mca.gov.cn/XzqhVersionPublish.html,2025-12-31
350100,福州市,2,福建省/福州市,https://dmfw.mca.gov.cn/XzqhVersionPublish.html,2025-12-31
350102,鼓楼区,3,福建省/福州市/鼓楼区,https://dmfw.mca.gov.cn/XzqhVersionPublish.html,2025-12-31
350103,台江区,3,福建省/福州市/台江区,https://dmfw.mca.gov.cn/XzqhVersionPublish.html,2025-12-31
350104,仓山区,3,福建省/福州市/仓山区,https://dmfw.mca.gov.cn/XzqhVersionPublish.html,2025-12-31
350105,马尾区,3,福建省/福州市/马尾区,https://dmfw.mca.gov.cn/XzqhVersionPublish.html,2025-12-31
350111,晋安区,3,福建省/福州市/晋安区,https://dmfw.mca.gov.cn/XzqhVersionPublish.html,2025-12-31
350112,长乐区,3,福建省/福州市/长乐区,https://dmfw.mca.gov.cn/XzqhVersionPublish.html,2025-12-31
350121,闽侯县,3,福建省/福州市/闽侯县,https://dmfw.mca.gov.cn/XzqhVersionPublish.html,2025-12-31
350122,连江县,3,福建省/福州市/连江县,https://dmfw.mca.gov.cn/XzqhVersionPublish.html,2025-12-31
350123,罗源县,3,福建省/福州市/罗源县,https://dmfw.mca.gov.cn/XzqhVersionPublish.html,2025-12-31
350124,闽清县,3,福建省/福州市/闽清县,https://dmfw.mca.gov.cn/XzqhVersionPublish.html,2025-12-31
350125,永泰县,3,福建省/福州市/永泰县,https://dmfw.mca.gov.cn/XzqhVersionPublish.html,2025-12-31
350128,平潭县,3,福建省/福州市/平潭县,https://dmfw.mca.gov.cn/XzqhVersionPublish.html,2025-12-31
350181,福清市,3,福建省/福州市/福清市,https://dmfw.mca.gov.cn/XzqhVersionPublish.html,2025-12-31
350200,厦门市,2,福建省/厦门市,https://dmfw.mca.gov.cn/XzqhVersionPublish.html,2025-12-31
350203,思明区,3,福建省/厦门市/思明区,https://dmfw.mca.gov.cn/XzqhVersionPublish.html,2025-12-31
350205,海沧区,3,福建省/厦门市/海沧区,https://dmfw.mca.gov.cn/XzqhVersionPublish.html,2025-12-31
350206,湖里区,3,福建省/厦门市/湖里区,https://dmfw.mca.gov.cn/XzqhVersionPublish.html,2025-12-31
350211,集美区,3,福建省/厦门市/集美区,https://dmfw.mca.gov.cn/XzqhVersionPublish.html,2025-12-31
350212,同安区,3,福建省/厦门市/同安区,https://dmfw.mca.gov.cn/XzqhVersionPublish.html,2025-12-31
350213,翔安区,3,福建省/厦门市/翔安区,https://dmfw.mca.gov.cn/XzqhVersionPublish.html,2025-12-31
350300,莆田市,2,福建省/莆田市,https://dmfw.mca.gov.cn/XzqhVersionPublish.html,2025-12-31
350302,城厢区,3,福建省/莆田市/城厢区,https://dmfw.mca.gov.cn/XzqhVersionPublish.html,2025-12-31
350303,涵江区,3,福建省/莆田市/涵江区,https://dmfw.mca.gov.cn/XzqhVersionPublish.html,2025-12-31
350304,荔城区,3,福建省/莆田市/荔城区,https://dmfw.mca.gov.cn/XzqhVersionPublish.html,2025-12-31
350305,秀屿区,3,福建省/莆田市/秀屿区,https://dmfw.mca.gov.cn/XzqhVersionPublish.html,2025-12-31
350322,仙游县,3,福建省/莆田市/仙游县,https://dmfw.mca.gov.cn/XzqhVersionPublish.html,2025-12-31
350400,三明市,2,福建省/三明市,https://dmfw.mca.gov.cn/XzqhVersionPublish.html,2025-12-31
350404,三元区,3,福建省/三明市/三元区,https://dmfw.mca.gov.cn/XzqhVersionPublish.html,2025-12-31
350405,沙县区,3,福建省/三明市/沙县区,https://dmfw.mca.gov.cn/XzqhVersionPublish.html,2025-12-31
350421,明溪县,3,福建省/三明市/明溪县,https://dmfw.mca.gov.cn/XzqhVersionPublish.html,2025-12-31
350423,清流县,3,福建省/三明市/清流县,https://dmfw.mca.gov.cn/XzqhVersionPublish.html,2025-12-31
350424,宁化县,3,福建省/三明市/宁化县,https://dmfw.mca.gov.cn/XzqhVersionPublish.html,2025-12-31
350425,大田县,3,福建省/三明市/大田县,https://dmfw.mca.gov.cn/XzqhVersionPublish.html,2025-12-31
350426,尤溪县,3,福建省/三明市/尤溪县,https://dmfw.mca.gov.cn/XzqhVersionPublish.html,2025-12-31
350428,将乐县,3,福建省/三明市/将乐县,https://dmfw.mca.gov.cn/XzqhVersionPublish.html,2025-12-31
350429,泰宁县,3,福建省/三明市/泰宁县,https://dmfw.mca.gov.cn/XzqhVersionPublish.html,2025-12-31
350430,建宁县,3,福建省/三明市/建宁县,https://dmfw.mca.gov.cn/XzqhVersionPublish.html,2025-12-31
350481,永安市,3,福建省/三明市/永安市,https://dmfw.mca.gov.cn/XzqhVersionPublish.html,2025-12-31
350500,泉州市,2,福建省/泉州市,https://dmfw.mca.gov.cn/XzqhVersionPublish.html,2025-12-31
350502,鲤城区,3,福建省/泉州市/鲤城区,https://dmfw.mca.gov.cn/XzqhVersionPublish.html,2025-12-31
350503,丰泽区,3,福建省/泉州市/丰泽区,https://dmfw.mca.gov.cn/XzqhVersionPublish.html,2025-12-31
350504,洛江区,3,福建省/泉州市/洛江区,https://dmfw.mca.gov.cn/XzqhVersionPublish.html,2025-12-31
350505,泉港区,3,福建省/泉州市/泉港区,https://dmfw.mca.gov.cn/XzqhVersionPublish.html,2025-12-31
350521,惠安县,3,福建省/泉州市/惠安县,https://dmfw.mca.gov.cn/XzqhVersionPublish.html,2025-12-31
350524,安溪县,3,福建省/泉州市/安溪县,https://dmfw.mca.gov.cn/XzqhVersionPublish.html,2025-12-31
350525,永春县,3,福建省/泉州市/永春县,https://dmfw.mca.gov.cn/XzqhVersionPublish.html,2025-12-31
350526,德化县,3,福建省/泉州市/德化县,https://dmfw.mca.gov.cn/XzqhVersionPublish.html,2025-12-31
350527,金门县,3,福建省/泉州市/金门县,https://dmfw.mca.gov.cn/XzqhVersionPublish.html,2025-12-31
350581,石狮市,3,福建省/泉州市/石狮市,https://dmfw.mca.gov.cn/XzqhVersionPublish.html,2025-12-31
350582,晋江市,3,福建省/泉州市/晋江市,https://dmfw.mca.gov.cn/XzqhVersionPublish.html,2025-12-31
350583,南安市,3,福建省/泉州市/南安市,https://dmfw.mca.gov.cn/XzqhVersionPublish.html,2025-12-31
350600,漳州市,2,福建省/漳州市,https://dmfw.mca.gov.cn/XzqhVersionPublish.html,2025-12-31
350602,芗城区,3,福建省/漳州市/芗城区,https://dmfw.mca.gov.cn/XzqhVersionPublish.html,2025-12-31
350603,龙文区,3,福建省/漳州市/龙文区,https://dmfw.mca.gov.cn/XzqhVersionPublish.html,2025-12-31
350604,龙海区,3,福建省/漳州市/龙海区,https://dmfw.mca.gov.cn/XzqhVersionPublish.html,2025-12-31
350605,长泰区,3,福建省/漳州市/长泰区,https://dmfw.mca.gov.cn/XzqhVersionPublish.html,2025-12-31
350622,云霄县,3,福建省/漳州市/云霄县,https://dmfw.mca.gov.cn/XzqhVersionPublish.html,2025-12-31
350623,漳浦县,3,福建省/漳州市/漳浦县,https://dmfw.mca.gov.cn/XzqhVersionPublish.html,2025-12-31
350624,诏安县,3,福建省/漳州市/诏安县,https://dmfw.mca.gov.cn/XzqhVersionPublish.html,2025-12-31
350626,东山县,3,福建省/漳州市/东山县,https://dmfw.mca.gov.cn/XzqhVersionPublish.html,2025-12-31
350627,南靖县,3,福建省/漳州市/南靖县,https://dmfw.mca.gov.cn/XzqhVersionPublish.html,2025-12-31
350628,平和县,3,福建省/漳州市/平和县,https://dmfw.mca.gov.cn/XzqhVersionPublish.html,2025-12-31
350629,华安县,3,福建省/漳州市/华安县,https://dmfw.mca.gov.cn/XzqhVersionPublish.html,2025-12-31
350700,南平市,2,福建省/南平市,https://dmfw.mca.gov.cn/XzqhVersionPublish.html,2025-12-31
350702,延平区,3,福建省/南平市/延平区,https://dmfw.mca.gov.cn/XzqhVersionPublish.html,2025-12-31
350703,建阳区,3,福建省/南平市/建阳区,https://dmfw.mca.gov.cn/XzqhVersionPublish.html,2025-12-31
350721,顺昌县,3,福建省/南平市/顺昌县,https://dmfw.mca.gov.cn/XzqhVersionPublish.html,2025-12-31
350722,浦城县,3,福建省/南平市/浦城县,https://dmfw.mca.gov.cn/XzqhVersionPublish.html,2025-12-31
350723,光泽县,3,福建省/南平市/光泽县,https://dmfw.mca.gov.cn/XzqhVersionPublish.html,2025-12-31
350724,松溪县,3,福建省/南平市/松溪县,https://dmfw.mca.gov.cn/XzqhVersionPublish.html,2025-12-31
350725,政和县,3,福建省/南平市/政和县,https://dmfw.mca.gov.cn/XzqhVersionPublish.html,2025-12-31
350781,邵武市,3,福建省/南平市/邵武市,https://dmfw.mca.gov.cn/XzqhVersionPublish.html,2025-12-31
350782,武夷山市,3,福建省/南平市/武夷山市,https://dmfw.mca.gov.cn/XzqhVersionPublish.html,2025-12-31
350783,建瓯市,3,福建省/南平市/建瓯市,https://dmfw.mca.gov.cn/XzqhVersionPublish.html,2025-12-31
350800,龙岩市,2,福建省/龙岩市,https://dmfw.mca.gov.cn/XzqhVersionPublish.html,2025-12-31
350802,新罗区,3,福建省/龙岩市/新罗区,https://dmfw.mca.gov.cn/XzqhVersionPublish.html,2025-12-31
350803,永定区,3,福建省/龙岩市/永定区,https://dmfw.mca.gov.cn/XzqhVersionPublish.html,2025-12-31
350821,长汀县,3,福建省/龙岩市/长汀县,https://dmfw.mca.gov.cn/XzqhVersionPublish.html,2025-12-31
350823,上杭县,3,福建省/龙岩市/上杭县,https://dmfw.mca.gov.cn/XzqhVersionPublish.html,2025-12-31
350824,武平县,3,福建省/龙岩市/武平县,https://dmfw.mca.gov.cn/XzqhVersionPublish.html,2025-12-31
350825,连城县,3,福建省/龙岩市/连城县,https://dmfw.mca.gov.cn/XzqhVersionPublish.html,2025-12-31
350881,漳平市,3,福建省/龙岩市/漳平市,https://dmfw.mca.gov.cn/XzqhVersionPublish.html,2025-12-31
350900,宁德市,2,福建省/宁德市,https://dmfw.mca.gov.cn/XzqhVersionPublish.html,2025-12-31
350902,蕉城区,3,福建省/宁德市/蕉城区,https://dmfw.mca.gov.cn/XzqhVersionPublish.html,2025-12-31
350921,霞浦县,3,福建省/宁德市/霞浦县,https://dmfw.mca.gov.cn/XzqhVersionPublish.html,2025-12-31
350922,古田县,3,福建省/宁德市/古田县,https://dmfw.mca.gov.cn/XzqhVersionPublish.html,2025-12-31
350923,屏南县,3,福建省/宁德市/屏南县,https://dmfw.mca.gov.cn/XzqhVersionPublish.html,2025-12-31
350924,寿宁县,3,福建省/宁德市/寿宁县,https://dmfw.mca.gov.cn/XzqhVersionPublish.html,2025-12-31
350925,周宁县,3,福建省/宁德市/周宁县,https://dmfw.mca.gov.cn/XzqhVersionPublish.html,2025-12-31
350926,柘荣县,3,福建省/宁德市/柘荣县,https://dmfw.mca.gov.cn/XzqhVersionPublish.html,2025-12-31
350981,福安市,3,福建省/宁德市/福安市,https://dmfw.mca.gov.cn/XzqhVersionPublish.html,2025-12-31
350982,福鼎市,3,福建省/宁德市/福鼎市,https://dmfw.mca.gov.cn/XzqhVersionPublish.html,2025-12-31
360000,江西省,1,江西省,https://dmfw.mca.gov.cn/XzqhVersionPublish.html,2025-12-31
360100,南昌市,2,江西省/南昌市,https://dmfw.mca.gov.cn/XzqhVersionPublish.html,2025-12-31
360102,东湖区,3,江西省/南昌市/东湖区,https://dmfw.mca.gov.cn/XzqhVersionPublish.html,2025-12-31
360103,西湖区,3,江西省/南昌市/西湖区,https://dmfw.mca.gov.cn/XzqhVersionPublish.html,2025-12-31
360104,青云谱区,3,江西省/南昌市/青云谱区,https://dmfw.mca.gov.cn/XzqhVersionPublish.html,2025-12-31
360111,青山湖区,3,江西省/南昌市/青山湖区,https://dmfw.mca.gov.cn/XzqhVersionPublish.html,2025-12-31
360112,新建区,3,江西省/南昌市/新建区,https://dmfw.mca.gov.cn/XzqhVersionPublish.html,2025-12-31
360113,红谷滩区,3,江西省/南昌市/红谷滩区,https://dmfw.mca.gov.cn/XzqhVersionPublish.html,2025-12-31
360121,南昌县,3,江西省/南昌市/南昌县,https://dmfw.mca.gov.cn/XzqhVersionPublish.html,2025-12-31
360123,安义县,3,江西省/南昌市/安义县,https://dmfw.mca.gov.cn/XzqhVersionPublish.html,2025-12-31
360124,进贤县,3,江西省/南昌市/进贤县,https://dmfw.mca.gov.cn/XzqhVersionPublish.html,2025-12-31
360200,景德镇市,2,江西省/景德镇市,https://dmfw.mca.gov.cn/XzqhVersionPublish.html,2025-12-31
360202,昌江区,3,江西省/景德镇市/昌江区,https://dmfw.mca.gov.cn/XzqhVersionPublish.html,2025-12-31
360203,珠山区,3,江西省/景德镇市/珠山区,https://dmfw.mca.gov.cn/XzqhVersionPublish.html,2025-12-31
360222,浮梁县,3,江西省/景德镇市/浮梁县,https://dmfw.mca.gov.cn/XzqhVersionPublish.html,2025-12-31
360281,乐平市,3,江西省/景德镇市/乐平市,https://dmfw.mca.gov.cn/XzqhVersionPublish.html,2025-12-31
360300,萍乡市,2,江西省/萍乡市,https://dmfw.mca.gov.cn/XzqhVersionPublish.html,2025-12-31
360302,安源区,3,江西省/萍乡市/安源区,https://dmfw.mca.gov.cn/XzqhVersionPublish.html,2025-12-31
360313,湘东区,3,江西省/萍乡市/湘东区,https://dmfw.mca.gov.cn/XzqhVersionPublish.html,2025-12-31
360321,莲花县,3,江西省/萍乡市/莲花县,https://dmfw.mca.gov.cn/XzqhVersionPublish.html,2025-12-31
360322,上栗县,3,江西省/萍乡市/上栗县,https://dmfw.mca.gov.cn/XzqhVersionPublish.html,2025-12-31
360323,芦溪县,3,江西省/萍乡市/芦溪县,https://dmfw.mca.gov.cn/XzqhVersionPublish.html,2025-12-31
360400,九江市,2,江西省/九江市,https://dmfw.mca.gov.cn/XzqhVersionPublish.html,2025-12-31
360402,濂溪区,3,江西省/九江市/濂溪区,https://dmfw.mca.gov.cn/XzqhVersionPublish.html,2025-12-31
360403,浔阳区,3,江西省/九江市/浔阳区,https://dmfw.mca.gov.cn/XzqhVersionPublish.html,2025-12-31
360404,柴桑区,3,江西省/九江市/柴桑区,https://dmfw.mca.gov.cn/XzqhVersionPublish.html,2025-12-31
360423,武宁县,3,江西省/九江市/武宁县,https://dmfw.mca.gov.cn/XzqhVersionPublish.html,2025-12-31
360424,修水县,3,江西省/九江市/修水县,https://dmfw.mca.gov.cn/XzqhVersionPublish.html,2025-12-31
360425,永修县,3,江西省/九江市/永修县,https://dmfw.mca.gov.cn/XzqhVersionPublish.html,2025-12-31
360426,德安县,3,江西省/九江市/德安县,https://dmfw.mca.gov.cn/XzqhVersionPublish.html,2025-12-31
360428,都昌县,3,江西省/九江市/都昌县,https://dmfw.mca.gov.cn/XzqhVersionPublish.html,2025-12-31
360429,湖口县,3,江西省/九江市/湖口县,https://dmfw.mca.gov.cn/XzqhVersionPublish.html,2025-12-31
360430,彭泽县,3,江西省/九江市/彭泽县,https://dmfw.mca.gov.cn/XzqhVersionPublish.html,2025-12-31
360481,瑞昌市,3,江西省/九江市/瑞昌市,https://dmfw.mca.gov.cn/XzqhVersionPublish.html,2025-12-31
360482,共青城市,3,江西省/九江市/共青城市,https://dmfw.mca.gov.cn/XzqhVersionPublish.html,2025-12-31
360483,庐山市,3,江西省/九江市/庐山市,https://dmfw.mca.gov.cn/XzqhVersionPublish.html,2025-12-31
360500,新余市,2,江西省/新余市,https://dmfw.mca.gov.cn/XzqhVersionPublish.html,2025-12-31
360502,渝水区,3,江西省/新余市/渝水区,https://dmfw.mca.gov.cn/XzqhVersionPublish.html,2025-12-31
360521,分宜县,3,江西省/新余市/分宜县,https://dmfw.mca.gov.cn/XzqhVersionPublish.html,2025-12-31
360600,鹰潭市,2,江西省/鹰潭市,https://dmfw.mca.gov.cn/XzqhVersionPublish.html,2025-12-31
360602,月湖区,3,江西省/鹰潭市/月湖区,https://dmfw.mca.gov.cn/XzqhVersionPublish.html,2025-12-31
360603,余江区,3,江西省/鹰潭市/余江区,https://dmfw.mca.gov.cn/XzqhVersionPublish.html,2025-12-31
360681,贵溪市,3,江西省/鹰潭市/贵溪市,https://dmfw.mca.gov.cn/XzqhVersionPublish.html,2025-12-31
360700,赣州市,2,江西省/赣州市,https://dmfw.mca.gov.cn/XzqhVersionPublish.html,2025-12-31
360702,章贡区,3,江西省/赣州市/章贡区,https://dmfw.mca.gov.cn/XzqhVersionPublish.html,2025-12-31
360703,南康区,3,江西省/赣州市/南康区,https://dmfw.mca.gov.cn/XzqhVersionPublish.html,2025-12-31
360704,赣县区,3,江西省/赣州市/赣县区,https://dmfw.mca.gov.cn/XzqhVersionPublish.html,2025-12-31
360722,信丰县,3,江西省/赣州市/信丰县,https://dmfw.mca.gov.cn/XzqhVersionPublish.html,2025-12-31
360723,大余县,3,江西省/赣州市/大余县,https://dmfw.mca.gov.cn/XzqhVersionPublish.html,2025-12-31
360724,上犹县,3,江西省/赣州市/上犹县,https://dmfw.mca.gov.cn/XzqhVersionPublish.html,2025-12-31
360725,崇义县,3,江西省/赣州市/崇义县,https://dmfw.mca.gov.cn/XzqhVersionPublish.html,2025-12-31
360726,安远县,3,江西省/赣州市/安远县,https://dmfw.mca.gov.cn/XzqhVersionPublish.html,2025-12-31
360728,定南县,3,江西省/赣州市/定南县,https://dmfw.mca.gov.cn/XzqhVersionPublish.html,2025-12-31
360729,全南县,3,江西省/赣州市/全南县,https://dmfw.mca.gov.cn/XzqhVersionPublish.html,2025-12-31
360730,宁都县,3,江西省/赣州市/宁都县,https://dmfw.mca.gov.cn/XzqhVersionPublish.html,2025-12-31
360731,于都县,3,江西省/赣州市/于都县,https://dmfw.mca.gov.cn/XzqhVersionPublish.html,2025-12-31
360732,兴国县,3,江西省/赣州市/兴国县,https://dmfw.mca.gov.cn/XzqhVersionPublish.html,2025-12-31
360733,会昌县,3,江西省/赣州市/会昌县,https://dmfw.mca.gov.cn/XzqhVersionPublish.html,2025-12-31
360734,寻乌县,3,江西省/赣州市/寻乌县,https://dmfw.mca.gov.cn/XzqhVersionPublish.html,2025-12-31
360735,石城县,3,江西省/赣州市/石城县,https://dmfw.mca.gov.cn/XzqhVersionPublish.html,2025-12-31
360781,瑞金市,3,江西省/赣州市/瑞金市,https://dmfw.mca.gov.cn/XzqhVersionPublish.html,2025-12-31
360783,龙南市,3,江西省/赣州市/龙南市,https://dmfw.mca.gov.cn/XzqhVersionPublish.html,2025-12-31
360800,吉安市,2,江西省/吉安市,https://dmfw.mca.gov.cn/XzqhVersionPublish.html,2025-12-31
360802,吉州区,3,江西省/吉安市/吉州区,https://dmfw.mca.gov.cn/XzqhVersionPublish.html,2025-12-31
360803,青原区,3,江西省/吉安市/青原区,https://dmfw.mca.gov.cn/XzqhVersionPublish.html,2025-12-31
360821,吉安县,3,江西省/吉安市/吉安县,https://dmfw.mca.gov.cn/XzqhVersionPublish.html,2025-12-31
360822,吉水县,3,江西省/吉安市/吉水县,https://dmfw.mca.gov.cn/XzqhVersionPublish.html,2025-12-31
360823,峡江县,3,江西省/吉安市/峡江县,https://dmfw.mca.gov.cn/XzqhVersionPublish.html,2025-12-31
360824,新干县,3,江西省/吉安市/新干县,https://dmfw.mca.gov.cn/XzqhVersionPublish.html,2025-12-31
360825,永丰县,3,江西省/吉安市/永丰县,https://dmfw.mca.gov.cn/XzqhVersionPublish.html,2025-12-31
360826,泰和县,3,江西省/吉安市/泰和县,https://dmfw.mca.gov.cn/XzqhVersionPublish.html,2025-12-31
360827,遂川县,3,江西省/吉安市/遂川县,https://dmfw.mca.gov.cn/XzqhVersionPublish.html,2025-12-31
360828,万安县,3,江西省/吉安市/万安县,https://dmfw.mca.gov.cn/XzqhVersionPublish.html,2025-12-31
360829,安福县,3,江西省/吉安市/安福县,https://dmfw.mca.gov.cn/XzqhVersionPublish.html,2025-12-31
360830,永新县,3,江西省/吉安市/永新县,https://dmfw.mca.gov.cn/XzqhVersionPublish.html,2025-12-31
360881,井冈山市,3,江西省/吉安市/井冈山市,https://dmfw.mca.gov.cn/XzqhVersionPublish.html,2025-12-31
360900,宜春市,2,江西省/宜春市,https://dmfw.mca.gov.cn/XzqhVersionPublish.html,2025-12-31
360902,袁州区,3,江西省/宜春市/袁州区,https://dmfw.mca.gov.cn/XzqhVersionPublish.html,2025-12-31
360921,奉新县,3,江西省/宜春市/奉新县,https://dmfw.mca.gov.cn/XzqhVersionPublish.html,2025-12-31
360922,万载县,3,江西省/宜春市/万载县,https://dmfw.mca.gov.cn/XzqhVersionPublish.html,2025-12-31
360923,上高县,3,江西省/宜春市/上高县,https://dmfw.mca.gov.cn/XzqhVersionPublish.html,2025-12-31
360924,宜丰县,3,江西省/宜春市/宜丰县,https://dmfw.mca.gov.cn/XzqhVersionPublish.html,2025-12-31
360925,靖安县,3,江西省/宜春市/靖安县,https://dmfw.mca.gov.cn/XzqhVersionPublish.html,2025-12-31
360926,铜鼓县,3,江西省/宜春市/铜鼓县,https://dmfw.mca.gov.cn/XzqhVersionPublish.html,2025-12-31
360981,丰城市,3,江西省/宜春市/丰城市,https://dmfw.mca.gov.cn/XzqhVersionPublish.html,2025-12-31
360982,樟树市,3,江西省/宜春市/樟树市,https://dmfw.mca.gov.cn/XzqhVersionPublish.html,2025-12-31
360983,高安市,3,江西省/宜春市/高安市,https://dmfw.mca.gov.cn/XzqhVersionPublish.html,2025-12-31
361000,抚州市,2,江西省/抚州市,https://dmfw.mca.gov.cn/XzqhVersionPublish.html,2025-12-31
361002,临川区,3,江西省/抚州市/临川区,https://dmfw.mca.gov.cn/XzqhVersionPublish.html,2025-12-31
361003,东乡区,3,江西省/抚州市/东乡区,https://dmfw.mca.gov.cn/XzqhVersionPublish.html,2025-12-31
361021,南城县,3,江西省/抚州市/南城县,https://dmfw.mca.gov.cn/XzqhVersionPublish.html,2025-12-31
361022,黎川县,3,江西省/抚州市/黎川县,https://dmfw.mca.gov.cn/XzqhVersionPublish.html,2025-12-31
361023,南丰县,3,江西省/抚州市/南丰县,https://dmfw.mca.gov.cn/XzqhVersionPublish.html,2025-12-31
361024,崇仁县,3,江西省/抚州市/崇仁县,https://dmfw.mca.gov.cn/XzqhVersionPublish.html,2025-12-31
361025,乐安县,3,江西省/抚州市/乐安县,https://dmfw.mca.gov.cn/XzqhVersionPublish.html,2025-12-31
361026,宜黄县,3,江西省/抚州市/宜黄县,https://dmfw.mca.gov.cn/XzqhVersionPublish.html,2025-12-31
361027,金溪县,3,江西省/抚州市/金溪县,https://dmfw.mca.gov.cn/XzqhVersionPublish.html,2025-12-31
361028,资溪县,3,江西省/抚州市/资溪县,https://dmfw.mca.gov.cn/XzqhVersionPublish.html,2025-12-31
361030,广昌县,3,江西省/抚州市/广昌县,https://dmfw.mca.gov.cn/XzqhVersionPublish.html,2025-12-31
361100,上饶市,2,江西省/上饶市,https://dmfw.mca.gov.cn/XzqhVersionPublish.html,2025-12-31
361102,信州区,3,江西省/上饶市/信州区,https://dmfw.mca.gov.cn/XzqhVersionPublish.html,2025-12-31
361103,广丰区,3,江西省/上饶市/广丰区,https://dmfw.mca.gov.cn/XzqhVersionPublish.html,2025-12-31
361104,广信区,3,江西省/上饶市/广信区,https://dmfw.mca.gov.cn/XzqhVersionPublish.html,2025-12-31
361123,玉山县,3,江西省/上饶市/玉山县,https://dmfw.mca.gov.cn/XzqhVersionPublish.html,2025-12-31
361124,铅山县,3,江西省/上饶市/铅山县,https://dmfw.mca.gov.cn/XzqhVersionPublish.html,2025-12-31
361125,横峰县,3,江西省/上饶市/横峰县,https://dmfw.mca.gov.cn/XzqhVersionPublish.html,2025-12-31
361126,弋阳县,3,江西省/上饶市/弋阳县,https://dmfw.mca.gov.cn/XzqhVersionPublish.html,2025-12-31
361127,余干县,3,江西省/上饶市/余干县,https://dmfw.mca.gov.cn/XzqhVersionPublish.html,2025-12-31
361128,鄱阳县,3,江西省/上饶市/鄱阳县,https://dmfw.mca.gov.cn/XzqhVersionPublish.html,2025-12-31
361129,万年县,3,江西省/上饶市/万年县,https://dmfw.mca.gov.cn/XzqhVersionPublish.html,2025-12-31
361130,婺源县,3,江西省/上饶市/婺源县,https://dmfw.mca.gov.cn/XzqhVersionPublish.html,2025-12-31
361181,德兴市,3,江西省/上饶市/德兴市,https://dmfw.mca.gov.cn/XzqhVersionPublish.html,2025-12-31
370000,山东省,1,山东省,https://dmfw.mca.gov.cn/XzqhVersionPublish.html,2025-12-31
370100,济南市,2,山东省/济南市,https://dmfw.mca.gov.cn/XzqhVersionPublish.html,2025-12-31
370102,历下区,3,山东省/济南市/历下区,https://dmfw.mca.gov.cn/XzqhVersionPublish.html,2025-12-31
370103,市中区,3,山东省/济南市/市中区,https://dmfw.mca.gov.cn/XzqhVersionPublish.html,2025-12-31
370104,槐荫区,3,山东省/济南市/槐荫区,https://dmfw.mca.gov.cn/XzqhVersionPublish.html,2025-12-31
370105,天桥区,3,山东省/济南市/天桥区,https://dmfw.mca.gov.cn/XzqhVersionPublish.html,2025-12-31
370112,历城区,3,山东省/济南市/历城区,https://dmfw.mca.gov.cn/XzqhVersionPublish.html,2025-12-31
370113,长清区,3,山东省/济南市/长清区,https://dmfw.mca.gov.cn/XzqhVersionPublish.html,2025-12-31
370114,章丘区,3,山东省/济南市/章丘区,https://dmfw.mca.gov.cn/XzqhVersionPublish.html,2025-12-31
370115,济阳区,3,山东省/济南市/济阳区,https://dmfw.mca.gov.cn/XzqhVersionPublish.html,2025-12-31
370116,莱芜区,3,山东省/济南市/莱芜区,https://dmfw.mca.gov.cn/XzqhVersionPublish.html,2025-12-31
370117,钢城区,3,山东省/济南市/钢城区,https://dmfw.mca.gov.cn/XzqhVersionPublish.html,2025-12-31
370124,平阴县,3,山东省/济南市/平阴县,https://dmfw.mca.gov.cn/XzqhVersionPublish.html,2025-12-31
370126,商河县,3,山东省/济南市/商河县,https://dmfw.mca.gov.cn/XzqhVersionPublish.html,2025-12-31
370200,青岛市,2,山东省/青岛市,https://dmfw.mca.gov.cn/XzqhVersionPublish.html,2025-12-31
370202,市南区,3,山东省/青岛市/市南区,https://dmfw.mca.gov.cn/XzqhVersionPublish.html,2025-12-31
370203,市北区,3,山东省/青岛市/市北区,https://dmfw.mca.gov.cn/XzqhVersionPublish.html,2025-12-31
370211,黄岛区,3,山东省/青岛市/黄岛区,https://dmfw.mca.gov.cn/XzqhVersionPublish.html,2025-12-31
370212,崂山区,3,山东省/青岛市/崂山区,https://dmfw.mca.gov.cn/XzqhVersionPublish.html,2025-12-31
370213,李沧区,3,山东省/青岛市/李沧区,https://dmfw.mca.gov.cn/XzqhVersionPublish.html,2025-12-31
370214,城阳区,3,山东省/青岛市/城阳区,https://dmfw.mca.gov.cn/XzqhVersionPublish.html,2025-12-31
370215,即墨区,3,山东省/青岛市/即墨区,https://dmfw.mca.gov.cn/XzqhVersionPublish.html,2025-12-31
370281,胶州市,3,山东省/青岛市/胶州市,https://dmfw.mca.gov.cn/XzqhVersionPublish.html,2025-12-31
370283,平度市,3,山东省/青岛市/平度市,https://dmfw.mca.gov.cn/XzqhVersionPublish.html,2025-12-31
370285,莱西市,3,山东省/青岛市/莱西市,https://dmfw.mca.gov.cn/XzqhVersionPublish.html,2025-12-31
370300,淄博市,2,山东省/淄博市,https://dmfw.mca.gov.cn/XzqhVersionPublish.html,2025-12-31
370302,淄川区,3,山东省/淄博市/淄川区,https://dmfw.mca.gov.cn/XzqhVersionPublish.html,2025-12-31
370303,张店区,3,山东省/淄博市/张店区,https://dmfw.mca.gov.cn/XzqhVersionPublish.html,2025-12-31
370304,博山区,3,山东省/淄博市/博山区,https://dmfw.mca.gov.cn/XzqhVersionPublish.html,2025-12-31
370305,临淄区,3,山东省/淄博市/临淄区,https://dmfw.mca.gov.cn/XzqhVersionPublish.html,2025-12-31
370306,周村区,3,山东省/淄博市/周村区,https://dmfw.mca.gov.cn/XzqhVersionPublish.html,2025-12-31
370321,桓台县,3,山东省/淄博市/桓台县,https://dmfw.mca.gov.cn/XzqhVersionPublish.html,2025-12-31
370322,高青县,3,山东省/淄博市/高青县,https://dmfw.mca.gov.cn/XzqhVersionPublish.html,2025-12-31
370323,沂源县,3,山东省/淄博市/沂源县,https://dmfw.mca.gov.cn/XzqhVersionPublish.html,2025-12-31
370400,枣庄市,2,山东省/枣庄市,https://dmfw.mca.gov.cn/XzqhVersionPublish.html,2025-12-31
370402,市中区,3,山东省/枣庄市/市中区,https://dmfw.mca.gov.cn/XzqhVersionPublish.html,2025-12-31
370403,薛城区,3,山东省/枣庄市/薛城区,https://dmfw.mca.gov.cn/XzqhVersionPublish.html,2025-12-31
370404,峄城区,3,山东省/枣庄市/峄城区,https://dmfw.mca.gov.cn/XzqhVersionPublish.html,2025-12-31
370405,台儿庄区,3,山东省/枣庄市/台儿庄区,https://dmfw.mca.gov.cn/XzqhVersionPublish.html,2025-12-31
370406,山亭区,3,山东省/枣庄市/山亭区,https://dmfw.mca.gov.cn/XzqhVersionPublish.html,2025-12-31
370481,滕州市,3,山东省/枣庄市/滕州市,https://dmfw.mca.gov.cn/XzqhVersionPublish.html,2025-12-31
370500,东营市,2,山东省/东营市,https://dmfw.mca.gov.cn/XzqhVersionPublish.html,2025-12-31
370502,东营区,3,山东省/东营市/东营区,https://dmfw.mca.gov.cn/XzqhVersionPublish.html,2025-12-31
370503,河口区,3,山东省/东营市/河口区,https://dmfw.mca.gov.cn/XzqhVersionPublish.html,2025-12-31
370505,垦利区,3,山东省/东营市/垦利区,https://dmfw.mca.gov.cn/XzqhVersionPublish.html,2025-12-31
370522,利津县,3,山东省/东营市/利津县,https://dmfw.mca.gov.cn/XzqhVersionPublish.html,2025-12-31
370523,广饶县,3,山东省/东营市/广饶县,https://dmfw.mca.gov.cn/XzqhVersionPublish.html,2025-12-31
370600,烟台市,2,山东省/烟台市,https://dmfw.mca.gov.cn/XzqhVersionPublish.html,2025-12-31
370602,芝罘区,3,山东省/烟台市/芝罘区,https://dmfw.mca.gov.cn/XzqhVersionPublish.html,2025-12-31
370611,福山区,3,山东省/烟台市/福山区,https://dmfw.mca.gov.cn/XzqhVersionPublish.html,2025-12-31
370612,牟平区,3,山东省/烟台市/牟平区,https://dmfw.mca.gov.cn/XzqhVersionPublish.html,2025-12-31
370613,莱山区,3,山东省/烟台市/莱山区,https://dmfw.mca.gov.cn/XzqhVersionPublish.html,2025-12-31
370614,蓬莱区,3,山东省/烟台市/蓬莱区,https://dmfw.mca.gov.cn/XzqhVersionPublish.html,2025-12-31
370681,龙口市,3,山东省/烟台市/龙口市,https://dmfw.mca.gov.cn/XzqhVersionPublish.html,2025-12-31
370682,莱阳市,3,山东省/烟台市/莱阳市,https://dmfw.mca.gov.cn/XzqhVersionPublish.html,2025-12-31
370683,莱州市,3,山东省/烟台市/莱州市,https://dmfw.mca.gov.cn/XzqhVersionPublish.html,2025-12-31
370685,招远市,3,山东省/烟台市/招远市,https://dmfw.mca.gov.cn/XzqhVersionPublish.html,2025-12-31
370686,栖霞市,3,山东省/烟台市/栖霞市,https://dmfw.mca.gov.cn/XzqhVersionPublish.html,2025-12-31
370687,海阳市,3,山东省/烟台市/海阳市,https://dmfw.mca.gov.cn/XzqhVersionPublish.html,2025-12-31
370700,潍坊市,2,山东省/潍坊市,https://dmfw.mca.gov.cn/XzqhVersionPublish.html,2025-12-31
370702,潍城区,3,山东省/潍坊市/潍城区,https://dmfw.mca.gov.cn/XzqhVersionPublish.html,2025-12-31
370703,寒亭区,3,山东省/潍坊市/寒亭区,https://dmfw.mca.gov.cn/XzqhVersionPublish.html,2025-12-31
370704,坊子区,3,山东省/潍坊市/坊子区,https://dmfw.mca.gov.cn/XzqhVersionPublish.html,2025-12-31
370705,奎文区,3,山东省/潍坊市/奎文区,https://dmfw.mca.gov.cn/XzqhVersionPublish.html,2025-12-31
370724,临朐县,3,山东省/潍坊市/临朐县,https://dmfw.mca.gov.cn/XzqhVersionPublish.html,2025-12-31
370725,昌乐县,3,山东省/潍坊市/昌乐县,https://dmfw.mca.gov.cn/XzqhVersionPublish.html,2025-12-31
370781,青州市,3,山东省/潍坊市/青州市,https://dmfw.mca.gov.cn/XzqhVersionPublish.html,2025-12-31
370782,诸城市,3,山东省/潍坊市/诸城市,https://dmfw.mca.gov.cn/XzqhVersionPublish.html,2025-12-31
370783,寿光市,3,山东省/潍坊市/寿光市,https://dmfw.mca.gov.cn/XzqhVersionPublish.html,2025-12-31
370784,安丘市,3,山东省/潍坊市/安丘市,https://dmfw.mca.gov.cn/XzqhVersionPublish.html,2025-12-31
370785,高密市,3,山东省/潍坊市/高密市,https://dmfw.mca.gov.cn/XzqhVersionPublish.html,2025-12-31
370786,昌邑市,3,山东省/潍坊市/昌邑市,https://dmfw.mca.gov.cn/XzqhVersionPublish.html,2025-12-31
370800,济宁市,2,山东省/济宁市,https://dmfw.mca.gov.cn/XzqhVersionPublish.html,2025-12-31
370811,任城区,3,山东省/济宁市/任城区,https://dmfw.mca.gov.cn/XzqhVersionPublish.html,2025-12-31
370812,兖州区,3,山东省/济宁市/兖州区,https://dmfw.mca.gov.cn/XzqhVersionPublish.html,2025-12-31
370826,微山县,3,山东省/济宁市/微山县,https://dmfw.mca.gov.cn/XzqhVersionPublish.html,2025-12-31
370827,鱼台县,3,山东省/济宁市/鱼台县,https://dmfw.mca.gov.cn/XzqhVersionPublish.html,2025-12-31
370828,金乡县,3,山东省/济宁市/金乡县,https://dmfw.mca.gov.cn/XzqhVersionPublish.html,2025-12-31
370829,嘉祥县,3,山东省/济宁市/嘉祥县,https://dmfw.mca.gov.cn/XzqhVersionPublish.html,2025-12-31
370830,汶上县,3,山东省/济宁市/汶上县,https://dmfw.mca.gov.cn/XzqhVersionPublish.html,2025-12-31
370831,泗水县,3,山东省/济宁市/泗水县,https://dmfw.mca.gov.cn/XzqhVersionPublish.html,2025-12-31
370832,梁山县,3,山东省/济宁市/梁山县,https://dmfw.mca.gov.cn/XzqhVersionPublish.html,2025-12-31
370881,曲阜市,3,山东省/济宁市/曲阜市,https://dmfw.mca.gov.cn/XzqhVersionPublish.html,2025-12-31
370883,邹城市,3,山东省/济宁市/邹城市,https://dmfw.mca.gov.cn/XzqhVersionPublish.html,2025-12-31
370900,泰安市,2,山东省/泰安市,https://dmfw.mca.gov.cn/XzqhVersionPublish.html,2025-12-31
370902,泰山区,3,山东省/泰安市/泰山区,https://dmfw.mca.gov.cn/XzqhVersionPublish.html,2025-12-31
370911,岱岳区,3,山东省/泰安市/岱岳区,https://dmfw.mca.gov.cn/XzqhVersionPublish.html,2025-12-31
370921,宁阳县,3,山东省/泰安市/宁阳县,https://dmfw.mca.gov.cn/XzqhVersionPublish.html,2025-12-31
370923,东平县,3,山东省/泰安市/东平县,https://dmfw.mca.gov.cn/XzqhVersionPublish.html,2025-12-31
370982,新泰市,3,山东省/泰安市/新泰市,https://dmfw.mca.gov.cn/XzqhVersionPublish.html,2025-12-31
370983,肥城市,3,山东省/泰安市/肥城市,https://dmfw.mca.gov.cn/XzqhVersionPublish.html,2025-12-31
371000,威海市,2,山东省/威海市,https://dmfw.mca.gov.cn/XzqhVersionPublish.html,2025-12-31
371002,环翠区,3,山东省/威海市/环翠区,https://dmfw.mca.gov.cn/XzqhVersionPublish.html,2025-12-31
371003,文登区,3,山东省/威海市/文登区,https://dmfw.mca.gov.cn/XzqhVersionPublish.html,2025-12-31
371082,荣成市,3,山东省/威海市/荣成市,https://dmfw.mca.gov.cn/XzqhVersionPublish.html,2025-12-31
371083,乳山市,3,山东省/威海市/乳山市,https://dmfw.mca.gov.cn/XzqhVersionPublish.html,2025-12-31
371100,日照市,2,山东省/日照市,https://dmfw.mca.gov.cn/XzqhVersionPublish.html,2025-12-31
371102,东港区,3,山东省/日照市/东港区,https://dmfw.mca.gov.cn/XzqhVersionPublish.html,2025-12-31
371103,岚山区,3,山东省/日照市/岚山区,https://dmfw.mca.gov.cn/XzqhVersionPublish.html,2025-12-31
371121,五莲县,3,山东省/日照市/五莲县,https://dmfw.mca.gov.cn/XzqhVersionPublish.html,2025-12-31
371122,莒县,3,山东省/日照市/莒县,https://dmfw.mca.gov.cn/XzqhVersionPublish.html,2025-12-31
371300,临沂市,2,山东省/临沂市,https://dmfw.mca.gov.cn/XzqhVersionPublish.html,2025-12-31
371302,兰山区,3,山东省/临沂市/兰山区,https://dmfw.mca.gov.cn/XzqhVersionPublish.html,2025-12-31
371311,罗庄区,3,山东省/临沂市/罗庄区,https://dmfw.mca.gov.cn/XzqhVersionPublish.html,2025-12-31
371312,河东区,3,山东省/临沂市/河东区,https://dmfw.mca.gov.cn/XzqhVersionPublish.html,2025-12-31
371321,沂南县,3,山东省/临沂市/沂南县,https://dmfw.mca.gov.cn/XzqhVersionPublish.html,2025-12-31
371322,郯城县,3,山东省/临沂市/郯城县,https://dmfw.mca.gov.cn/XzqhVersionPublish.html,2025-12-31
371323,沂水县,3,山东省/临沂市/沂水县,https://dmfw.mca.gov.cn/XzqhVersionPublish.html,2025-12-31
371324,兰陵县,3,山东省/临沂市/兰陵县,https://dmfw.mca.gov.cn/XzqhVersionPublish.html,2025-12-31
371325,费县,3,山东省/临沂市/费县,https://dmfw.mca.gov.cn/XzqhVersionPublish.html,2025-12-31
371326,平邑县,3,山东省/临沂市/平邑县,https://dmfw.mca.gov.cn/XzqhVersionPublish.html,2025-12-31
371327,莒南县,3,山东省/临沂市/莒南县,https://dmfw.mca.gov.cn/XzqhVersionPublish.html,2025-12-31
371328,蒙阴县,3,山东省/临沂市/蒙阴县,https://dmfw.mca.gov.cn/XzqhVersionPublish.html,2025-12-31
371329,临沭县,3,山东省/临沂市/临沭县,https://dmfw.mca.gov.cn/XzqhVersionPublish.html,2025-12-31
371400,德州市,2,山东省/德州市,https://dmfw.mca.gov.cn/XzqhVersionPublish.html,2025-12-31
371402,德城区,3,山东省/德州市/德城区,https://dmfw.mca.gov.cn/XzqhVersionPublish.html,2025-12-31
371403,陵城区,3,山东省/德州市/陵城区,https://dmfw.mca.gov.cn/XzqhVersionPublish.html,2025-12-31
371422,宁津县,3,山东省/德州市/宁津县,https://dmfw.mca.gov.cn/XzqhVersionPublish.html,2025-12-31
371423,庆云县,3,山东省/德州市/庆云县,https://dmfw.mca.gov.cn/XzqhVersionPublish.html,2025-12-31
371424,临邑县,3,山东省/德州市/临邑县,https://dmfw.mca.gov.cn/XzqhVersionPublish.html,2025-12-31
371425,齐河县,3,山东省/德州市/齐河县,https://dmfw.mca.gov.cn/XzqhVersionPublish.html,2025-12-31
371426,平原县,3,山东省/德州市/平原县,https://dmfw.mca.gov.cn/XzqhVersionPublish.html,2025-12-31
371427,夏津县,3,山东省/德州市/夏津县,https://dmfw.mca.gov.cn/XzqhVersionPublish.html,2025-12-31
371428,武城县,3,山东省/德州市/武城县,https://dmfw.mca.gov.cn/XzqhVersionPublish.html,2025-12-31
371481,乐陵市,3,山东省/德州市/乐陵市,https://dmfw.mca.gov.cn/XzqhVersionPublish.html,2025-12-31
371482,禹城市,3,山东省/德州市/禹城市,https://dmfw.mca.gov.cn/XzqhVersionPublish.html,2025-12-31
371500,聊城市,2,山东省/聊城市,https://dmfw.mca.gov.cn/XzqhVersionPublish.html,2025-12-31
371502,东昌府区,3,山东省/聊城市/东昌府区,https://dmfw.mca.gov.cn/XzqhVersionPublish.html,2025-12-31
371503,茌平区,3,山东省/聊城市/茌平区,https://dmfw.mca.gov.cn/XzqhVersionPublish.html,2025-12-31
371521,阳谷县,3,山东省/聊城市/阳谷县,https://dmfw.mca.gov.cn/XzqhVersionPublish.html,2025-12-31
371522,莘县,3,山东省/聊城市/莘县,https://dmfw.mca.gov.cn/XzqhVersionPublish.html,2025-12-31
371524,东阿县,3,山东省/聊城市/东阿县,https://dmfw.mca.gov.cn/XzqhVersionPublish.html,2025-12-31
371525,冠县,3,山东省/聊城市/冠县,https://dmfw.mca.gov.cn/XzqhVersionPublish.html,2025-12-31
371526,高唐县,3,山东省/聊城市/高唐县,https://dmfw.mca.gov.cn/XzqhVersionPublish.html,2025-12-31
371581,临清市,3,山东省/聊城市/临清市,https://dmfw.mca.gov.cn/XzqhVersionPublish.html,2025-12-31
371600,滨州市,2,山东省/滨州市,https://dmfw.mca.gov.cn/XzqhVersionPublish.html,2025-12-31
371602,滨城区,3,山东省/滨州市/滨城区,https://dmfw.mca.gov.cn/XzqhVersionPublish.html,2025-12-31
371603,沾化区,3,山东省/滨州市/沾化区,https://dmfw.mca.gov.cn/XzqhVersionPublish.html,2025-12-31
371621,惠民县,3,山东省/滨州市/惠民县,https://dmfw.mca.gov.cn/XzqhVersionPublish.html,2025-12-31
371622,阳信县,3,山东省/滨州市/阳信县,https://dmfw.mca.gov.cn/XzqhVersionPublish.html,2025-12-31
371623,无棣县,3,山东省/滨州市/无棣县,https://dmfw.mca.gov.cn/XzqhVersionPublish.html,2025-12-31
371625,博兴县,3,山东省/滨州市/博兴县,https://dmfw.mca.gov.cn/XzqhVersionPublish.html,2025-12-31
371681,邹平市,3,山东省/滨州市/邹平市,https://dmfw.mca.gov.cn/XzqhVersionPublish.html,2025-12-31
371700,菏泽市,2,山东省/菏泽市,https://dmfw.mca.gov.cn/XzqhVersionPublish.html,2025-12-31
371702,牡丹区,3,山东省/菏泽市/牡丹区,https://dmfw.mca.gov.cn/XzqhVersionPublish.html,2025-12-31
371703,定陶区,3,山东省/菏泽市/定陶区,https://dmfw.mca.gov.cn/XzqhVersionPublish.html,2025-12-31
371721,曹县,3,山东省/菏泽市/曹县,https://dmfw.mca.gov.cn/XzqhVersionPublish.html,2025-12-31
371722,单县,3,山东省/菏泽市/单县,https://dmfw.mca.gov.cn/XzqhVersionPublish.html,2025-12-31
371723,成武县,3,山东省/菏泽市/成武县,https://dmfw.mca.gov.cn/XzqhVersionPublish.html,2025-12-31
371724,巨野县,3,山东省/菏泽市/巨野县,https://dmfw.mca.gov.cn/XzqhVersionPublish.html,2025-12-31
371725,郓城县,3,山东省/菏泽市/郓城县,https://dmfw.mca.gov.cn/XzqhVersionPublish.html,2025-12-31
371726,鄄城县,3,山东省/菏泽市/鄄城县,https://dmfw.mca.gov.cn/XzqhVersionPublish.html,2025-12-31
371728,东明县,3,山东省/菏泽市/东明县,https://dmfw.mca.gov.cn/XzqhVersionPublish.html,2025-12-31
410000,河南省,1,河南省,https://dmfw.mca.gov.cn/XzqhVersionPublish.html,2025-12-31
410100,郑州市,2,河南省/郑州市,https://dmfw.mca.gov.cn/XzqhVersionPublish.html,2025-12-31
410102,中原区,3,河南省/郑州市/中原区,https://dmfw.mca.gov.cn/XzqhVersionPublish.html,2025-12-31
410103,二七区,3,河南省/郑州市/二七区,https://dmfw.mca.gov.cn/XzqhVersionPublish.html,2025-12-31
410104,管城回族区,3,河南省/郑州市/管城回族区,https://dmfw.mca.gov.cn/XzqhVersionPublish.html,2025-12-31
410105,金水区,3,河南省/郑州市/金水区,https://dmfw.mca.gov.cn/XzqhVersionPublish.html,2025-12-31
410106,上街区,3,河南省/郑州市/上街区,https://dmfw.mca.gov.cn/XzqhVersionPublish.html,2025-12-31
410108,惠济区,3,河南省/郑州市/惠济区,https://dmfw.mca.gov.cn/XzqhVersionPublish.html,2025-12-31
410122,中牟县,3,河南省/郑州市/中牟县,https://dmfw.mca.gov.cn/XzqhVersionPublish.html,2025-12-31
410181,巩义市,3,河南省/郑州市/巩义市,https://dmfw.mca.gov.cn/XzqhVersionPublish.html,2025-12-31
410182,荥阳市,3,河南省/郑州市/荥阳市,https://dmfw.mca.gov.cn/XzqhVersionPublish.html,2025-12-31
410183,新密市,3,河南省/郑州市/新密市,https://dmfw.mca.gov.cn/XzqhVersionPublish.html,2025-12-31
410184,新郑市,3,河南省/郑州市/新郑市,https://dmfw.mca.gov.cn/XzqhVersionPublish.html,2025-12-31
410185,登封市,3,河南省/郑州市/登封市,https://dmfw.mca.gov.cn/XzqhVersionPublish.html,2025-12-31
410200,开封市,2,河南省/开封市,https://dmfw.mca.gov.cn/XzqhVersionPublish.html,2025-12-31
410202,龙亭区,3,河南省/开封市/龙亭区,https://dmfw.mca.gov.cn/XzqhVersionPublish.html,2025-12-31
410203,顺河回族区,3,河南省/开封市/顺河回族区,https://dmfw.mca.gov.cn/XzqhVersionPublish.html,2025-12-31
410204,鼓楼区,3,河南省/开封市/鼓楼区,https://dmfw.mca.gov.cn/XzqhVersionPublish.html,2025-12-31
410205,禹王台区,3,河南省/开封市/禹王台区,https://dmfw.mca.gov.cn/XzqhVersionPublish.html,2025-12-31
410212,祥符区,3,河南省/开封市/祥符区,https://dmfw.mca.gov.cn/XzqhVersionPublish.html,2025-12-31
410221,杞县,3,河南省/开封市/杞县,https://dmfw.mca.gov.cn/XzqhVersionPublish.html,2025-12-31
410222,通许县,3,河南省/开封市/通许县,https://dmfw.mca.gov.cn/XzqhVersionPublish.html,2025-12-31
410223,尉氏县,3,河南省/开封市/尉氏县,https://dmfw.mca.gov.cn/XzqhVersionPublish.html,2025-12-31
410225,兰考县,3,河南省/开封市/兰考县,https://dmfw.mca.gov.cn/XzqhVersionPublish.html,2025-12-31
410300,洛阳市,2,河南省/洛阳市,https://dmfw.mca.gov.cn/XzqhVersionPublish.html,2025-12-31
410302,老城区,3,河南省/洛阳市/老城区,https://dmfw.mca.gov.cn/XzqhVersionPublish.html,2025-12-31
410303,西工区,3,河南省/洛阳市/西工区,https://dmfw.mca.gov.cn/XzqhVersionPublish.html,2025-12-31
410304,瀍河回族区,3,河南省/洛阳市/瀍河回族区,https://dmfw.mca.gov.cn/XzqhVersionPublish.html,2025-12-31
410305,涧西区,3,河南省/洛阳市/涧西区,https://dmfw.mca.gov.cn/XzqhVersionPublish.html,2025-12-31
410307,偃师区,3,河南省/洛阳市/偃师区,https://dmfw.mca.gov.cn/XzqhVersionPublish.html,2025-12-31
410308,孟津区,3,河南省/洛阳市/孟津区,https://dmfw.mca.gov.cn/XzqhVersionPublish.html,2025-12-31
410311,洛龙区,3,河南省/洛阳市/洛龙区,https://dmfw.mca.gov.cn/XzqhVersionPublish.html,2025-12-31
410323,新安县,3,河南省/洛阳市/新安县,https://dmfw.mca.gov.cn/XzqhVersionPublish.html,2025-12-31
410324,栾川县,3,河南省/洛阳市/栾川县,https://dmfw.mca.gov.cn/XzqhVersionPublish.html,2025-12-31
410325,嵩县,3,河南省/洛阳市/嵩县,https://dmfw.mca.gov.cn/XzqhVersionPublish.html,2025-12-31
410326,汝阳县,3,河南省/洛阳市/汝阳县,https://dmfw.mca.gov.cn/XzqhVersionPublish.html,2025-12-31
410327,宜阳县,3,河南省/洛阳市/宜阳县,https://dmfw.mca.gov.cn/XzqhVersionPublish.html,2025-12-31
410328,洛宁县,3,河南省/洛阳市/洛宁县,https://dmfw.mca.gov.cn/XzqhVersionPublish.html,2025-12-31
410329,伊川县,3,河南省/洛阳市/伊川县,https://dmfw.mca.gov.cn/XzqhVersionPublish.html,2025-12-31
410400,平顶山市,2,河南省/平顶山市,https://dmfw.mca.gov.cn/XzqhVersionPublish.html,2025-12-31
410402,新华区,3,河南省/平顶山市/新华区,https://dmfw.mca.gov.cn/XzqhVersionPublish.html,2025-12-31
410403,卫东区,3,河南省/平顶山市/卫东区,https://dmfw.mca.gov.cn/XzqhVersionPublish.html,2025-12-31
410404,石龙区,3,河南省/平顶山市/石龙区,https://dmfw.mca.gov.cn/XzqhVersionPublish.html,2025-12-31
410411,湛河区,3,河南省/平顶山市/湛河区,https://dmfw.mca.gov.cn/XzqhVersionPublish.html,2025-12-31
410421,宝丰县,3,河南省/平顶山市/宝丰县,https://dmfw.mca.gov.cn/XzqhVersionPublish.html,2025-12-31
410422,叶县,3,河南省/平顶山市/叶县,https://dmfw.mca.gov.cn/XzqhVersionPublish.html,2025-12-31
410423,鲁山县,3,河南省/平顶山市/鲁山县,https://dmfw.mca.gov.cn/XzqhVersionPublish.html,2025-12-31
410425,郏县,3,河南省/平顶山市/郏县,https://dmfw.mca.gov.cn/XzqhVersionPublish.html,2025-12-31
410481,舞钢市,3,河南省/平顶山市/舞钢市,https://dmfw.mca.gov.cn/XzqhVersionPublish.html,2025-12-31
410482,汝州市,3,河南省/平顶山市/汝州市,https://dmfw.mca.gov.cn/XzqhVersionPublish.html,2025-12-31
410500,安阳市,2,河南省/安阳市,https://dmfw.mca.gov.cn/XzqhVersionPublish.html,2025-12-31
410502,文峰区,3,河南省/安阳市/文峰区,https://dmfw.mca.gov.cn/XzqhVersionPublish.html,2025-12-31
410503,北关区,3,河南省/安阳市/北关区,https://dmfw.mca.gov.cn/XzqhVersionPublish.html,2025-12-31
410505,殷都区,3,河南省/安阳市/殷都区,https://dmfw.mca.gov.cn/XzqhVersionPublish.html,2025-12-31
410506,龙安区,3,河南省/安阳市/龙安区,https://dmfw.mca.gov.cn/XzqhVersionPublish.html,2025-12-31
410522,安阳县,3,河南省/安阳市/安阳县,https://dmfw.mca.gov.cn/XzqhVersionPublish.html,2025-12-31
410523,汤阴县,3,河南省/安阳市/汤阴县,https://dmfw.mca.gov.cn/XzqhVersionPublish.html,2025-12-31
410526,滑县,3,河南省/安阳市/滑县,https://dmfw.mca.gov.cn/XzqhVersionPublish.html,2025-12-31
410527,内黄县,3,河南省/安阳市/内黄县,https://dmfw.mca.gov.cn/XzqhVersionPublish.html,2025-12-31
410581,林州市,3,河南省/安阳市/林州市,https://dmfw.mca.gov.cn/XzqhVersionPublish.html,2025-12-31
410600,鹤壁市,2,河南省/鹤壁市,https://dmfw.mca.gov.cn/XzqhVersionPublish.html,2025-12-31
410602,鹤山区,3,河南省/鹤壁市/鹤山区,https://dmfw.mca.gov.cn/XzqhVersionPublish.html,2025-12-31
410603,山城区,3,河南省/鹤壁市/山城区,https://dmfw.mca.gov.cn/XzqhVersionPublish.html,2025-12-31
410611,淇滨区,3,河南省/鹤壁市/淇滨区,https://dmfw.mca.gov.cn/XzqhVersionPublish.html,2025-12-31
410621,浚县,3,河南省/鹤壁市/浚县,https://dmfw.mca.gov.cn/XzqhVersionPublish.html,2025-12-31
410622,淇县,3,河南省/鹤壁市/淇县,https://dmfw.mca.gov.cn/XzqhVersionPublish.html,2025-12-31
410700,新乡市,2,河南省/新乡市,https://dmfw.mca.gov.cn/XzqhVersionPublish.html,2025-12-31
410702,红旗区,3,河南省/新乡市/红旗区,https://dmfw.mca.gov.cn/XzqhVersionPublish.html,2025-12-31
410703,卫滨区,3,河南省/新乡市/卫滨区,https://dmfw.mca.gov.cn/XzqhVersionPublish.html,2025-12-31
410704,凤泉区,3,河南省/新乡市/凤泉区,https://dmfw.mca.gov.cn/XzqhVersionPublish.html,2025-12-31
410711,牧野区,3,河南省/新乡市/牧野区,https://dmfw.mca.gov.cn/XzqhVersionPublish.html,2025-12-31
410721,新乡县,3,河南省/新乡市/新乡县,https://dmfw.mca.gov.cn/XzqhVersionPublish.html,2025-12-31
410724,获嘉县,3,河南省/新乡市/获嘉县,https://dmfw.mca.gov.cn/XzqhVersionPublish.html,2025-12-31
410725,原阳县,3,河南省/新乡市/原阳县,https://dmfw.mca.gov.cn/XzqhVersionPublish.html,2025-12-31
410726,延津县,3,河南省/新乡市/延津县,https://dmfw.mca.gov.cn/XzqhVersionPublish.html,2025-12-31
410727,封丘县,3,河南省/新乡市/封丘县,https://dmfw.mca.gov.cn/XzqhVersionPublish.html,2025-12-31
410781,卫辉市,3,河南省/新乡市/卫辉市,https://dmfw.mca.gov.cn/XzqhVersionPublish.html,2025-12-31
410782,辉县市,3,河南省/新乡市/辉县市,https://dmfw.mca.gov.cn/XzqhVersionPublish.html,2025-12-31
410783,长垣市,3,河南省/新乡市/长垣市,https://dmfw.mca.gov.cn/XzqhVersionPublish.html,2025-12-31
410800,焦作市,2,河南省/焦作市,https://dmfw.mca.gov.cn/XzqhVersionPublish.html,2025-12-31
410802,解放区,3,河南省/焦作市/解放区,https://dmfw.mca.gov.cn/XzqhVersionPublish.html,2025-12-31
410803,中站区,3,河南省/焦作市/中站区,https://dmfw.mca.gov.cn/XzqhVersionPublish.html,2025-12-31
410804,马村区,3,河南省/焦作市/马村区,https://dmfw.mca.gov.cn/XzqhVersionPublish.html,2025-12-31
410811,山阳区,3,河南省/焦作市/山阳区,https://dmfw.mca.gov.cn/XzqhVersionPublish.html,2025-12-31
410821,修武县,3,河南省/焦作市/修武县,https://dmfw.mca.gov.cn/XzqhVersionPublish.html,2025-12-31
410822,博爱县,3,河南省/焦作市/博爱县,https://dmfw.mca.gov.cn/XzqhVersionPublish.html,2025-12-31
410823,武陟县,3,河南省/焦作市/武陟县,https://dmfw.mca.gov.cn/XzqhVersionPublish.html,2025-12-31
410825,温县,3,河南省/焦作市/温县,https://dmfw.mca.gov.cn/XzqhVersionPublish.html,2025-12-31
410882,沁阳市,3,河南省/焦作市/沁阳市,https://dmfw.mca.gov.cn/XzqhVersionPublish.html,2025-12-31
410883,孟州市,3,河南省/焦作市/孟州市,https://dmfw.mca.gov.cn/XzqhVersionPublish.html,2025-12-31
410900,濮阳市,2,河南省/濮阳市,https://dmfw.mca.gov.cn/XzqhVersionPublish.html,2025-12-31
410902,华龙区,3,河南省/濮阳市/华龙区,https://dmfw.mca.gov.cn/XzqhVersionPublish.html,2025-12-31
410922,清丰县,3,河南省/濮阳市/清丰县,https://dmfw.mca.gov.cn/XzqhVersionPublish.html,2025-12-31
410923,南乐县,3,河南省/濮阳市/南乐县,https://dmfw.mca.gov.cn/XzqhVersionPublish.html,2025-12-31
410926,范县,3,河南省/濮阳市/范县,https://dmfw.mca.gov.cn/XzqhVersionPublish.html,2025-12-31
410927,台前县,3,河南省/濮阳市/台前县,https://dmfw.mca.gov.cn/XzqhVersionPublish.html,2025-12-31
410928,濮阳县,3,河南省/濮阳市/濮阳县,https://dmfw.mca.gov.cn/XzqhVersionPublish.html,2025-12-31
411000,许昌市,2,河南省/许昌市,https://dmfw.mca.gov.cn/XzqhVersionPublish.html,2025-12-31
411002,魏都区,3,河南省/许昌市/魏都区,https://dmfw.mca.gov.cn/XzqhVersionPublish.html,2025-12-31
411003,建安区,3,河南省/许昌市/建安区,https://dmfw.mca.gov.cn/XzqhVersionPublish.html,2025-12-31
411024,鄢陵县,3,河南省/许昌市/鄢陵县,https://dmfw.mca.gov.cn/XzqhVersionPublish.html,2025-12-31
411025,襄城县,3,河南省/许昌市/襄城县,https://dmfw.mca.gov.cn/XzqhVersionPublish.html,2025-12-31
411081,禹州市,3,河南省/许昌市/禹州市,https://dmfw.mca.gov.cn/XzqhVersionPublish.html,2025-12-31
411082,长葛市,3,河南省/许昌市/长葛市,https://dmfw.mca.gov.cn/XzqhVersionPublish.html,2025-12-31
411100,漯河市,2,河南省/漯河市,https://dmfw.mca.gov.cn/XzqhVersionPublish.html,2025-12-31
411102,源汇区,3,河南省/漯河市/源汇区,https://dmfw.mca.gov.cn/XzqhVersionPublish.html,2025-12-31
411103,郾城区,3,河南省/漯河市/郾城区,https://dmfw.mca.gov.cn/XzqhVersionPublish.html,2025-12-31
411104,召陵区,3,河南省/漯河市/召陵区,https://dmfw.mca.gov.cn/XzqhVersionPublish.html,2025-12-31
411121,舞阳县,3,河南省/漯河市/舞阳县,https://dmfw.mca.gov.cn/XzqhVersionPublish.html,2025-12-31
411122,临颍县,3,河南省/漯河市/临颍县,https://dmfw.mca.gov.cn/XzqhVersionPublish.html,2025-12-31
411200,三门峡市,2,河南省/三门峡市,https://dmfw.mca.gov.cn/XzqhVersionPublish.html,2025-12-31
411202,湖滨区,3,河南省/三门峡市/湖滨区,https://dmfw.mca.gov.cn/XzqhVersionPublish.html,2025-12-31
411203,陕州区,3,河南省/三门峡市/陕州区,https://dmfw.mca.gov.cn/XzqhVersionPublish.html,2025-12-31
411221,渑池县,3,河南省/三门峡市/渑池县,https://dmfw.mca.gov.cn/XzqhVersionPublish.html,2025-12-31
411224,卢氏县,3,河南省/三门峡市/卢氏县,https://dmfw.mca.gov.cn/XzqhVersionPublish.html,2025-12-31
411281,义马市,3,河南省/三门峡市/义马市,https://dmfw.mca.gov.cn/XzqhVersionPublish.html,2025-12-31
411282,灵宝市,3,河南省/三门峡市/灵宝市,https://dmfw.mca.gov.cn/XzqhVersionPublish.html,2025-12-31
411300,南阳市,2,河南省/南阳市,https://dmfw.mca.gov.cn/XzqhVersionPublish.html,2025-12-31
411302,宛城区,3,河南省/南阳市/宛城区,https://dmfw.mca.gov.cn/XzqhVersionPublish.html,2025-12-31
411303,卧龙区,3,河南省/南阳市/卧龙区,https://dmfw.mca.gov.cn/XzqhVersionPublish.html,2025-12-31
411321,南召县,3,河南省/南阳市/南召县,https://dmfw.mca.gov.cn/XzqhVersionPublish.html,2025-12-31
411322,方城县,3,河南省/南阳市/方城县,https://dmfw.mca.gov.cn/XzqhVersionPublish.html,2025-12-31
411323,西峡县,3,河南省/南阳市/西峡县,https://dmfw.mca.gov.cn/XzqhVersionPublish.html,2025-12-31
411324,镇平县,3,河南省/南阳市/镇平县,https://dmfw.mca.gov.cn/XzqhVersionPublish.html,2025-12-31
411325,内乡县,3,河南省/南阳市/内乡县,https://dmfw.mca.gov.cn/XzqhVersionPublish.html,2025-12-31
411326,淅川县,3,河南省/南阳市/淅川县,https://dmfw.mca.gov.cn/XzqhVersionPublish.html,2025-12-31
411327,社旗县,3,河南省/南阳市/社旗县,https://dmfw.mca.gov.cn/XzqhVersionPublish.html,2025-12-31
411328,唐河县,3,河南省/南阳市/唐河县,https://dmfw.mca.gov.cn/XzqhVersionPublish.html,2025-12-31
411329,新野县,3,河南省/南阳市/新野县,https://dmfw.mca.gov.cn/XzqhVersionPublish.html,2025-12-31
411330,桐柏县,3,河南省/南阳市/桐柏县,https://dmfw.mca.gov.cn/XzqhVersionPublish.html,2025-12-31
411381,邓州市,3,河南省/南阳市/邓州市,https://dmfw.mca.gov.cn/XzqhVersionPublish.html,2025-12-31
411400,商丘市,2,河南省/商丘市,https://dmfw.mca.gov.cn/XzqhVersionPublish.html,2025-12-31
411402,梁园区,3,河南省/商丘市/梁园区,https://dmfw.mca.gov.cn/XzqhVersionPublish.html,2025-12-31
411403,睢阳区,3,河南省/商丘市/睢阳区,https://dmfw.mca.gov.cn/XzqhVersionPublish.html,2025-12-31
411421,民权县,3,河南省/商丘市/民权县,https://dmfw.mca.gov.cn/XzqhVersionPublish.html,2025-12-31
411422,睢县,3,河南省/商丘市/睢县,https://dmfw.mca.gov.cn/XzqhVersionPublish.html,2025-12-31
411423,宁陵县,3,河南省/商丘市/宁陵县,https://dmfw.mca.gov.cn/XzqhVersionPublish.html,2025-12-31
411424,柘城县,3,河南省/商丘市/柘城县,https://dmfw.mca.gov.cn/XzqhVersionPublish.html,2025-12-31
411425,虞城县,3,河南省/商丘市/虞城县,https://dmfw.mca.gov.cn/XzqhVersionPublish.html,2025-12-31
411426,夏邑县,3,河南省/商丘市/夏邑县,https://dmfw.mca.gov.cn/XzqhVersionPublish.html,2025-12-31
411481,永城市,3,河南省/商丘市/永城市,https://dmfw.mca.gov.cn/XzqhVersionPublish.html,2025-12-31
411500,信阳市,2,河南省/信阳市,https://dmfw.mca.gov.cn/XzqhVersionPublish.html,2025-12-31
411502,浉河区,3,河南省/信阳市/浉河区,https://dmfw.mca.gov.cn/XzqhVersionPublish.html,2025-12-31
411503,平桥区,3,河南省/信阳市/平桥区,https://dmfw.mca.gov.cn/XzqhVersionPublish.html,2025-12-31
411521,罗山县,3,河南省/信阳市/罗山县,https://dmfw.mca.gov.cn/XzqhVersionPublish.html,2025-12-31
411522,光山县,3,河南省/信阳市/光山县,https://dmfw.mca.gov.cn/XzqhVersionPublish.html,2025-12-31
411523,新县,3,河南省/信阳市/新县,https://dmfw.mca.gov.cn/XzqhVersionPublish.html,2025-12-31
411524,商城县,3,河南省/信阳市/商城县,https://dmfw.mca.gov.cn/XzqhVersionPublish.html,2025-12-31
411525,固始县,3,河南省/信阳市/固始县,https://dmfw.mca.gov.cn/XzqhVersionPublish.html,2025-12-31
411526,潢川县,3,河南省/信阳市/潢川县,https://dmfw.mca.gov.cn/XzqhVersionPublish.html,2025-12-31
411527,淮滨县,3,河南省/信阳市/淮滨县,https://dmfw.mca.gov.cn/XzqhVersionPublish.html,2025-12-31
411528,息县,3,河南省/信阳市/息县,https://dmfw.mca.gov.cn/XzqhVersionPublish.html,2025-12-31
411600,周口市,2,河南省/周口市,https://dmfw.mca.gov.cn/XzqhVersionPublish.html,2025-12-31
411602,川汇区,3,河南省/周口市/川汇区,https://dmfw.mca.gov.cn/XzqhVersionPublish.html,2025-12-31
411603,淮阳区,3,河南省/周口市/淮阳区,https://dmfw.mca.gov.cn/XzqhVersionPublish.html,2025-12-31
411621,扶沟县,3,河南省/周口市/扶沟县,https://dmfw.mca.gov.cn/XzqhVersionPublish.html,2025-12-31
411622,西华县,3,河南省/周口市/西华县,https://dmfw.mca.gov.cn/XzqhVersionPublish.html,2025-12-31
411623,商水县,3,河南省/周口市/商水县,https://dmfw.mca.gov.cn/XzqhVersionPublish.html,2025-12-31
411624,沈丘县,3,河南省/周口市/沈丘县,https://dmfw.mca.gov.cn/XzqhVersionPublish.html,2025-12-31
411625,郸城县,3,河南省/周口市/郸城县,https://dmfw.mca.gov.cn/XzqhVersionPublish.html,2025-12-31
411627,太康县,3,河南省/周口市/太康县,https://dmfw.mca.gov.cn/XzqhVersionPublish.html,2025-12-31
411628,鹿邑县,3,河南省/周口市/鹿邑县,https://dmfw.mca.gov.cn/XzqhVersionPublish.html,2025-12-31
411681,项城市,3,河南省/周口市/项城市,https://dmfw.mca.gov.cn/XzqhVersionPublish.html,2025-12-31
411700,驻马店市,2,河南省/驻马店市,https://dmfw.mca.gov.cn/XzqhVersionPublish.html,2025-12-31
411702,驿城区,3,河南省/驻马店市/驿城区,https://dmfw.mca.gov.cn/XzqhVersionPublish.html,2025-12-31
411721,西平县,3,河南省/驻马店市/西平县,https://dmfw.mca.gov.cn/XzqhVersionPublish.html,2025-12-31
411722,上蔡县,3,河南省/驻马店市/上蔡县,https://dmfw.mca.gov.cn/XzqhVersionPublish.html,2025-12-31
411723,平舆县,3,河南省/驻马店市/平舆县,https://dmfw.mca.gov.cn/XzqhVersionPublish.html,2025-12-31
411724,正阳县,3,河南省/驻马店市/正阳县,https://dmfw.mca.gov.cn/XzqhVersionPublish.html,2025-12-31
411725,确山县,3,河南省/驻马店市/确山县,https://dmfw.mca.gov.cn/XzqhVersionPublish.html,2025-12-31
411726,泌阳县,3,河南省/驻马店市/泌阳县,https://dmfw.mca.gov.cn/XzqhVersionPublish.html,2025-12-31
411727,汝南县,3,河南省/驻马店市/汝南县,https://dmfw.mca.gov.cn/XzqhVersionPublish.html,2025-12-31
411728,遂平县,3,河南省/驻马店市/遂平县,https://dmfw.mca.gov.cn/XzqhVersionPublish.html,2025-12-31
411729,新蔡县,3,河南省/驻马店市/新蔡县,https://dmfw.mca.gov.cn/XzqhVersionPublish.html,2025-12-31
419001,济源市,3,河南省/济源市,https://dmfw.mca.gov.cn/XzqhVersionPublish.html,2025-12-31
420000,湖北省,1,湖北省,https://dmfw.mca.gov.cn/XzqhVersionPublish.html,2025-12-31
420100,武汉市,2,湖北省/武汉市,https://dmfw.mca.gov.cn/XzqhVersionPublish.html,2025-12-31
420102,江岸区,3,湖北省/武汉市/江岸区,https://dmfw.mca.gov.cn/XzqhVersionPublish.html,2025-12-31
420103,江汉区,3,湖北省/武汉市/江汉区,https://dmfw.mca.gov.cn/XzqhVersionPublish.html,2025-12-31
420104,硚口区,3,湖北省/武汉市/硚口区,https://dmfw.mca.gov.cn/XzqhVersionPublish.html,2025-12-31
420105,汉阳区,3,湖北省/武汉市/汉阳区,https://dmfw.mca.gov.cn/XzqhVersionPublish.html,2025-12-31
420106,武昌区,3,湖北省/武汉市/武昌区,https://dmfw.mca.gov.cn/XzqhVersionPublish.html,2025-12-31
420107,青山区,3,湖北省/武汉市/青山区,https://dmfw.mca.gov.cn/XzqhVersionPublish.html,2025-12-31
420111,洪山区,3,湖北省/武汉市/洪山区,https://dmfw.mca.gov.cn/XzqhVersionPublish.html,2025-12-31
420112,东西湖区,3,湖北省/武汉市/东西湖区,https://dmfw.mca.gov.cn/XzqhVersionPublish.html,2025-12-31
420113,汉南区,3,湖北省/武汉市/汉南区,https://dmfw.mca.gov.cn/XzqhVersionPublish.html,2025-12-31
420114,蔡甸区,3,湖北省/武汉市/蔡甸区,https://dmfw.mca.gov.cn/XzqhVersionPublish.html,2025-12-31
420115,江夏区,3,湖北省/武汉市/江夏区,https://dmfw.mca.gov.cn/XzqhVersionPublish.html,2025-12-31
420116,黄陂区,3,湖北省/武汉市/黄陂区,https://dmfw.mca.gov.cn/XzqhVersionPublish.html,2025-12-31
420117,新洲区,3,湖北省/武汉市/新洲区,https://dmfw.mca.gov.cn/XzqhVersionPublish.html,2025-12-31
420200,黄石市,2,湖北省/黄石市,https://dmfw.mca.gov.cn/XzqhVersionPublish.html,2025-12-31
420202,黄石港区,3,湖北省/黄石市/黄石港区,https://dmfw.mca.gov.cn/XzqhVersionPublish.html,2025-12-31
420203,西塞山区,3,湖北省/黄石市/西塞山区,https://dmfw.mca.gov.cn/XzqhVersionPublish.html,2025-12-31
420204,下陆区,3,湖北省/黄石市/下陆区,https://dmfw.mca.gov.cn/XzqhVersionPublish.html,2025-12-31
420205,铁山区,3,湖北省/黄石市/铁山区,https://dmfw.mca.gov.cn/XzqhVersionPublish.html,2025-12-31
420222,阳新县,3,湖北省/黄石市/阳新县,https://dmfw.mca.gov.cn/XzqhVersionPublish.html,2025-12-31
420281,大冶市,3,湖北省/黄石市/大冶市,https://dmfw.mca.gov.cn/XzqhVersionPublish.html,2025-12-31
420300,十堰市,2,湖北省/十堰市,https://dmfw.mca.gov.cn/XzqhVersionPublish.html,2025-12-31
420302,茅箭区,3,湖北省/十堰市/茅箭区,https://dmfw.mca.gov.cn/XzqhVersionPublish.html,2025-12-31
420303,张湾区,3,湖北省/十堰市/张湾区,https://dmfw.mca.gov.cn/XzqhVersionPublish.html,2025-12-31
420304,郧阳区,3,湖北省/十堰市/郧阳区,https://dmfw.mca.gov.cn/XzqhVersionPublish.html,2025-12-31
420322,郧西县,3,湖北省/十堰市/郧西县,https://dmfw.mca.gov.cn/XzqhVersionPublish.html,2025-12-31
420323,竹山县,3,湖北省/十堰市/竹山县,https://dmfw.mca.gov.cn/XzqhVersionPublish.html,2025-12-31
420324,竹溪县,3,湖北省/十堰市/竹溪县,https://dmfw.mca.gov.cn/XzqhVersionPublish.html,2025-12-31
420325,房县,3,湖北省/十堰市/房县,https://dmfw.mca.gov.cn/XzqhVersionPublish.html,2025-12-31
420381,丹江口市,3,湖北省/十堰市/丹江口市,https://dmfw.mca.gov.cn/XzqhVersionPublish.html,2025-12-31
420500,宜昌市,2,湖北省/宜昌市,https://dmfw.mca.gov.cn/XzqhVersionPublish.html,2025-12-31
420502,西陵区,3,湖北省/宜昌市/西陵区,https://dmfw.mca.gov.cn/XzqhVersionPublish.html,2025-12-31
420503,伍家岗区,3,湖北省/宜昌市/伍家岗区,https://dmfw.mca.gov.cn/XzqhVersionPublish.html,2025-12-31
420504,点军区,3,湖北省/宜昌市/点军区,https://dmfw.mca.gov.cn/XzqhVersionPublish.html,2025-12-31
420505,猇亭区,3,湖北省/宜昌市/猇亭区,https://dmfw.mca.gov.cn/XzqhVersionPublish.html,2025-12-31
420506,夷陵区,3,湖北省/宜昌市/夷陵区,https://dmfw.mca.gov.cn/XzqhVersionPublish.html,2025-12-31
420525,远安县,3,湖北省/宜昌市/远安县,https://dmfw.mca.gov.cn/XzqhVersionPublish.html,2025-12-31
420526,兴山县,3,湖北省/宜昌市/兴山县,https://dmfw.mca.gov.cn/XzqhVersionPublish.html,2025-12-31
420527,秭归县,3,湖北省/宜昌市/秭归县,https://dmfw.mca.gov.cn/XzqhVersionPublish.html,2025-12-31
420528,长阳土家族自治县,3,湖北省/宜昌市/长阳土家族自治县,https://dmfw.mca.gov.cn/XzqhVersionPublish.html,2025-12-31
420529,五峰土家族自治县,3,湖北省/宜昌市/五峰土家族自治县,https://dmfw.mca.gov.cn/XzqhVersionPublish.html,2025-12-31
420581,宜都市,3,湖北省/宜昌市/宜都市,https://dmfw.mca.gov.cn/XzqhVersionPublish.html,2025-12-31
420582,当阳市,3,湖北省/宜昌市/当阳市,https://dmfw.mca.gov.cn/XzqhVersionPublish.html,2025-12-31
420583,枝江市,3,湖北省/宜昌市/枝江市,https://dmfw.mca.gov.cn/XzqhVersionPublish.html,2025-12-31
420600,襄阳市,2,湖北省/襄阳市,https://dmfw.mca.gov.cn/XzqhVersionPublish.html,2025-12-31
420602,襄城区,3,湖北省/襄阳市/襄城区,https://dmfw.mca.gov.cn/XzqhVersionPublish.html,2025-12-31
420606,樊城区,3,湖北省/襄阳市/樊城区,https://dmfw.mca.gov.cn/XzqhVersionPublish.html,2025-12-31
420607,襄州区,3,湖北省/襄阳市/襄州区,https://dmfw.mca.gov.cn/XzqhVersionPublish.html,2025-12-31
420624,南漳县,3,湖北省/襄阳市/南漳县,https://dmfw.mca.gov.cn/XzqhVersionPublish.html,2025-12-31
420625,谷城县,3,湖北省/襄阳市/谷城县,https://dmfw.mca.gov.cn/XzqhVersionPublish.html,2025-12-31
420626,保康县,3,湖北省/襄阳市/保康县,https://dmfw.mca.gov.cn/XzqhVersionPublish.html,2025-12-31
420682,老河口市,3,湖北省/襄阳市/老河口市,https://dmfw.mca.gov.cn/XzqhVersionPublish.html,2025-12-31
420683,枣阳市,3,湖北省/襄阳市/枣阳市,https://dmfw.mca.gov.cn/XzqhVersionPublish.html,2025-12-31
420684,宜城市,3,湖北省/襄阳市/宜城市,https://dmfw.mca.gov.cn/XzqhVersionPublish.html,2025-12-31
420700,鄂州市,2,湖北省/鄂州市,https://dmfw.mca.gov.cn/XzqhVersionPublish.html,2025-12-31
420702,梁子湖区,3,湖北省/鄂州市/梁子湖区,https://dmfw.mca.gov.cn/XzqhVersionPublish.html,2025-12-31
420703,华容区,3,湖北省/鄂州市/华容区,https://dmfw.mca.gov.cn/XzqhVersionPublish.html,2025-12-31
420704,鄂城区,3,湖北省/鄂州市/鄂城区,https://dmfw.mca.gov.cn/XzqhVersionPublish.html,2025-12-31
420800,荆门市,2,湖北省/荆门市,https://dmfw.mca.gov.cn/XzqhVersionPublish.html,2025-12-31
420802,东宝区,3,湖北省/荆门市/东宝区,https://dmfw.mca.gov.cn/XzqhVersionPublish.html,2025-12-31
420804,掇刀区,3,湖北省/荆门市/掇刀区,https://dmfw.mca.gov.cn/XzqhVersionPublish.html,2025-12-31
420822,沙洋县,3,湖北省/荆门市/沙洋县,https://dmfw.mca.gov.cn/XzqhVersionPublish.html,2025-12-31
420881,钟祥市,3,湖北省/荆门市/钟祥市,https://dmfw.mca.gov.cn/XzqhVersionPublish.html,2025-12-31
420882,京山市,3,湖北省/荆门市/京山市,https://dmfw.mca.gov.cn/XzqhVersionPublish.html,2025-12-31
420900,孝感市,2,湖北省/孝感市,https://dmfw.mca.gov.cn/XzqhVersionPublish.html,2025-12-31
420902,孝南区,3,湖北省/孝感市/孝南区,https://dmfw.mca.gov.cn/XzqhVersionPublish.html,2025-12-31
420921,孝昌县,3,湖北省/孝感市/孝昌县,https://dmfw.mca.gov.cn/XzqhVersionPublish.html,2025-12-31
420922,大悟县,3,湖北省/孝感市/大悟县,https://dmfw.mca.gov.cn/XzqhVersionPublish.html,2025-12-31
420923,云梦县,3,湖北省/孝感市/云梦县,https://dmfw.mca.gov.cn/XzqhVersionPublish.html,2025-12-31
420981,应城市,3,湖北省/孝感市/应城市,https://dmfw.mca.gov.cn/XzqhVersionPublish.html,2025-12-31
420982,安陆市,3,湖北省/孝感市/安陆市,https://dmfw.mca.gov.cn/XzqhVersionPublish.html,2025-12-31
420984,汉川市,3,湖北省/孝感市/汉川市,https://dmfw.mca.gov.cn/XzqhVersionPublish.html,2025-12-31
421000,荆州市,2,湖北省/荆州市,https://dmfw.mca.gov.cn/XzqhVersionPublish.html,2025-12-31
421002,沙市区,3,湖北省/荆州市/沙市区,https://dmfw.mca.gov.cn/XzqhVersionPublish.html,2025-12-31
421003,荆州区,3,湖北省/荆州市/荆州区,https://dmfw.mca.gov.cn/XzqhVersionPublish.html,2025-12-31
421022,公安县,3,湖北省/荆州市/公安县,https://dmfw.mca.gov.cn/XzqhVersionPublish.html,2025-12-31
421024,江陵县,3,湖北省/荆州市/江陵县,https://dmfw.mca.gov.cn/XzqhVersionPublish.html,2025-12-31
421081,石首市,3,湖北省/荆州市/石首市,https://dmfw.mca.gov.cn/XzqhVersionPublish.html,2025-12-31
421083,洪湖市,3,湖北省/荆州市/洪湖市,https://dmfw.mca.gov.cn/XzqhVersionPublish.html,2025-12-31
421087,松滋市,3,湖北省/荆州市/松滋市,https://dmfw.mca.gov.cn/XzqhVersionPublish.html,2025-12-31
421088,监利市,3,湖北省/荆州市/监利市,https://dmfw.mca.gov.cn/XzqhVersionPublish.html,2025-12-31
421100,黄冈市,2,湖北省/黄冈市,https://dmfw.mca.gov.cn/XzqhVersionPublish.html,2025-12-31
421102,黄州区,3,湖北省/黄冈市/黄州区,https://dmfw.mca.gov.cn/XzqhVersionPublish.html,2025-12-31
421121,团风县,3,湖北省/黄冈市/团风县,https://dmfw.mca.gov.cn/XzqhVersionPublish.html,2025-12-31
421122,红安县,3,湖北省/黄冈市/红安县,https://dmfw.mca.gov.cn/XzqhVersionPublish.html,2025-12-31
421123,罗田县,3,湖北省/黄冈市/罗田县,https://dmfw.mca.gov.cn/XzqhVersionPublish.html,2025-12-31
421124,英山县,3,湖北省/黄冈市/英山县,https://dmfw.mca.gov.cn/XzqhVersionPublish.html,2025-12-31
421125,浠水县,3,湖北省/黄冈市/浠水县,https://dmfw.mca.gov.cn/XzqhVersionPublish.html,2025-12-31
421126,蕲春县,3,湖北省/黄冈市/蕲春县,https://dmfw.mca.gov.cn/XzqhVersionPublish.html,2025-12-31
421127,黄梅县,3,湖北省/黄冈市/黄梅县,https://dmfw.mca.gov.cn/XzqhVersionPublish.html,2025-12-31
421181,麻城市,3,湖北省/黄冈市/麻城市,https://dmfw.mca.gov.cn/XzqhVersionPublish.html,2025-12-31
421182,武穴市,3,湖北省/黄冈市/武穴市,https://dmfw.mca.gov.cn/XzqhVersionPublish.html,2025-12-31
421200,咸宁市,2,湖北省/咸宁市,https://dmfw.mca.gov.cn/XzqhVersionPublish.html,2025-12-31
421202,咸安区,3,湖北省/咸宁市/咸安区,https://dmfw.mca.gov.cn/XzqhVersionPublish.html,2025-12-31
421221,嘉鱼县,3,湖北省/咸宁市/嘉鱼县,https://dmfw.mca.gov.cn/XzqhVersionPublish.html,2025-12-31
421222,通城县,3,湖北省/咸宁市/通城县,https://dmfw.mca.gov.cn/XzqhVersionPublish.html,2025-12-31
421223,崇阳县,3,湖北省/咸宁市/崇阳县,https://dmfw.mca.gov.cn/XzqhVersionPublish.html,2025-12-31
421224,通山县,3,湖北省/咸宁市/通山县,https://dmfw.mca.gov.cn/XzqhVersionPublish.html,2025-12-31
421281,赤壁市,3,湖北省/咸宁市/赤壁市,https://dmfw.mca.gov.cn/XzqhVersionPublish.html,2025-12-31
421300,随州市,2,湖北省/随州市,https://dmfw.mca.gov.cn/XzqhVersionPublish.html,2025-12-31
421303,曾都区,3,湖北省/随州市/曾都区,https://dmfw.mca.gov.cn/XzqhVersionPublish.html,2025-12-31
421321,随县,3,湖北省/随州市/随县,https://dmfw.mca.gov.cn/XzqhVersionPublish.html,2025-12-31
421381,广水市,3,湖北省/随州市/广水市,https://dmfw.mca.gov.cn/XzqhVersionPublish.html,2025-12-31
422800,恩施土家族苗族自治州,2,湖北省/恩施土家族苗族自治州,https://dmfw.mca.gov.cn/XzqhVersionPublish.html,2025-12-31
422801,恩施市,3,湖北省/恩施土家族苗族自治州/恩施市,https://dmfw.mca.gov.cn/XzqhVersionPublish.html,2025-12-31
422802,利川市,3,湖北省/恩施土家族苗族自治州/利川市,https://dmfw.mca.gov.cn/XzqhVersionPublish.html,2025-12-31
422822,建始县,3,湖北省/恩施土家族苗族自治州/建始县,https://dmfw.mca.gov.cn/XzqhVersionPublish.html,2025-12-31
422823,巴东县,3,湖北省/恩施土家族苗族自治州/巴东县,https://dmfw.mca.gov.cn/XzqhVersionPublish.html,2025-12-31
422825,宣恩县,3,湖北省/恩施土家族苗族自治州/宣恩县,https://dmfw.mca.gov.cn/XzqhVersionPublish.html,2025-12-31
422826,咸丰县,3,湖北省/恩施土家族苗族自治州/咸丰县,https://dmfw.mca.gov.cn/XzqhVersionPublish.html,2025-12-31
422827,来凤县,3,湖北省/恩施土家族苗族自治州/来凤县,https://dmfw.mca.gov.cn/XzqhVersionPublish.html,2025-12-31
422828,鹤峰县,3,湖北省/恩施土家族苗族自治州/鹤峰县,https://dmfw.mca.gov.cn/XzqhVersionPublish.html,2025-12-31
429004,仙桃市,3,湖北省/仙桃市,https://dmfw.mca.gov.cn/XzqhVersionPublish.html,2025-12-31
429005,潜江市,3,湖北省/潜江市,https://dmfw.mca.gov.cn/XzqhVersionPublish.html,2025-12-31
429006,天门市,3,湖北省/天门市,https://dmfw.mca.gov.cn/XzqhVersionPublish.html,2025-12-31
429021,神农架林区,3,湖北省/神农架林区,https://dmfw.mca.gov.cn/XzqhVersionPublish.html,2025-12-31
430000,湖南省,1,湖南省,https://dmfw.mca.gov.cn/XzqhVersionPublish.html,2025-12-31
430100,长沙市,2,湖南省/长沙市,https://dmfw.mca.gov.cn/XzqhVersionPublish.html,2025-12-31
430102,芙蓉区,3,湖南省/长沙市/芙蓉区,https://dmfw.mca.gov.cn/XzqhVersionPublish.html,2025-12-31
430103,天心区,3,湖南省/长沙市/天心区,https://dmfw.mca.gov.cn/XzqhVersionPublish.html,2025-12-31
430104,岳麓区,3,湖南省/长沙市/岳麓区,https://dmfw.mca.gov.cn/XzqhVersionPublish.html,2025-12-31
430105,开福区,3,湖南省/长沙市/开福区,https://dmfw.mca.gov.cn/XzqhVersionPublish.html,2025-12-31
430111,雨花区,3,湖南省/长沙市/雨花区,https://dmfw.mca.gov.cn/XzqhVersionPublish.html,2025-12-31
430112,望城区,3,湖南省/长沙市/望城区,https://dmfw.mca.gov.cn/XzqhVersionPublish.html,2025-12-31
430121,长沙县,3,湖南省/长沙市/长沙县,https://dmfw.mca.gov.cn/XzqhVersionPublish.html,2025-12-31
430181,浏阳市,3,湖南省/长沙市/浏阳市,https://dmfw.mca.gov.cn/XzqhVersionPublish.html,2025-12-31
430182,宁乡市,3,湖南省/长沙市/宁乡市,https://dmfw.mca.gov.cn/XzqhVersionPublish.html,2025-12-31
430200,株洲市,2,湖南省/株洲市,https://dmfw.mca.gov.cn/XzqhVersionPublish.html,2025-12-31
430202,荷塘区,3,湖南省/株洲市/荷塘区,https://dmfw.mca.gov.cn/XzqhVersionPublish.html,2025-12-31
430203,芦淞区,3,湖南省/株洲市/芦淞区,https://dmfw.mca.gov.cn/XzqhVersionPublish.html,2025-12-31
430204,石峰区,3,湖南省/株洲市/石峰区,https://dmfw.mca.gov.cn/XzqhVersionPublish.html,2025-12-31
430211,天元区,3,湖南省/株洲市/天元区,https://dmfw.mca.gov.cn/XzqhVersionPublish.html,2025-12-31
430212,渌口区,3,湖南省/株洲市/渌口区,https://dmfw.mca.gov.cn/XzqhVersionPublish.html,2025-12-31
430223,攸县,3,湖南省/株洲市/攸县,https://dmfw.mca.gov.cn/XzqhVersionPublish.html,2025-12-31
430224,茶陵县,3,湖南省/株洲市/茶陵县,https://dmfw.mca.gov.cn/XzqhVersionPublish.html,2025-12-31
430225,炎陵县,3,湖南省/株洲市/炎陵县,https://dmfw.mca.gov.cn/XzqhVersionPublish.html,2025-12-31
430281,醴陵市,3,湖南省/株洲市/醴陵市,https://dmfw.mca.gov.cn/XzqhVersionPublish.html,2025-12-31
430300,湘潭市,2,湖南省/湘潭市,https://dmfw.mca.gov.cn/XzqhVersionPublish.html,2025-12-31
430302,雨湖区,3,湖南省/湘潭市/雨湖区,https://dmfw.mca.gov.cn/XzqhVersionPublish.html,2025-12-31
430304,岳塘区,3,湖南省/湘潭市/岳塘区,https://dmfw.mca.gov.cn/XzqhVersionPublish.html,2025-12-31
430321,湘潭县,3,湖南省/湘潭市/湘潭县,https://dmfw.mca.gov.cn/XzqhVersionPublish.html,2025-12-31
430381,湘乡市,3,湖南省/湘潭市/湘乡市,https://dmfw.mca.gov.cn/XzqhVersionPublish.html,2025-12-31
430382,韶山市,3,湖南省/湘潭市/韶山市,https://dmfw.mca.gov.cn/XzqhVersionPublish.html,2025-12-31
430400,衡阳市,2,湖南省/衡阳市,https://dmfw.mca.gov.cn/XzqhVersionPublish.html,2025-12-31
430405,珠晖区,3,湖南省/衡阳市/珠晖区,https://dmfw.mca.gov.cn/XzqhVersionPublish.html,2025-12-31
430406,雁峰区,3,湖南省/衡阳市/雁峰区,https://dmfw.mca.gov.cn/XzqhVersionPublish.html,2025-12-31
430407,石鼓区,3,湖南省/衡阳市/石鼓区,https://dmfw.mca.gov.cn/XzqhVersionPublish.html,2025-12-31
430408,蒸湘区,3,湖南省/衡阳市/蒸湘区,https://dmfw.mca.gov.cn/XzqhVersionPublish.html,2025-12-31
430412,南岳区,3,湖南省/衡阳市/南岳区,https://dmfw.mca.gov.cn/XzqhVersionPublish.html,2025-12-31
430421,衡阳县,3,湖南省/衡阳市/衡阳县,https://dmfw.mca.gov.cn/XzqhVersionPublish.html,2025-12-31
430422,衡南县,3,湖南省/衡阳市/衡南县,https://dmfw.mca.gov.cn/XzqhVersionPublish.html,2025-12-31
430423,衡山县,3,湖南省/衡阳市/衡山县,https://dmfw.mca.gov.cn/XzqhVersionPublish.html,2025-12-31
430424,衡东县,3,湖南省/衡阳市/衡东县,https://dmfw.mca.gov.cn/XzqhVersionPublish.html,2025-12-31
430426,祁东县,3,湖南省/衡阳市/祁东县,https://dmfw.mca.gov.cn/XzqhVersionPublish.html,2025-12-31
430481,耒阳市,3,湖南省/衡阳市/耒阳市,https://dmfw.mca.gov.cn/XzqhVersionPublish.html,2025-12-31
430482,常宁市,3,湖南省/衡阳市/常宁市,https://dmfw.mca.gov.cn/XzqhVersionPublish.html,2025-12-31
430500,邵阳市,2,湖南省/邵阳市,https://dmfw.mca.gov.cn/XzqhVersionPublish.html,2025-12-31
430502,双清区,3,湖南省/邵阳市/双清区,https://dmfw.mca.gov.cn/XzqhVersionPublish.html,2025-12-31
430503,大祥区,3,湖南省/邵阳市/大祥区,https://dmfw.mca.gov.cn/XzqhVersionPublish.html,2025-12-31
430511,北塔区,3,湖南省/邵阳市/北塔区,https://dmfw.mca.gov.cn/XzqhVersionPublish.html,2025-12-31
430522,新邵县,3,湖南省/邵阳市/新邵县,https://dmfw.mca.gov.cn/XzqhVersionPublish.html,2025-12-31
430523,邵阳县,3,湖南省/邵阳市/邵阳县,https://dmfw.mca.gov.cn/XzqhVersionPublish.html,2025-12-31
430524,隆回县,3,湖南省/邵阳市/隆回县,https://dmfw.mca.gov.cn/XzqhVersionPublish.html,2025-12-31
430525,洞口县,3,湖南省/邵阳市/洞口县,https://dmfw.mca.gov.cn/XzqhVersionPublish.html,2025-12-31
430527,绥宁县,3,湖南省/邵阳市/绥宁县,https://dmfw.mca.gov.cn/XzqhVersionPublish.html,2025-12-31
430528,新宁县,3,湖南省/邵阳市/新宁县,https://dmfw.mca.gov.cn/XzqhVersionPublish.html,2025-12-31
430529,城步苗族自治县,3,湖南省/邵阳市/城步苗族自治县,https://dmfw.mca.gov.cn/XzqhVersionPublish.html,2025-12-31
430581,武冈市,3,湖南省/邵阳市/武冈市,https://dmfw.mca.gov.cn/XzqhVersionPublish.html,2025-12-31
430582,邵东市,3,湖南省/邵阳市/邵东市,https://dmfw.mca.gov.cn/XzqhVersionPublish.html,2025-12-31
430600,岳阳市,2,湖南省/岳阳市,https://dmfw.mca.gov.cn/XzqhVersionPublish.html,2025-12-31
430602,岳阳楼区,3,湖南省/岳阳市/岳阳楼区,https://dmfw.mca.gov.cn/XzqhVersionPublish.html,2025-12-31
430603,云溪区,3,湖南省/岳阳市/云溪区,https://dmfw.mca.gov.cn/XzqhVersionPublish.html,2025-12-31
430611,君山区,3,湖南省/岳阳市/君山区,https://dmfw.mca.gov.cn/XzqhVersionPublish.html,2025-12-31
430621,岳阳县,3,湖南省/岳阳市/岳阳县,https://dmfw.mca.gov.cn/XzqhVersionPublish.html,2025-12-31
430623,华容县,3,湖南省/岳阳市/华容县,https://dmfw.mca.gov.cn/XzqhVersionPublish.html,2025-12-31
430624,湘阴县,3,湖南省/岳阳市/湘阴县,https://dmfw.mca.gov.cn/XzqhVersionPublish.html,2025-12-31
430626,平江县,3,湖南省/岳阳市/平江县,https://dmfw.mca.gov.cn/XzqhVersionPublish.html,2025-12-31
430681,汨罗市,3,湖南省/岳阳市/汨罗市,https://dmfw.mca.gov.cn/XzqhVersionPublish.html,2025-12-31
430682,临湘市,3,湖南省/岳阳市/临湘市,https://dmfw.mca.gov.cn/XzqhVersionPublish.html,2025-12-31
430700,常德市,2,湖南省/常德市,https://dmfw.mca.gov.cn/XzqhVersionPublish.html,2025-12-31
430702,武陵区,3,湖南省/常德市/武陵区,https://dmfw.mca.gov.cn/XzqhVersionPublish.html,2025-12-31
430703,鼎城区,3,湖南省/常德市/鼎城区,https://dmfw.mca.gov.cn/XzqhVersionPublish.html,2025-12-31
430721,安乡县,3,湖南省/常德市/安乡县,https://dmfw.mca.gov.cn/XzqhVersionPublish.html,2025-12-31
430722,汉寿县,3,湖南省/常德市/汉寿县,https://dmfw.mca.gov.cn/XzqhVersionPublish.html,2025-12-31
430723,澧县,3,湖南省/常德市/澧县,https://dmfw.mca.gov.cn/XzqhVersionPublish.html,2025-12-31
430724,临澧县,3,湖南省/常德市/临澧县,https://dmfw.mca.gov.cn/XzqhVersionPublish.html,2025-12-31
430725,桃源县,3,湖南省/常德市/桃源县,https://dmfw.mca.gov.cn/XzqhVersionPublish.html,2025-12-31
430726,石门县,3,湖南省/常德市/石门县,https://dmfw.mca.gov.cn/XzqhVersionPublish.html,2025-12-31
430781,津市市,3,湖南省/常德市/津市市,https://dmfw.mca.gov.cn/XzqhVersionPublish.html,2025-12-31
430800,张家界市,2,湖南省/张家界市,https://dmfw.mca.gov.cn/XzqhVersionPublish.html,2025-12-31
430802,永定区,3,湖南省/张家界市/永定区,https://dmfw.mca.gov.cn/XzqhVersionPublish.html,2025-12-31
430811,武陵源区,3,湖南省/张家界市/武陵源区,https://dmfw.mca.gov.cn/XzqhVersionPublish.html,2025-12-31
430821,慈利县,3,湖南省/张家界市/慈利县,https://dmfw.mca.gov.cn/XzqhVersionPublish.html,2025-12-31
430822,桑植县,3,湖南省/张家界市/桑植县,https://dmfw.mca.gov.cn/XzqhVersionPublish.html,2025-12-31
430900,益阳市,2,湖南省/益阳市,https://dmfw.mca.gov.cn/XzqhVersionPublish.html,2025-12-31
430902,资阳区,3,湖南省/益阳市/资阳区,https://dmfw.mca.gov.cn/XzqhVersionPublish.html,2025-12-31
430903,赫山区,3,湖南省/益阳市/赫山区,https://dmfw.mca.gov.cn/XzqhVersionPublish.html,2025-12-31
430921,南县,3,湖南省/益阳市/南县,https://dmfw.mca.gov.cn/XzqhVersionPublish.html,2025-12-31
430922,桃江县,3,湖南省/益阳市/桃江县,https://dmfw.mca.gov.cn/XzqhVersionPublish.html,2025-12-31
430923,安化县,3,湖南省/益阳市/安化县,https://dmfw.mca.gov.cn/XzqhVersionPublish.html,2025-12-31
430981,沅江市,3,湖南省/益阳市/沅江市,https://dmfw.mca.gov.cn/XzqhVersionPublish.html,2025-12-31
431000,郴州市,2,湖南省/郴州市,https://dmfw.mca.gov.cn/XzqhVersionPublish.html,2025-12-31
431002,北湖区,3,湖南省/郴州市/北湖区,https://dmfw.mca.gov.cn/XzqhVersionPublish.html,2025-12-31
431003,苏仙区,3,湖南省/郴州市/苏仙区,https://dmfw.mca.gov.cn/XzqhVersionPublish.html,2025-12-31
431021,桂阳县,3,湖南省/郴州市/桂阳县,https://dmfw.mca.gov.cn/XzqhVersionPublish.html,2025-12-31
431022,宜章县,3,湖南省/郴州市/宜章县,https://dmfw.mca.gov.cn/XzqhVersionPublish.html,2025-12-31
431023,永兴县,3,湖南省/郴州市/永兴县,https://dmfw.mca.gov.cn/XzqhVersionPublish.html,2025-12-31
431024,嘉禾县,3,湖南省/郴州市/嘉禾县,https://dmfw.mca.gov.cn/XzqhVersionPublish.html,2025-12-31
431025,临武县,3,湖南省/郴州市/临武县,https://dmfw.mca.gov.cn/XzqhVersionPublish.html,2025-12-31
431026,汝城县,3,湖南省/郴州市/汝城县,https://dmfw.mca.gov.cn/XzqhVersionPublish.html,2025-12-31
431027,桂东县,3,湖南省/郴州市/桂东县,https://dmfw.mca.gov.cn/XzqhVersionPublish.html,2025-12-31
431028,安仁县,3,湖南省/郴州市/安仁县,https://dmfw.mca.gov.cn/XzqhVersionPublish.html,2025-12-31
431081,资兴市,3,湖南省/郴州市/资兴市,https://dmfw.mca.gov.cn/XzqhVersionPublish.html,2025-12-31
431100,永州市,2,湖南省/永州市,https://dmfw.mca.gov.cn/XzqhVersionPublish.html,2025-12-31
431102,零陵区,3,湖南省/永州市/零陵区,https://dmfw.mca.gov.cn/XzqhVersionPublish.html,2025-12-31
431103,冷水滩区,3,湖南省/永州市/冷水滩区,https://dmfw.mca.gov.cn/XzqhVersionPublish.html,2025-12-31
431122,东安县,3,湖南省/永州市/东安县,https://dmfw.mca.gov.cn/XzqhVersionPublish.html,2025-12-31
431123,双牌县,3,湖南省/永州市/双牌县,https://dmfw.mca.gov.cn/XzqhVersionPublish.html,2025-12-31
431124,道县,3,湖南省/永州市/道县,https://dmfw.mca.gov.cn/XzqhVersionPublish.html,2025-12-31
431125,江永县,3,湖南省/永州市/江永县,https://dmfw.mca.gov.cn/XzqhVersionPublish.html,2025-12-31
431126,宁远县,3,湖南省/永州市/宁远县,https://dmfw.mca.gov.cn/XzqhVersionPublish.html,2025-12-31
431127,蓝山县,3,湖南省/永州市/蓝山县,https://dmfw.mca.gov.cn/XzqhVersionPublish.html,2025-12-31
431128,新田县,3,湖南省/永州市/新田县,https://dmfw.mca.gov.cn/XzqhVersionPublish.html,2025-12-31
431129,江华瑶族自治县,3,湖南省/永州市/江华瑶族自治县,https://dmfw.mca.gov.cn/XzqhVersionPublish.html,2025-12-31
431181,祁阳市,3,湖南省/永州市/祁阳市,https://dmfw.mca.gov.cn/XzqhVersionPublish.html,2025-12-31
431200,怀化市,2,湖南省/怀化市,https://dmfw.mca.gov.cn/XzqhVersionPublish.html,2025-12-31
431202,鹤城区,3,湖南省/怀化市/鹤城区,https://dmfw.mca.gov.cn/XzqhVersionPublish.html,2025-12-31
431221,中方县,3,湖南省/怀化市/中方县,https://dmfw.mca.gov.cn/XzqhVersionPublish.html,2025-12-31
431222,沅陵县,3,湖南省/怀化市/沅陵县,https://dmfw.mca.gov.cn/XzqhVersionPublish.html,2025-12-31
431223,辰溪县,3,湖南省/怀化市/辰溪县,https://dmfw.mca.gov.cn/XzqhVersionPublish.html,2025-12-31
431224,溆浦县,3,湖南省/怀化市/溆浦县,https://dmfw.mca.gov.cn/XzqhVersionPublish.html,2025-12-31
431225,会同县,3,湖南省/怀化市/会同县,https://dmfw.mca.gov.cn/XzqhVersionPublish.html,2025-12-31
431226,麻阳苗族自治县,3,湖南省/怀化市/麻阳苗族自治县,https://dmfw.mca.gov.cn/XzqhVersionPublish.html,2025-12-31
431227,新晃侗族自治县,3,湖南省/怀化市/新晃侗族自治县,https://dmfw.mca.gov.cn/XzqhVersionPublish.html,2025-12-31
431228,芷江侗族自治县,3,湖南省/怀化市/芷江侗族自治县,https://dmfw.mca.gov.cn/XzqhVersionPublish.html,2025-12-31
431229,靖州苗族侗族自治县,3,湖南省/怀化市/靖州苗族侗族自治县,https://dmfw.mca.gov.cn/XzqhVersionPublish.html,2025-12-31
431230,通道侗族自治县,3,湖南省/怀化市/通道侗族自治县,https://dmfw.mca.gov.cn/XzqhVersionPublish.html,2025-12-31
431281,洪江市,3,湖南省/怀化市/洪江市,https://dmfw.mca.gov.cn/XzqhVersionPublish.html,2025-12-31
431300,娄底市,2,湖南省/娄底市,https://dmfw.mca.gov.cn/XzqhVersionPublish.html,2025-12-31
431302,娄星区,3,湖南省/娄底市/娄星区,https://dmfw.mca.gov.cn/XzqhVersionPublish.html,2025-12-31
431321,双峰县,3,湖南省/娄底市/双峰县,https://dmfw.mca.gov.cn/XzqhVersionPublish.html,2025-12-31
431322,新化县,3,湖南省/娄底市/新化县,https://dmfw.mca.gov.cn/XzqhVersionPublish.html,2025-12-31
431381,冷水江市,3,湖南省/娄底市/冷水江市,https://dmfw.mca.gov.cn/XzqhVersionPublish.html,2025-12-31
431382,涟源市,3,湖南省/娄底市/涟源市,https://dmfw.mca.gov.cn/XzqhVersionPublish.html,2025-12-31
433100,湘西土家族苗族自治州,2,湖南省/湘西土家族苗族自治州,https://dmfw.mca.gov.cn/XzqhVersionPublish.html,2025-12-31
433101,吉首市,3,湖南省/湘西土家族苗族自治州/吉首市,https://dmfw.mca.gov.cn/XzqhVersionPublish.html,2025-12-31
433122,泸溪县,3,湖南省/湘西土家族苗族自治州/泸溪县,https://dmfw.mca.gov.cn/XzqhVersionPublish.html,2025-12-31
433123,凤凰县,3,湖南省/湘西土家族苗族自治州/凤凰县,https://dmfw.mca.gov.cn/XzqhVersionPublish.html,2025-12-31
433124,花垣县,3,湖南省/湘西土家族苗族自治州/花垣县,https://dmfw.mca.gov.cn/XzqhVersionPublish.html,2025-12-31
433125,保靖县,3,湖南省/湘西土家族苗族自治州/保靖县,https://dmfw.mca.gov.cn/XzqhVersionPublish.html,2025-12-31
433126,古丈县,3,湖南省/湘西土家族苗族自治州/古丈县,https://dmfw.mca.gov.cn/XzqhVersionPublish.html,2025-12-31
433127,永顺县,3,湖南省/湘西土家族苗族自治州/永顺县,https://dmfw.mca.gov.cn/XzqhVersionPublish.html,2025-12-31
433130,龙山县,3,湖南省/湘西土家族苗族自治州/龙山县,https://dmfw.mca.gov.cn/XzqhVersionPublish.html,2025-12-31
440000,广东省,1,广东省,https://dmfw.mca.gov.cn/XzqhVersionPublish.html,2025-12-31
440100,广州市,2,广东省/广州市,https://dmfw.mca.gov.cn/XzqhVersionPublish.html,2025-12-31
440103,荔湾区,3,广东省/广州市/荔湾区,https://dmfw.mca.gov.cn/XzqhVersionPublish.html,2025-12-31
440104,越秀区,3,广东省/广州市/越秀区,https://dmfw.mca.gov.cn/XzqhVersionPublish.html,2025-12-31
440105,海珠区,3,广东省/广州市/海珠区,https://dmfw.mca.gov.cn/XzqhVersionPublish.html,2025-12-31
440106,天河区,3,广东省/广州市/天河区,https://dmfw.mca.gov.cn/XzqhVersionPublish.html,2025-12-31
440111,白云区,3,广东省/广州市/白云区,https://dmfw.mca.gov.cn/XzqhVersionPublish.html,2025-12-31
440112,黄埔区,3,广东省/广州市/黄埔区,https://dmfw.mca.gov.cn/XzqhVersionPublish.html,2025-12-31
440113,番禺区,3,广东省/广州市/番禺区,https://dmfw.mca.gov.cn/XzqhVersionPublish.html,2025-12-31
440114,花都区,3,广东省/广州市/花都区,https://dmfw.mca.gov.cn/XzqhVersionPublish.html,2025-12-31
440115,南沙区,3,广东省/广州市/南沙区,https://dmfw.mca.gov.cn/XzqhVersionPublish.html,2025-12-31
440117,从化区,3,广东省/广州市/从化区,https://dmfw.mca.gov.cn/XzqhVersionPublish.html,2025-12-31
440118,增城区,3,广东省/广州市/增城区,https://dmfw.mca.gov.cn/XzqhVersionPublish.html,2025-12-31
440200,韶关市,2,广东省/韶关市,https://dmfw.mca.gov.cn/XzqhVersionPublish.html,2025-12-31
440203,武江区,3,广东省/韶关市/武江区,https://dmfw.mca.gov.cn/XzqhVersionPublish.html,2025-12-31
440204,浈江区,3,广东省/韶关市/浈江区,https://dmfw.mca.gov.cn/XzqhVersionPublish.html,2025-12-31
440205,曲江区,3,广东省/韶关市/曲江区,https://dmfw.mca.gov.cn/XzqhVersionPublish.html,2025-12-31
440222,始兴县,3,广东省/韶关市/始兴县,https://dmfw.mca.gov.cn/XzqhVersionPublish.html,2025-12-31
440224,仁化县,3,广东省/韶关市/仁化县,https://dmfw.mca.gov.cn/XzqhVersionPublish.html,2025-12-31
440229,翁源县,3,广东省/韶关市/翁源县,https://dmfw.mca.gov.cn/XzqhVersionPublish.html,2025-12-31
440232,乳源瑶族自治县,3,广东省/韶关市/乳源瑶族自治县,https://dmfw.mca.gov.cn/XzqhVersionPublish.html,2025-12-31
440233,新丰县,3,广东省/韶关市/新丰县,https://dmfw.mca.gov.cn/XzqhVersionPublish.html,2025-12-31
440281,乐昌市,3,广东省/韶关市/乐昌市,https://dmfw.mca.gov.cn/XzqhVersionPublish.html,2025-12-31
440282,南雄市,3,广东省/韶关市/南雄市,https://dmfw.mca.gov.cn/XzqhVersionPublish.html,2025-12-31
440300,深圳市,2,广东省/深圳市,https://dmfw.mca.gov.cn/XzqhVersionPublish.html,2025-12-31
440303,罗湖区,3,广东省/深圳市/罗湖区,https://dmfw.mca.gov.cn/XzqhVersionPublish.html,2025-12-31
440304,福田区,3,广东省/深圳市/福田区,https://dmfw.mca.gov.cn/XzqhVersionPublish.html,2025-12-31
440305,南山区,3,广东省/深圳市/南山区,https://dmfw.mca.gov.cn/XzqhVersionPublish.html,2025-12-31
440306,宝安区,3,广东省/深圳市/宝安区,https://dmfw.mca.gov.cn/XzqhVersionPublish.html,2025-12-31
440307,龙岗区,3,广东省/深圳市/龙岗区,https://dmfw.mca.gov.cn/XzqhVersionPublish.html,2025-12-31
440308,盐田区,3,广东省/深圳市/盐田区,https://dmfw.mca.gov.cn/XzqhVersionPublish.html,2025-12-31
440309,龙华区,3,广东省/深圳市/龙华区,https://dmfw.mca.gov.cn/XzqhVersionPublish.html,2025-12-31
440310,坪山区,3,广东省/深圳市/坪山区,https://dmfw.mca.gov.cn/XzqhVersionPublish.html,2025-12-31
440311,光明区,3,广东省/深圳市/光明区,https://dmfw.mca.gov.cn/XzqhVersionPublish.html,2025-12-31
440400,珠海市,2,广东省/珠海市,https://dmfw.mca.gov.cn/XzqhVersionPublish.html,2025-12-31
440402,香洲区,3,广东省/珠海市/香洲区,https://dmfw.mca.gov.cn/XzqhVersionPublish.html,2025-12-31
440403,斗门区,3,广东省/珠海市/斗门区,https://dmfw.mca.gov.cn/XzqhVersionPublish.html,2025-12-31
440404,金湾区,3,广东省/珠海市/金湾区,https://dmfw.mca.gov.cn/XzqhVersionPublish.html,2025-12-31
440500,汕头市,2,广东省/汕头市,https://dmfw.mca.gov.cn/XzqhVersionPublish.html,2025-12-31
440507,龙湖区,3,广东省/汕头市/龙湖区,https://dmfw.mca.gov.cn/XzqhVersionPublish.html,2025-12-31
440511,金平区,3,广东省/汕头市/金平区,https://dmfw.mca.gov.cn/XzqhVersionPublish.html,2025-12-31
440512,濠江区,3,广东省/汕头市/濠江区,https://dmfw.mca.gov.cn/XzqhVersionPublish.html,2025-12-31
440513,潮阳区,3,广东省/汕头市/潮阳区,https://dmfw.mca.gov.cn/XzqhVersionPublish.html,2025-12-31
440514,潮南区,3,广东省/汕头市/潮南区,https://dmfw.mca.gov.cn/XzqhVersionPublish.html,2025-12-31
440515,澄海区,3,广东省/汕头市/澄海区,https://dmfw.mca.gov.cn/XzqhVersionPublish.html,2025-12-31
440523,南澳县,3,广东省/汕头市/南澳县,https://dmfw.mca.gov.cn/XzqhVersionPublish.html,2025-12-31
440600,佛山市,2,广东省/佛山市,https://dmfw.mca.gov.cn/XzqhVersionPublish.html,2025-12-31
440604,禅城区,3,广东省/佛山市/禅城区,https://dmfw.mca.gov.cn/XzqhVersionPublish.html,2025-12-31
440605,南海区,3,广东省/佛山市/南海区,https://dmfw.mca.gov.cn/XzqhVersionPublish.html,2025-12-31
440606,顺德区,3,广东省/佛山市/顺德区,https://dmfw.mca.gov.cn/XzqhVersionPublish.html,2025-12-31
440607,三水区,3,广东省/佛山市/三水区,https://dmfw.mca.gov.cn/XzqhVersionPublish.html,2025-12-31
440608,高明区,3,广东省/佛山市/高明区,https://dmfw.mca.gov.cn/XzqhVersionPublish.html,2025-12-31
440700,江门市,2,广东省/江门市,https://dmfw.mca.gov.cn/XzqhVersionPublish.html,2025-12-31
440703,蓬江区,3,广东省/江门市/蓬江区,https://dmfw.mca.gov.cn/XzqhVersionPublish.html,2025-12-31
440704,江海区,3,广东省/江门市/江海区,https://dmfw.mca.gov.cn/XzqhVersionPublish.html,2025-12-31
440705,新会区,3,广东省/江门市/新会区,https://dmfw.mca.gov.cn/XzqhVersionPublish.html,2025-12-31
440781,台山市,3,广东省/江门市/台山市,https://dmfw.mca.gov.cn/XzqhVersionPublish.html,2025-12-31
440783,开平市,3,广东省/江门市/开平市,https://dmfw.mca.gov.cn/XzqhVersionPublish.html,2025-12-31
440784,鹤山市,3,广东省/江门市/鹤山市,https://dmfw.mca.gov.cn/XzqhVersionPublish.html,2025-12-31
440785,恩平市,3,广东省/江门市/恩平市,https://dmfw.mca.gov.cn/XzqhVersionPublish.html,2025-12-31
440800,湛江市,2,广东省/湛江市,https://dmfw.mca.gov.cn/XzqhVersionPublish.html,2025-12-31
440802,赤坎区,3,广东省/湛江市/赤坎区,https://dmfw.mca.gov.cn/XzqhVersionPublish.html,2025-12-31
440803,霞山区,3,广东省/湛江市/霞山区,https://dmfw.mca.gov.cn/XzqhVersionPublish.html,2025-12-31
440804,坡头区,3,广东省/湛江市/坡头区,https://dmfw.mca.gov.cn/XzqhVersionPublish.html,2025-12-31
440811,麻章区,3,广东省/湛江市/麻章区,https://dmfw.mca.gov.cn/XzqhVersionPublish.html,2025-12-31
440823,遂溪县,3,广东省/湛江市/遂溪县,https://dmfw.mca.gov.cn/XzqhVersionPublish.html,2025-12-31
440825,徐闻县,3,广东省/湛江市/徐闻县,https://dmfw.mca.gov.cn/XzqhVersionPublish.html,2025-12-31
440881,廉江市,3,广东省/湛江市/廉江市,https://dmfw.mca.gov.cn/XzqhVersionPublish.html,2025-12-31
440882,雷州市,3,广东省/湛江市/雷州市,https://dmfw.mca.gov.cn/XzqhVersionPublish.html,2025-12-31
440883,吴川市,3,广东省/湛江市/吴川市,https://dmfw.mca.gov.cn/XzqhVersionPublish.html,2025-12-31
440900,茂名市,2,广东省/茂名市,https://dmfw.mca.gov.cn/XzqhVersionPublish.html,2025-12-31
440902,茂南区,3,广东省/茂名市/茂南区,https://dmfw.mca.gov.cn/XzqhVersionPublish.html,2025-12-31
440904,电白区,3,广东省/茂名市/电白区,https://dmfw.mca.gov.cn/XzqhVersionPublish.html,2025-12-31
440981,高州市,3,广东省/茂名市/高州市,https://dmfw.mca.gov.cn/XzqhVersionPublish.html,2025-12-31
440982,化州市,3,广东省/茂名市/化州市,https://dmfw.mca.gov.cn/XzqhVersionPublish.html,2025-12-31
440983,信宜市,3,广东省/茂名市/信宜市,https://dmfw.mca.gov.cn/XzqhVersionPublish.html,2025-12-31
441200,肇庆市,2,广东省/肇庆市,https://dmfw.mca.gov.cn/XzqhVersionPublish.html,2025-12-31
441202,端州区,3,广东省/肇庆市/端州区,https://dmfw.mca.gov.cn/XzqhVersionPublish.html,2025-12-31
441203,鼎湖区,3,广东省/肇庆市/鼎湖区,https://dmfw.mca.gov.cn/XzqhVersionPublish.html,2025-12-31
441204,高要区,3,广东省/肇庆市/高要区,https://dmfw.mca.gov.cn/XzqhVersionPublish.html,2025-12-31
441223,广宁县,3,广东省/肇庆市/广宁县,https://dmfw.mca.gov.cn/XzqhVersionPublish.html,2025-12-31
441224,怀集县,3,广东省/肇庆市/怀集县,https://dmfw.mca.gov.cn/XzqhVersionPublish.html,2025-12-31
441225,封开县,3,广东省/肇庆市/封开县,https://dmfw.mca.gov.cn/XzqhVersionPublish.html,2025-12-31
441226,德庆县,3,广东省/肇庆市/德庆县,https://dmfw.mca.gov.cn/XzqhVersionPublish.html,2025-12-31
441284,四会市,3,广东省/肇庆市/四会市,https://dmfw.mca.gov.cn/XzqhVersionPublish.html,2025-12-31
441300,惠州市,2,广东省/惠州市,https://dmfw.mca.gov.cn/XzqhVersionPublish.html,2025-12-31
441302,惠城区,3,广东省/惠州市/惠城区,https://dmfw.mca.gov.cn/XzqhVersionPublish.html,2025-12-31
441303,惠阳区,3,广东省/惠州市/惠阳区,https://dmfw.mca.gov.cn/XzqhVersionPublish.html,2025-12-31
441322,博罗县,3,广东省/惠州市/博罗县,https://dmfw.mca.gov.cn/XzqhVersionPublish.html,2025-12-31
441323,惠东县,3,广东省/惠州市/惠东县,https://dmfw.mca.gov.cn/XzqhVersionPublish.html,2025-12-31
441324,龙门县,3,广东省/惠州市/龙门县,https://dmfw.mca.gov.cn/XzqhVersionPublish.html,2025-12-31
441400,梅州市,2,广东省/梅州市,https://dmfw.mca.gov.cn/XzqhVersionPublish.html,2025-12-31
441402,梅江区,3,广东省/梅州市/梅江区,https://dmfw.mca.gov.cn/XzqhVersionPublish.html,2025-12-31
441403,梅县区,3,广东省/梅州市/梅县区,https://dmfw.mca.gov.cn/XzqhVersionPublish.html,2025-12-31
441422,大埔县,3,广东省/梅州市/大埔县,https://dmfw.mca.gov.cn/XzqhVersionPublish.html,2025-12-31
441423,丰顺县,3,广东省/梅州市/丰顺县,https://dmfw.mca.gov.cn/XzqhVersionPublish.html,2025-12-31
441424,五华县,3,广东省/梅州市/五华县,https://dmfw.mca.gov.cn/XzqhVersionPublish.html,2025-12-31
441426,平远县,3,广东省/梅州市/平远县,https://dmfw.mca.gov.cn/XzqhVersionPublish.html,2025-12-31
441427,蕉岭县,3,广东省/梅州市/蕉岭县,https://dmfw.mca.gov.cn/XzqhVersionPublish.html,2025-12-31
441481,兴宁市,3,广东省/梅州市/兴宁市,https://dmfw.mca.gov.cn/XzqhVersionPublish.html,2025-12-31
441500,汕尾市,2,广东省/汕尾市,https://dmfw.mca.gov.cn/XzqhVersionPublish.html,2025-12-31
441502,城区,3,广东省/汕尾市/城区,https://dmfw.mca.gov.cn/XzqhVersionPublish.html,2025-12-31
441521,海丰县,3,广东省/汕尾市/海丰县,https://dmfw.mca.gov.cn/XzqhVersionPublish.html,2025-12-31
441523,陆河县,3,广东省/汕尾市/陆河县,https://dmfw.mca.gov.cn/XzqhVersionPublish.html,2025-12-31
441581,陆丰市,3,广东省/汕尾市/陆丰市,https://dmfw.mca.gov.cn/XzqhVersionPublish.html,2025-12-31
441600,河源市,2,广东省/河源市,https://dmfw.mca.gov.cn/XzqhVersionPublish.html,2025-12-31
441602,源城区,3,广东省/河源市/源城区,https://dmfw.mca.gov.cn/XzqhVersionPublish.html,2025-12-31
441621,紫金县,3,广东省/河源市/紫金县,https://dmfw.mca.gov.cn/XzqhVersionPublish.html,2025-12-31
441622,龙川县,3,广东省/河源市/龙川县,https://dmfw.mca.gov.cn/XzqhVersionPublish.html,2025-12-31
441623,连平县,3,广东省/河源市/连平县,https://dmfw.mca.gov.cn/XzqhVersionPublish.html,2025-12-31
441624,和平县,3,广东省/河源市/和平县,https://dmfw.mca.gov.cn/XzqhVersionPublish.html,2025-12-31
441625,东源县,3,广东省/河源市/东源县,https://dmfw.mca.gov.cn/XzqhVersionPublish.html,2025-12-31
441700,阳江市,2,广东省/阳江市,https://dmfw.mca.gov.cn/XzqhVersionPublish.html,2025-12-31
441702,江城区,3,广东省/阳江市/江城区,https://dmfw.mca.gov.cn/XzqhVersionPublish.html,2025-12-31
441704,阳东区,3,广东省/阳江市/阳东区,https://dmfw.mca.gov.cn/XzqhVersionPublish.html,2025-12-31
441721,阳西县,3,广东省/阳江市/阳西县,https://dmfw.mca.gov.cn/XzqhVersionPublish.html,2025-12-31
441781,阳春市,3,广东省/阳江市/阳春市,https://dmfw.mca.gov.cn/XzqhVersionPublish.html,2025-12-31
441800,清远市,2,广东省/清远市,https://dmfw.mca.gov.cn/XzqhVersionPublish.html,2025-12-31
441802,清城区,3,广东省/清远市/清城区,https://dmfw.mca.gov.cn/XzqhVersionPublish.html,2025-12-31
441803,清新区,3,广东省/清远市/清新区,https://dmfw.mca.gov.cn/XzqhVersionPublish.html,2025-12-31
441821,佛冈县,3,广东省/清远市/佛冈县,https://dmfw.mca.gov.cn/XzqhVersionPublish.html,2025-12-31
441823,阳山县,3,广东省/清远市/阳山县,https://dmfw.mca.gov.cn/XzqhVersionPublish.html,2025-12-31
441825,连山壮族瑶族自治县,3,广东省/清远市/连山壮族瑶族自治县,https://dmfw.mca.gov.cn/XzqhVersionPublish.html,2025-12-31
441826,连南瑶族自治县,3,广东省/清远市/连南瑶族自治县,https://dmfw.mca.gov.cn/XzqhVersionPublish.html,2025-12-31
441881,英德市,3,广东省/清远市/英德市,https://dmfw.mca.gov.cn/XzqhVersionPublish.html,2025-12-31
441882,连州市,3,广东省/清远市/连州市,https://dmfw.mca.gov.cn/XzqhVersionPublish.html,2025-12-31
441900,东莞市,2,广东省/东莞市,https://dmfw.mca.gov.cn/XzqhVersionPublish.html,2025-12-31
442000,中山市,2,广东省/中山市,https://dmfw.mca.gov.cn/XzqhVersionPublish.html,2025-12-31
445100,潮州市,2,广东省/潮州市,https://dmfw.mca.gov.cn/XzqhVersionPublish.html,2025-12-31
445102,湘桥区,3,广东省/潮州市/湘桥区,https://dmfw.mca.gov.cn/XzqhVersionPublish.html,2025-12-31
445103,潮安区,3,广东省/潮州市/潮安区,https://dmfw.mca.gov.cn/XzqhVersionPublish.html,2025-12-31
445122,饶平县,3,广东省/潮州市/饶平县,https://dmfw.mca.gov.cn/XzqhVersionPublish.html,2025-12-31
445200,揭阳市,2,广东省/揭阳市,https://dmfw.mca.gov.cn/XzqhVersionPublish.html,2025-12-31
445202,榕城区,3,广东省/揭阳市/榕城区,https://dmfw.mca.gov.cn/XzqhVersionPublish.html,2025-12-31
445203,揭东区,3,广东省/揭阳市/揭东区,https://dmfw.mca.gov.cn/XzqhVersionPublish.html,2025-12-31
445222,揭西县,3,广东省/揭阳市/揭西县,https://dmfw.mca.gov.cn/XzqhVersionPublish.html,2025-12-31
445224,惠来县,3,广东省/揭阳市/惠来县,https://dmfw.mca.gov.cn/XzqhVersionPublish.html,2025-12-31
445281,普宁市,3,广东省/揭阳市/普宁市,https://dmfw.mca.gov.cn/XzqhVersionPublish.html,2025-12-31
445300,云浮市,2,广东省/云浮市,https://dmfw.mca.gov.cn/XzqhVersionPublish.html,2025-12-31
445302,云城区,3,广东省/云浮市/云城区,https://dmfw.mca.gov.cn/XzqhVersionPublish.html,2025-12-31
445303,云安区,3,广东省/云浮市/云安区,https://dmfw.mca.gov.cn/XzqhVersionPublish.html,2025-12-31
445321,新兴县,3,广东省/云浮市/新兴县,https://dmfw.mca.gov.cn/XzqhVersionPublish.html,2025-12-31
445322,郁南县,3,广东省/云浮市/郁南县,https://dmfw.mca.gov.cn/XzqhVersionPublish.html,2025-12-31
445381,罗定市,3,广东省/云浮市/罗定市,https://dmfw.mca.gov.cn/XzqhVersionPublish.html,2025-12-31
450000,广西壮族自治区,1,广西壮族自治区,https://dmfw.mca.gov.cn/XzqhVersionPublish.html,2025-12-31
450100,南宁市,2,广西壮族自治区/南宁市,https://dmfw.mca.gov.cn/XzqhVersionPublish.html,2025-12-31
450102,兴宁区,3,广西壮族自治区/南宁市/兴宁区,https://dmfw.mca.gov.cn/XzqhVersionPublish.html,2025-12-31
450103,青秀区,3,广西壮族自治区/南宁市/青秀区,https://dmfw.mca.gov.cn/XzqhVersionPublish.html,2025-12-31
450105,江南区,3,广西壮族自治区/南宁市/江南区,https://dmfw.mca.gov.cn/XzqhVersionPublish.html,2025-12-31
450107,西乡塘区,3,广西壮族自治区/南宁市/西乡塘区,https://dmfw.mca.gov.cn/XzqhVersionPublish.html,2025-12-31
450108,良庆区,3,广西壮族自治区/南宁市/良庆区,https://dmfw.mca.gov.cn/XzqhVersionPublish.html,2025-12-31
450109,邕宁区,3,广西壮族自治区/南宁市/邕宁区,https://dmfw.mca.gov.cn/XzqhVersionPublish.html,2025-12-31
450110,武鸣区,3,广西壮族自治区/南宁市/武鸣区,https://dmfw.mca.gov.cn/XzqhVersionPublish.html,2025-12-31
450123,隆安县,3,广西壮族自治区/南宁市/隆安县,https://dmfw.mca.gov.cn/XzqhVersionPublish.html,2025-12-31
450124,马山县,3,广西壮族自治区/南宁市/马山县,https://dmfw.mca.gov.cn/XzqhVersionPublish.html,2025-12-31
450125,上林县,3,广西壮族自治区/南宁市/上林县,https://dmfw.mca.gov.cn/XzqhVersionPublish.html,2025-12-31
450126,宾阳县,3,广西壮族自治区/南宁市/宾阳县,https://dmfw.mca.gov.cn/XzqhVersionPublish.html,2025-12-31
450181,横州市,3,广西壮族自治区/南宁市/横州市,https://dmfw.mca.gov.cn/XzqhVersionPublish.html,2025-12-31
450200,柳州市,2,广西壮族自治区/柳州市,https://dmfw.mca.gov.cn/XzqhVersionPublish.html,2025-12-31
450202,城中区,3,广西壮族自治区/柳州市/城中区,https://dmfw.mca.gov.cn/XzqhVersionPublish.html,2025-12-31
450203,鱼峰区,3,广西壮族自治区/柳州市/鱼峰区,https://dmfw.mca.gov.cn/XzqhVersionPublish.html,2025-12-31
450204,柳南区,3,广西壮族自治区/柳州市/柳南区,https://dmfw.mca.gov.cn/XzqhVersionPublish.html,2025-12-31
450205,柳北区,3,广西壮族自治区/柳州市/柳北区,https://dmfw.mca.gov.cn/XzqhVersionPublish.html,2025-12-31
450206,柳江区,3,广西壮族自治区/柳州市/柳江区,https://dmfw.mca.gov.cn/XzqhVersionPublish.html,2025-12-31
450222,柳城县,3,广西壮族自治区/柳州市/柳城县,https://dmfw.mca.gov.cn/XzqhVersionPublish.html,2025-12-31
450223,鹿寨县,3,广西壮族自治区/柳州市/鹿寨县,https://dmfw.mca.gov.cn/XzqhVersionPublish.html,2025-12-31
450224,融安县,3,广西壮族自治区/柳州市/融安县,https://dmfw.mca.gov.cn/XzqhVersionPublish.html,2025-12-31
450225,融水苗族自治县,3,广西壮族自治区/柳州市/融水苗族自治县,https://dmfw.mca.gov.cn/XzqhVersionPublish.html,2025-12-31
450226,三江侗族自治县,3,广西壮族自治区/柳州市/三江侗族自治县,https://dmfw.mca.gov.cn/XzqhVersionPublish.html,2025-12-31
450300,桂林市,2,广西壮族自治区/桂林市,https://dmfw.mca.gov.cn/XzqhVersionPublish.html,2025-12-31
450302,秀峰区,3,广西壮族自治区/桂林市/秀峰区,https://dmfw.mca.gov.cn/XzqhVersionPublish.html,2025-12-31
450303,叠彩区,3,广西壮族自治区/桂林市/叠彩区,https://dmfw.mca.gov.cn/XzqhVersionPublish.html,2025-12-31
450304,象山区,3,广西壮族自治区/桂林市/象山区,https://dmfw.mca.gov.cn/XzqhVersionPublish.html,2025-12-31
450305,七星区,3,广西壮族自治区/桂林市/七星区,https://dmfw.mca.gov.cn/XzqhVersionPublish.html,2025-12-31
450311,雁山区,3,广西壮族自治区/桂林市/雁山区,https://dmfw.mca.gov.cn/XzqhVersionPublish.html,2025-12-31
450312,临桂区,3,广西壮族自治区/桂林市/临桂区,https://dmfw.mca.gov.cn/XzqhVersionPublish.html,2025-12-31
450321,阳朔县,3,广西壮族自治区/桂林市/阳朔县,https://dmfw.mca.gov.cn/XzqhVersionPublish.html,2025-12-31
450323,灵川县,3,广西壮族自治区/桂林市/灵川县,https://dmfw.mca.gov.cn/XzqhVersionPublish.html,2025-12-31
450324,全州县,3,广西壮族自治区/桂林市/全州县,https://dmfw.mca.gov.cn/XzqhVersionPublish.html,2025-12-31
450325,兴安县,3,广西壮族自治区/桂林市/兴安县,https://dmfw.mca.gov.cn/XzqhVersionPublish.html,2025-12-31
450326,永福县,3,广西壮族自治区/桂林市/永福县,https://dmfw.mca.gov.cn/XzqhVersionPublish.html,2025-12-31
450327,灌阳县,3,广西壮族自治区/桂林市/灌阳县,https://dmfw.mca.gov.cn/XzqhVersionPublish.html,2025-12-31
450328,龙胜各族自治县,3,广西壮族自治区/桂林市/龙胜各族自治县,https://dmfw.mca.gov.cn/XzqhVersionPublish.html,2025-12-31
450329,资源县,3,广西壮族自治区/桂林市/资源县,https://dmfw.mca.gov.cn/XzqhVersionPublish.html,2025-12-31
450330,平乐县,3,广西壮族自治区/桂林市/平乐县,https://dmfw.mca.gov.cn/XzqhVersionPublish.html,2025-12-31
450332,恭城瑶族自治县,3,广西壮族自治区/桂林市/恭城瑶族自治县,https://dmfw.mca.gov.cn/XzqhVersionPublish.html,2025-12-31
450381,荔浦市,3,广西壮族自治区/桂林市/荔浦市,https://dmfw.mca.gov.cn/XzqhVersionPublish.html,2025-12-31
450400,梧州市,2,广西壮族自治区/梧州市,https://dmfw.mca.gov.cn/XzqhVersionPublish.html,2025-12-31
450403,万秀区,3,广西壮族自治区/梧州市/万秀区,https://dmfw.mca.gov.cn/XzqhVersionPublish.html,2025-12-31
450405,长洲区,3,广西壮族自治区/梧州市/长洲区,https://dmfw.mca.gov.cn/XzqhVersionPublish.html,2025-12-31
450406,龙圩区,3,广西壮族自治区/梧州市/龙圩区,https://dmfw.mca.gov.cn/XzqhVersionPublish.html,2025-12-31
450421,苍梧县,3,广西壮族自治区/梧州市/苍梧县,https://dmfw.mca.gov.cn/XzqhVersionPublish.html,2025-12-31
450422,藤县,3,广西壮族自治区/梧州市/藤县,https://dmfw.mca.gov.cn/XzqhVersionPublish.html,2025-12-31
450423,蒙山县,3,广西壮族自治区/梧州市/蒙山县,https://dmfw.mca.gov.cn/XzqhVersionPublish.html,2025-12-31
450481,岑溪市,3,广西壮族自治区/梧州市/岑溪市,https://dmfw.mca.gov.cn/XzqhVersionPublish.html,2025-12-31
450500,北海市,2,广西壮族自治区/北海市,https://dmfw.mca.gov.cn/XzqhVersionPublish.html,2025-12-31
450502,海城区,3,广西壮族自治区/北海市/海城区,https://dmfw.mca.gov.cn/XzqhVersionPublish.html,2025-12-31
450503,银海区,3,广西壮族自治区/北海市/银海区,https://dmfw.mca.gov.cn/XzqhVersionPublish.html,2025-12-31
450512,铁山港区,3,广西壮族自治区/北海市/铁山港区,https://dmfw.mca.gov.cn/XzqhVersionPublish.html,2025-12-31
450521,合浦县,3,广西壮族自治区/北海市/合浦县,https://dmfw.mca.gov.cn/XzqhVersionPublish.html,2025-12-31
450600,防城港市,2,广西壮族自治区/防城港市,https://dmfw.mca.gov.cn/XzqhVersionPublish.html,2025-12-31
450602,港口区,3,广西壮族自治区/防城港市/港口区,https://dmfw.mca.gov.cn/XzqhVersionPublish.html,2025-12-31
450603,防城区,3,广西壮族自治区/防城港市/防城区,https://dmfw.mca.gov.cn/XzqhVersionPublish.html,2025-12-31
450621,上思县,3,广西壮族自治区/防城港市/上思县,https://dmfw.mca.gov.cn/XzqhVersionPublish.html,2025-12-31
450681,东兴市,3,广西壮族自治区/防城港市/东兴市,https://dmfw.mca.gov.cn/XzqhVersionPublish.html,2025-12-31
450700,钦州市,2,广西壮族自治区/钦州市,https://dmfw.mca.gov.cn/XzqhVersionPublish.html,2025-12-31
450702,钦南区,3,广西壮族自治区/钦州市/钦南区,https://dmfw.mca.gov.cn/XzqhVersionPublish.html,2025-12-31
450703,钦北区,3,广西壮族自治区/钦州市/钦北区,https://dmfw.mca.gov.cn/XzqhVersionPublish.html,2025-12-31
450721,灵山县,3,广西壮族自治区/钦州市/灵山县,https://dmfw.mca.gov.cn/XzqhVersionPublish.html,2025-12-31
450722,浦北县,3,广西壮族自治区/钦州市/浦北县,https://dmfw.mca.gov.cn/XzqhVersionPublish.html,2025-12-31
450800,贵港市,2,广西壮族自治区/贵港市,https://dmfw.mca.gov.cn/XzqhVersionPublish.html,2025-12-31
450802,港北区,3,广西壮族自治区/贵港市/港北区,https://dmfw.mca.gov.cn/XzqhVersionPublish.html,2025-12-31
450803,港南区,3,广西壮族自治区/贵港市/港南区,https://dmfw.mca.gov.cn/XzqhVersionPublish.html,2025-12-31
450804,覃塘区,3,广西壮族自治区/贵港市/覃塘区,https://dmfw.mca.gov.cn/XzqhVersionPublish.html,2025-12-31
450821,平南县,3,广西壮族自治区/贵港市/平南县,https://dmfw.mca.gov.cn/XzqhVersionPublish.html,2025-12-31
450881,桂平市,3,广西壮族自治区/贵港市/桂平市,https://dmfw.mca.gov.cn/XzqhVersionPublish.html,2025-12-31
450900,玉林市,2,广西壮族自治区/玉林市,https://dmfw.mca.gov.cn/XzqhVersionPublish.html,2025-12-31
450902,玉州区,3,广西壮族自治区/玉林市/玉州区,https://dmfw.mca.gov.cn/XzqhVersionPublish.html,2025-12-31
450903,福绵区,3,广西壮族自治区/玉林市/福绵区,https://dmfw.mca.gov.cn/XzqhVersionPublish.html,2025-12-31
450921,容县,3,广西壮族自治区/玉林市/容县,https://dmfw.mca.gov.cn/XzqhVersionPublish.html,2025-12-31
450922,陆川县,3,广西壮族自治区/玉林市/陆川县,https://dmfw.mca.gov.cn/XzqhVersionPublish.html,2025-12-31
450923,博白县,3,广西壮族自治区/玉林市/博白县,https://dmfw.mca.gov.cn/XzqhVersionPublish.html,2025-12-31
450924,兴业县,3,广西壮族自治区/玉林市/兴业县,https://dmfw.mca.gov.cn/XzqhVersionPublish.html,2025-12-31
450981,北流市,3,广西壮族自治区/玉林市/北流市,https://dmfw.mca.gov.cn/XzqhVersionPublish.html,2025-12-31
451000,百色市,2,广西壮族自治区/百色市,https://dmfw.mca.gov.cn/XzqhVersionPublish.html,2025-12-31
451002,右江区,3,广西壮族自治区/百色市/右江区,https://dmfw.mca.gov.cn/XzqhVersionPublish.html,2025-12-31
451003,田阳区,3,广西壮族自治区/百色市/田阳区,https://dmfw.mca.gov.cn/XzqhVersionPublish.html,2025-12-31
451022,田东县,3,广西壮族自治区/百色市/田东县,https://dmfw.mca.gov.cn/XzqhVersionPublish.html,2025-12-31
451024,德保县,3,广西壮族自治区/百色市/德保县,https://dmfw.mca.gov.cn/XzqhVersionPublish.html,2025-12-31
451026,那坡县,3,广西壮族自治区/百色市/那坡县,https://dmfw.mca.gov.cn/XzqhVersionPublish.html,2025-12-31
451027,凌云县,3,广西壮族自治区/百色市/凌云县,https://dmfw.mca.gov.cn/XzqhVersionPublish.html,2025-12-31
451028,乐业县,3,广西壮族自治区/百色市/乐业县,https://dmfw.mca.gov.cn/XzqhVersionPublish.html,2025-12-31
451029,田林县,3,广西壮族自治区/百色市/田林县,https://dmfw.mca.gov.cn/XzqhVersionPublish.html,2025-12-31
451030,西林县,3,广西壮族自治区/百色市/西林县,https://dmfw.mca.gov.cn/XzqhVersionPublish.html,2025-12-31
451031,隆林各族自治县,3,广西壮族自治区/百色市/隆林各族自治县,https://dmfw.mca.gov.cn/XzqhVersionPublish.html,2025-12-31
451081,靖西市,3,广西壮族自治区/百色市/靖西市,https://dmfw.mca.gov.cn/XzqhVersionPublish.html,2025-12-31
451082,平果市,3,广西壮族自治区/百色市/平果市,https://dmfw.mca.gov.cn/XzqhVersionPublish.html,2025-12-31
451100,贺州市,2,广西壮族自治区/贺州市,https://dmfw.mca.gov.cn/XzqhVersionPublish.html,2025-12-31
451102,八步区,3,广西壮族自治区/贺州市/八步区,https://dmfw.mca.gov.cn/XzqhVersionPublish.html,2025-12-31
451103,平桂区,3,广西壮族自治区/贺州市/平桂区,https://dmfw.mca.gov.cn/XzqhVersionPublish.html,2025-12-31
451121,昭平县,3,广西壮族自治区/贺州市/昭平县,https://dmfw.mca.gov.cn/XzqhVersionPublish.html,2025-12-31
451122,钟山县,3,广西壮族自治区/贺州市/钟山县,https://dmfw.mca.gov.cn/XzqhVersionPublish.html,2025-12-31
451123,富川瑶族自治县,3,广西壮族自治区/贺州市/富川瑶族自治县,https://dmfw.mca.gov.cn/XzqhVersionPublish.html,2025-12-31
451200,河池市,2,广西壮族自治区/河池市,https://dmfw.mca.gov.cn/XzqhVersionPublish.html,2025-12-31
451202,金城江区,3,广西壮族自治区/河池市/金城江区,https://dmfw.mca.gov.cn/XzqhVersionPublish.html,2025-12-31
451203,宜州区,3,广西壮族自治区/河池市/宜州区,https://dmfw.mca.gov.cn/XzqhVersionPublish.html,2025-12-31
451221,南丹县,3,广西壮族自治区/河池市/南丹县,https://dmfw.mca.gov.cn/XzqhVersionPublish.html,2025-12-31
451222,天峨县,3,广西壮族自治区/河池市/天峨县,https://dmfw.mca.gov.cn/XzqhVersionPublish.html,2025-12-31
451223,凤山县,3,广西壮族自治区/河池市/凤山县,https://dmfw.mca.gov.cn/XzqhVersionPublish.html,2025-12-31
451224,东兰县,3,广西壮族自治区/河池市/东兰县,https://dmfw.mca.gov.cn/XzqhVersionPublish.html,2025-12-31
451225,罗城仫佬族自治县,3,广西壮族自治区/河池市/罗城仫佬族自治县,https://dmfw.mca.gov.cn/XzqhVersionPublish.html,2025-12-31
451226,环江毛南族自治县,3,广西壮族自治区/河池市/环江毛南族自治县,https://dmfw.mca.gov.cn/XzqhVersionPublish.html,2025-12-31
451227,巴马瑶族自治县,3,广西壮族自治区/河池市/巴马瑶族自治县,https://dmfw.mca.gov.cn/XzqhVersionPublish.html,2025-12-31
451228,都安瑶族自治县,3,广西壮族自治区/河池市/都安瑶族自治县,https://dmfw.mca.gov.cn/XzqhVersionPublish.html,2025-12-31
451229,大化瑶族自治县,3,广西壮族自治区/河池市/大化瑶族自治县,https://dmfw.mca.gov.cn/XzqhVersionPublish.html,2025-12-31
451300,来宾市,2,广西壮族自治区/来宾市,https://dmfw.mca.gov.cn/XzqhVersionPublish.html,2025-12-31
451302,兴宾区,3,广西壮族自治区/来宾市/兴宾区,https://dmfw.mca.gov.cn/XzqhVersionPublish.html,2025-12-31
451321,忻城县,3,广西壮族自治区/来宾市/忻城县,https://dmfw.mca.gov.cn/XzqhVersionPublish.html,2025-12-31
451322,象州县,3,广西壮族自治区/来宾市/象州县,https://dmfw.mca.gov.cn/XzqhVersionPublish.html,2025-12-31
451323,武宣县,3,广西壮族自治区/来宾市/武宣县,https://dmfw.mca.gov.cn/XzqhVersionPublish.html,2025-12-31
451324,金秀瑶族自治县,3,广西壮族自治区/来宾市/金秀瑶族自治县,https://dmfw.mca.gov.cn/XzqhVersionPublish.html,2025-12-31
451381,合山市,3,广西壮族自治区/来宾市/合山市,https://dmfw.mca.gov.cn/XzqhVersionPublish.html,2025-12-31
451400,崇左市,2,广西壮族自治区/崇左市,https://dmfw.mca.gov.cn/XzqhVersionPublish.html,2025-12-31
451402,江州区,3,广西壮族自治区/崇左市/江州区,https://dmfw.mca.gov.cn/XzqhVersionPublish.html,2025-12-31
451421,扶绥县,3,广西壮族自治区/崇左市/扶绥县,https://dmfw.mca.gov.cn/XzqhVersionPublish.html,2025-12-31
451422,宁明县,3,广西壮族自治区/崇左市/宁明县,https://dmfw.mca.gov.cn/XzqhVersionPublish.html,2025-12-31
451423,龙州县,3,广西壮族自治区/崇左市/龙州县,https://dmfw.mca.gov.cn/XzqhVersionPublish.html,2025-12-31
451424,大新县,3,广西壮族自治区/崇左市/大新县,https://dmfw.mca.gov.cn/XzqhVersionPublish.html,2025-12-31
451425,天等县,3,广西壮族自治区/崇左市/天等县,https://dmfw.mca.gov.cn/XzqhVersionPublish.html,2025-12-31
451481,凭祥市,3,广西壮族自治区/崇左市/凭祥市,https://dmfw.mca.gov.cn/XzqhVersionPublish.html,2025-12-31
460000,海南省,1,海南省,https://dmfw.mca.gov.cn/XzqhVersionPublish.html,2025-12-31
460100,海口市,2,海南省/海口市,https://dmfw.mca.gov.cn/XzqhVersionPublish.html,2025-12-31
460105,秀英区,3,海南省/海口市/秀英区,https://dmfw.mca.gov.cn/XzqhVersionPublish.html,2025-12-31
460106,龙华区,3,海南省/海口市/龙华区,https://dmfw.mca.gov.cn/XzqhVersionPublish.html,2025-12-31
460107,琼山区,3,海南省/海口市/琼山区,https://dmfw.mca.gov.cn/XzqhVersionPublish.html,2025-12-31
460108,美兰区,3,海南省/海口市/美兰区,https://dmfw.mca.gov.cn/XzqhVersionPublish.html,2025-12-31
460200,三亚市,2,海南省/三亚市,https://dmfw.mca.gov.cn/XzqhVersionPublish.html,2025-12-31
460202,海棠区,3,海南省/三亚市/海棠区,https://dmfw.mca.gov.cn/XzqhVersionPublish.html,2025-12-31
460203,吉阳区,3,海南省/三亚市/吉阳区,https://dmfw.mca.gov.cn/XzqhVersionPublish.html,2025-12-31
460204,天涯区,3,海南省/三亚市/天涯区,https://dmfw.mca.gov.cn/XzqhVersionPublish.html,2025-12-31
460205,崖州区,3,海南省/三亚市/崖州区,https://dmfw.mca.gov.cn/XzqhVersionPublish.html,2025-12-31
460300,三沙市,2,海南省/三沙市,https://dmfw.mca.gov.cn/XzqhVersionPublish.html,2025-12-31
460302,西沙区,3,海南省/三沙市/西沙区,https://dmfw.mca.gov.cn/XzqhVersionPublish.html,2025-12-31
460303,南沙区,3,海南省/三沙市/南沙区,https://dmfw.mca.gov.cn/XzqhVersionPublish.html,2025-12-31
460400,儋州市,2,海南省/儋州市,https://dmfw.mca.gov.cn/XzqhVersionPublish.html,2025-12-31
469001,五指山市,3,海南省/五指山市,https://dmfw.mca.gov.cn/XzqhVersionPublish.html,2025-12-31
469002,琼海市,3,海南省/琼海市,https://dmfw.mca.gov.cn/XzqhVersionPublish.html,2025-12-31
469005,文昌市,3,海南省/文昌市,https://dmfw.mca.gov.cn/XzqhVersionPublish.html,2025-12-31
469006,万宁市,3,海南省/万宁市,https://dmfw.mca.gov.cn/XzqhVersionPublish.html,2025-12-31
469007,东方市,3,海南省/东方市,https://dmfw.mca.gov.cn/XzqhVersionPublish.html,2025-12-31
469021,定安县,3,海南省/定安县,https://dmfw.mca.gov.cn/XzqhVersionPublish.html,2025-12-31
469022,屯昌县,3,海南省/屯昌县,https://dmfw.mca.gov.cn/XzqhVersionPublish.html,2025-12-31
469023,澄迈县,3,海南省/澄迈县,https://dmfw.mca.gov.cn/XzqhVersionPublish.html,2025-12-31
469024,临高县,3,海南省/临高县,https://dmfw.mca.gov.cn/XzqhVersionPublish.html,2025-12-31
469025,白沙黎族自治县,3,海南省/白沙黎族自治县,https://dmfw.mca.gov.cn/XzqhVersionPublish.html,2025-12-31
469026,昌江黎族自治县,3,海南省/昌江黎族自治县,https://dmfw.mca.gov.cn/XzqhVersionPublish.html,2025-12-31
469027,乐东黎族自治县,3,海南省/乐东黎族自治县,https://dmfw.mca.gov.cn/XzqhVersionPublish.html,2025-12-31
469028,陵水黎族自治县,3,海南省/陵水黎族自治县,https://dmfw.mca.gov.cn/XzqhVersionPublish.html,2025-12-31
469029,保亭黎族苗族自治县,3,海南省/保亭黎族苗族自治县,https://dmfw.mca.gov.cn/XzqhVersionPublish.html,2025-12-31
469030,琼中黎族苗族自治县,3,海南省/琼中黎族苗族自治县,https://dmfw.mca.gov.cn/XzqhVersionPublish.html,2025-12-31
500000,重庆市,1,重庆市,https://dmfw.mca.gov.cn/XzqhVersionPublish.html,2025-12-31
500101,万州区,3,重庆市/万州区,https://dmfw.mca.gov.cn/XzqhVersionPublish.html,2025-12-31
500102,涪陵区,3,重庆市/涪陵区,https://dmfw.mca.gov.cn/XzqhVersionPublish.html,2025-12-31
500103,渝中区,3,重庆市/渝中区,https://dmfw.mca.gov.cn/XzqhVersionPublish.html,2025-12-31
500104,大渡口区,3,重庆市/大渡口区,https://dmfw.mca.gov.cn/XzqhVersionPublish.html,2025-12-31
500106,沙坪坝区,3,重庆市/沙坪坝区,https://dmfw.mca.gov.cn/XzqhVersionPublish.html,2025-12-31
500107,九龙坡区,3,重庆市/九龙坡区,https://dmfw.mca.gov.cn/XzqhVersionPublish.html,2025-12-31
500108,南岸区,3,重庆市/南岸区,https://dmfw.mca.gov.cn/XzqhVersionPublish.html,2025-12-31
500109,北碚区,3,重庆市/北碚区,https://dmfw.mca.gov.cn/XzqhVersionPublish.html,2025-12-31
500110,綦江区,3,重庆市/綦江区,https://dmfw.mca.gov.cn/XzqhVersionPublish.html,2025-12-31
500111,大足区,3,重庆市/大足区,https://dmfw.mca.gov.cn/XzqhVersionPublish.html,2025-12-31
500113,巴南区,3,重庆市/巴南区,https://dmfw.mca.gov.cn/XzqhVersionPublish.html,2025-12-31
500114,黔江区,3,重庆市/黔江区,https://dmfw.mca.gov.cn/XzqhVersionPublish.html,2025-12-31
500115,长寿区,3,重庆市/长寿区,https://dmfw.mca.gov.cn/XzqhVersionPublish.html,2025-12-31
500116,江津区,3,重庆市/江津区,https://dmfw.mca.gov.cn/XzqhVersionPublish.html,2025-12-31
500117,合川区,3,重庆市/合川区,https://dmfw.mca.gov.cn/XzqhVersionPublish.html,2025-12-31
500118,永川区,3,重庆市/永川区,https://dmfw.mca.gov.cn/XzqhVersionPublish.html,2025-12-31
500119,南川区,3,重庆市/南川区,https://dmfw.mca.gov.cn/XzqhVersionPublish.html,2025-12-31
500120,璧山区,3,重庆市/璧山区,https://dmfw.mca.gov.cn/XzqhVersionPublish.html,2025-12-31
500151,铜梁区,3,重庆市/铜梁区,https://dmfw.mca.gov.cn/XzqhVersionPublish.html,2025-12-31
500152,潼南区,3,重庆市/潼南区,https://dmfw.mca.gov.cn/XzqhVersionPublish.html,2025-12-31
500153,荣昌区,3,重庆市/荣昌区,https://dmfw.mca.gov.cn/XzqhVersionPublish.html,2025-12-31
500154,开州区,3,重庆市/开州区,https://dmfw.mca.gov.cn/XzqhVersionPublish.html,2025-12-31
500155,梁平区,3,重庆市/梁平区,https://dmfw.mca.gov.cn/XzqhVersionPublish.html,2025-12-31
500156,武隆区,3,重庆市/武隆区,https://dmfw.mca.gov.cn/XzqhVersionPublish.html,2025-12-31
500157,两江新区,3,重庆市/两江新区,https://dmfw.mca.gov.cn/XzqhVersionPublish.html,2025-12-31
500229,城口县,3,重庆市/城口县,https://dmfw.mca.gov.cn/XzqhVersionPublish.html,2025-12-31
500230,丰都县,3,重庆市/丰都县,https://dmfw.mca.gov.cn/XzqhVersionPublish.html,2025-12-31
500231,垫江县,3,重庆市/垫江县,https://dmfw.mca.gov.cn/XzqhVersionPublish.html,2025-12-31
500233,忠县,3,重庆市/忠县,https://dmfw.mca.gov.cn/XzqhVersionPublish.html,2025-12-31
500235,云阳县,3,重庆市/云阳县,https://dmfw.mca.gov.cn/XzqhVersionPublish.html,2025-12-31
500236,奉节县,3,重庆市/奉节县,https://dmfw.mca.gov.cn/XzqhVersionPublish.html,2025-12-31
500237,巫山县,3,重庆市/巫山县,https://dmfw.mca.gov.cn/XzqhVersionPublish.html,2025-12-31
500238,巫溪县,3,重庆市/巫溪县,https://dmfw.mca.gov.cn/XzqhVersionPublish.html,2025-12-31
500240,石柱土家族自治县,3,重庆市/石柱土家族自治县,https://dmfw.mca.gov.cn/XzqhVersionPublish.html,2025-12-31
500241,秀山土家族苗族自治县,3,重庆市/秀山土家族苗族自治县,https://dmfw.mca.gov.cn/XzqhVersionPublish.html,2025-12-31
500242,酉阳土家族苗族自治县,3,重庆市/酉阳土家族苗族自治县,https://dmfw.mca.gov.cn/XzqhVersionPublish.html,2025-12-31
500243,彭水苗族土家族自治县,3,重庆市/彭水苗族土家族自治县,https://dmfw.mca.gov.cn/XzqhVersionPublish.html,2025-12-31
510000,四川省,1,四川省,https://dmfw.mca.gov.cn/XzqhVersionPublish.html,2025-12-31
510100,成都市,2,四川省/成都市,https://dmfw.mca.gov.cn/XzqhVersionPublish.html,2025-12-31
510104,锦江区,3,四川省/成都市/锦江区,https://dmfw.mca.gov.cn/XzqhVersionPublish.html,2025-12-31
510105,青羊区,3,四川省/成都市/青羊区,https://dmfw.mca.gov.cn/XzqhVersionPublish.html,2025-12-31
510106,金牛区,3,四川省/成都市/金牛区,https://dmfw.mca.gov.cn/XzqhVersionPublish.html,2025-12-31
510107,武侯区,3,四川省/成都市/武侯区,https://dmfw.mca.gov.cn/XzqhVersionPublish.html,2025-12-31
510108,成华区,3,四川省/成都市/成华区,https://dmfw.mca.gov.cn/XzqhVersionPublish.html,2025-12-31
510112,龙泉驿区,3,四川省/成都市/龙泉驿区,https://dmfw.mca.gov.cn/XzqhVersionPublish.html,2025-12-31
510113,青白江区,3,四川省/成都市/青白江区,https://dmfw.mca.gov.cn/XzqhVersionPublish.html,2025-12-31
510114,新都区,3,四川省/成都市/新都区,https://dmfw.mca.gov.cn/XzqhVersionPublish.html,2025-12-31
510115,温江区,3,四川省/成都市/温江区,https://dmfw.mca.gov.cn/XzqhVersionPublish.html,2025-12-31
510116,双流区,3,四川省/成都市/双流区,https://dmfw.mca.gov.cn/XzqhVersionPublish.html,2025-12-31
510117,郫都区,3,四川省/成都市/郫都区,https://dmfw.mca.gov.cn/XzqhVersionPublish.html,2025-12-31
510118,新津区,3,四川省/成都市/新津区,https://dmfw.mca.gov.cn/XzqhVersionPublish.html,2025-12-31
510121,金堂县,3,四川省/成都市/金堂县,https://dmfw.mca.gov.cn/XzqhVersionPublish.html,2025-12-31
510129,大邑县,3,四川省/成都市/大邑县,https://dmfw.mca.gov.cn/XzqhVersionPublish.html,2025-12-31
510131,蒲江县,3,四川省/成都市/蒲江县,https://dmfw.mca.gov.cn/XzqhVersionPublish.html,2025-12-31
510181,都江堰市,3,四川省/成都市/都江堰市,https://dmfw.mca.gov.cn/XzqhVersionPublish.html,2025-12-31
510182,彭州市,3,四川省/成都市/彭州市,https://dmfw.mca.gov.cn/XzqhVersionPublish.html,2025-12-31
510183,邛崃市,3,四川省/成都市/邛崃市,https://dmfw.mca.gov.cn/XzqhVersionPublish.html,2025-12-31
510184,崇州市,3,四川省/成都市/崇州市,https://dmfw.mca.gov.cn/XzqhVersionPublish.html,2025-12-31
510185,简阳市,3,四川省/成都市/简阳市,https://dmfw.mca.gov.cn/XzqhVersionPublish.html,2025-12-31
510300,自贡市,2,四川省/自贡市,https://dmfw.mca.gov.cn/XzqhVersionPublish.html,2025-12-31
510302,自流井区,3,四川省/自贡市/自流井区,https://dmfw.mca.gov.cn/XzqhVersionPublish.html,2025-12-31
510303,贡井区,3,四川省/自贡市/贡井区,https://dmfw.mca.gov.cn/XzqhVersionPublish.html,2025-12-31
510304,大安区,3,四川省/自贡市/大安区,https://dmfw.mca.gov.cn/XzqhVersionPublish.html,2025-12-31
510311,沿滩区,3,四川省/自贡市/沿滩区,https://dmfw.mca.gov.cn/XzqhVersionPublish.html,2025-12-31
510321,荣县,3,四川省/自贡市/荣县,https://dmfw.mca.gov.cn/XzqhVersionPublish.html,2025-12-31
510322,富顺县,3,四川省/自贡市/富顺县,https://dmfw.mca.gov.cn/XzqhVersionPublish.html,2025-12-31
510400,攀枝花市,2,四川省/攀枝花市,https://dmfw.mca.gov.cn/XzqhVersionPublish.html,2025-12-31
510402,东区,3,四川省/攀枝花市/东区,https://dmfw.mca.gov.cn/XzqhVersionPublish.html,2025-12-31
510403,西区,3,四川省/攀枝花市/西区,https://dmfw.mca.gov.cn/XzqhVersionPublish.html,2025-12-31
510411,仁和区,3,四川省/攀枝花市/仁和区,https://dmfw.mca.gov.cn/XzqhVersionPublish.html,2025-12-31
510421,米易县,3,四川省/攀枝花市/米易县,https://dmfw.mca.gov.cn/XzqhVersionPublish.html,2025-12-31
510422,盐边县,3,四川省/攀枝花市/盐边县,https://dmfw.mca.gov.cn/XzqhVersionPublish.html,2025-12-31
510500,泸州市,2,四川省/泸州市,https://dmfw.mca.gov.cn/XzqhVersionPublish.html,2025-12-31
510502,江阳区,3,四川省/泸州市/江阳区,https://dmfw.mca.gov.cn/XzqhVersionPublish.html,2025-12-31
510503,纳溪区,3,四川省/泸州市/纳溪区,https://dmfw.mca.gov.cn/XzqhVersionPublish.html,2025-12-31
510504,龙马潭区,3,四川省/泸州市/龙马潭区,https://dmfw.mca.gov.cn/XzqhVersionPublish.html,2025-12-31
510521,泸县,3,四川省/泸州市/泸县,https://dmfw.mca.gov.cn/XzqhVersionPublish.html,2025-12-31
510522,合江县,3,四川省/泸州市/合江县,https://dmfw.mca.gov.cn/XzqhVersionPublish.html,2025-12-31
510524,叙永县,3,四川省/泸州市/叙永县,https://dmfw.mca.gov.cn/XzqhVersionPublish.html,2025-12-31
510525,古蔺县,3,四川省/泸州市/古蔺县,https://dmfw.mca.gov.cn/XzqhVersionPublish.html,2025-12-31
510600,德阳市,2,四川省/德阳市,https://dmfw.mca.gov.cn/XzqhVersionPublish.html,2025-12-31
510603,旌阳区,3,四川省/德阳市/旌阳区,https://dmfw.mca.gov.cn/XzqhVersionPublish.html,2025-12-31
510604,罗江区,3,四川省/德阳市/罗江区,https://dmfw.mca.gov.cn/XzqhVersionPublish.html,2025-12-31
510623,中江县,3,四川省/德阳市/中江县,https://dmfw.mca.gov.cn/XzqhVersionPublish.html,2025-12-31
510681,广汉市,3,四川省/德阳市/广汉市,https://dmfw.mca.gov.cn/XzqhVersionPublish.html,2025-12-31
510682,什邡市,3,四川省/德阳市/什邡市,https://dmfw.mca.gov.cn/XzqhVersionPublish.html,2025-12-31
510683,绵竹市,3,四川省/德阳市/绵竹市,https://dmfw.mca.gov.cn/XzqhVersionPublish.html,2025-12-31
510700,绵阳市,2,四川省/绵阳市,https://dmfw.mca.gov.cn/XzqhVersionPublish.html,2025-12-31
510703,涪城区,3,四川省/绵阳市/涪城区,https://dmfw.mca.gov.cn/XzqhVersionPublish.html,2025-12-31
510704,游仙区,3,四川省/绵阳市/游仙区,https://dmfw.mca.gov.cn/XzqhVersionPublish.html,2025-12-31
510705,安州区,3,四川省/绵阳市/安州区,https://dmfw.mca.gov.cn/XzqhVersionPublish.html,2025-12-31
510722,三台县,3,四川省/绵阳市/三台县,https://dmfw.mca.gov.cn/XzqhVersionPublish.html,2025-12-31
510723,盐亭县,3,四川省/绵阳市/盐亭县,https://dmfw.mca.gov.cn/XzqhVersionPublish.html,2025-12-31
510725,梓潼县,3,四川省/绵阳市/梓潼县,https://dmfw.mca.gov.cn/XzqhVersionPublish.html,2025-12-31
510726,北川羌族自治县,3,四川省/绵阳市/北川羌族自治县,https://dmfw.mca.gov.cn/XzqhVersionPublish.html,2025-12-31
510727,平武县,3,四川省/绵阳市/平武县,https://dmfw.mca.gov.cn/XzqhVersionPublish.html,2025-12-31
510781,江油市,3,四川省/绵阳市/江油市,https://dmfw.mca.gov.cn/XzqhVersionPublish.html,2025-12-31
510800,广元市,2,四川省/广元市,https://dmfw.mca.gov.cn/XzqhVersionPublish.html,2025-12-31
510802,利州区,3,四川省/广元市/利州区,https://dmfw.mca.gov.cn/XzqhVersionPublish.html,2025-12-31
510811,昭化区,3,四川省/广元市/昭化区,https://dmfw.mca.gov.cn/XzqhVersionPublish.html,2025-12-31
510812,朝天区,3,四川省/广元市/朝天区,https://dmfw.mca.gov.cn/XzqhVersionPublish.html,2025-12-31
510821,旺苍县,3,四川省/广元市/旺苍县,https://dmfw.mca.gov.cn/XzqhVersionPublish.html,2025-12-31
510822,青川县,3,四川省/广元市/青川县,https://dmfw.mca.gov.cn/XzqhVersionPublish.html,2025-12-31
510823,剑阁县,3,四川省/广元市/剑阁县,https://dmfw.mca.gov.cn/XzqhVersionPublish.html,2025-12-31
510824,苍溪县,3,四川省/广元市/苍溪县,https://dmfw.mca.gov.cn/XzqhVersionPublish.html,2025-12-31
510900,遂宁市,2,四川省/遂宁市,https://dmfw.mca.gov.cn/XzqhVersionPublish.html,2025-12-31
510903,船山区,3,四川省/遂宁市/船山区,https://dmfw.mca.gov.cn/XzqhVersionPublish.html,2025-12-31
510904,安居区,3,四川省/遂宁市/安居区,https://dmfw.mca.gov.cn/XzqhVersionPublish.html,2025-12-31
510921,蓬溪县,3,四川省/遂宁市/蓬溪县,https://dmfw.mca.gov.cn/XzqhVersionPublish.html,2025-12-31
510923,大英县,3,四川省/遂宁市/大英县,https://dmfw.mca.gov.cn/XzqhVersionPublish.html,2025-12-31
510981,射洪市,3,四川省/遂宁市/射洪市,https://dmfw.mca.gov.cn/XzqhVersionPublish.html,2025-12-31
511000,内江市,2,四川省/内江市,https://dmfw.mca.gov.cn/XzqhVersionPublish.html,2025-12-31
511002,市中区,3,四川省/内江市/市中区,https://dmfw.mca.gov.cn/XzqhVersionPublish.html,2025-12-31
511011,东兴区,3,四川省/内江市/东兴区,https://dmfw.mca.gov.cn/XzqhVersionPublish.html,2025-12-31
511024,威远县,3,四川省/内江市/威远县,https://dmfw.mca.gov.cn/XzqhVersionPublish.html,2025-12-31
511025,资中县,3,四川省/内江市/资中县,https://dmfw.mca.gov.cn/XzqhVersionPublish.html,2025-12-31
511083,隆昌市,3,四川省/内江市/隆昌市,https://dmfw.mca.gov.cn/XzqhVersionPublish.html,2025-12-31
511100,乐山市,2,四川省/乐山市,https://dmfw.mca.gov.cn/XzqhVersionPublish.html,2025-12-31
511102,市中区,3,四川省/乐山市/市中区,https://dmfw.mca.gov.cn/XzqhVersionPublish.html,2025-12-31
511111,沙湾区,3,四川省/乐山市/沙湾区,https://dmfw.mca.gov.cn/XzqhVersionPublish.html,2025-12-31
511112,五通桥区,3,四川省/乐山市/五通桥区,https://dmfw.mca.gov.cn/XzqhVersionPublish.html,2025-12-31
511113,金口河区,3,四川省/乐山市/金口河区,https://dmfw.mca.gov.cn/XzqhVersionPublish.html,2025-12-31
511123,犍为县,3,四川省/乐山市/犍为县,https://dmfw.mca.gov.cn/XzqhVersionPublish.html,2025-12-31
511124,井研县,3,四川省/乐山市/井研县,https://dmfw.mca.gov.cn/XzqhVersionPublish.html,2025-12-31
511126,夹江县,3,四川省/乐山市/夹江县,https://dmfw.mca.gov.cn/XzqhVersionPublish.html,2025-12-31
511129,沐川县,3,四川省/乐山市/沐川县,https://dmfw.mca.gov.cn/XzqhVersionPublish.html,2025-12-31
511132,峨边彝族自治县,3,四川省/乐山市/峨边彝族自治县,https://dmfw.mca.gov.cn/XzqhVersionPublish.html,2025-12-31
511133,马边彝族自治县,3,四川省/乐山市/马边彝族自治县,https://dmfw.mca.gov.cn/XzqhVersionPublish.html,2025-12-31
511181,峨眉山市,3,四川省/乐山市/峨眉山市,https://dmfw.mca.gov.cn/XzqhVersionPublish.html,2025-12-31
511300,南充市,2,四川省/南充市,https://dmfw.mca.gov.cn/XzqhVersionPublish.html,2025-12-31
511302,顺庆区,3,四川省/南充市/顺庆区,https://dmfw.mca.gov.cn/XzqhVersionPublish.html,2025-12-31
511303,高坪区,3,四川省/南充市/高坪区,https://dmfw.mca.gov.cn/XzqhVersionPublish.html,2025-12-31
511304,嘉陵区,3,四川省/南充市/嘉陵区,https://dmfw.mca.gov.cn/XzqhVersionPublish.html,2025-12-31
511321,南部县,3,四川省/南充市/南部县,https://dmfw.mca.gov.cn/XzqhVersionPublish.html,2025-12-31
511322,营山县,3,四川省/南充市/营山县,https://dmfw.mca.gov.cn/XzqhVersionPublish.html,2025-12-31
511323,蓬安县,3,四川省/南充市/蓬安县,https://dmfw.mca.gov.cn/XzqhVersionPublish.html,2025-12-31
511324,仪陇县,3,四川省/南充市/仪陇县,https://dmfw.mca.gov.cn/XzqhVersionPublish.html,2025-12-31
511325,西充县,3,四川省/南充市/西充县,https://dmfw.mca.gov.cn/XzqhVersionPublish.html,2025-12-31
511381,阆中市,3,四川省/南充市/阆中市,https://dmfw.mca.gov.cn/XzqhVersionPublish.html,2025-12-31
511400,眉山市,2,四川省/眉山市,https://dmfw.mca.gov.cn/XzqhVersionPublish.html,2025-12-31
511402,东坡区,3,四川省/眉山市/东坡区,https://dmfw.mca.gov.cn/XzqhVersionPublish.html,2025-12-31
511403,彭山区,3,四川省/眉山市/彭山区,https://dmfw.mca.gov.cn/XzqhVersionPublish.html,2025-12-31
511421,仁寿县,3,四川省/眉山市/仁寿县,https://dmfw.mca.gov.cn/XzqhVersionPublish.html,2025-12-31
511423,洪雅县,3,四川省/眉山市/洪雅县,https://dmfw.mca.gov.cn/XzqhVersionPublish.html,2025-12-31
511424,丹棱县,3,四川省/眉山市/丹棱县,https://dmfw.mca.gov.cn/XzqhVersionPublish.html,2025-12-31
511425,青神县,3,四川省/眉山市/青神县,https://dmfw.mca.gov.cn/XzqhVersionPublish.html,2025-12-31
511500,宜宾市,2,四川省/宜宾市,https://dmfw.mca.gov.cn/XzqhVersionPublish.html,2025-12-31
511502,翠屏区,3,四川省/宜宾市/翠屏区,https://dmfw.mca.gov.cn/XzqhVersionPublish.html,2025-12-31
511503,南溪区,3,四川省/宜宾市/南溪区,https://dmfw.mca.gov.cn/XzqhVersionPublish.html,2025-12-31
511504,叙州区,3,四川省/宜宾市/叙州区,https://dmfw.mca.gov.cn/XzqhVersionPublish.html,2025-12-31
511523,江安县,3,四川省/宜宾市/江安县,https://dmfw.mca.gov.cn/XzqhVersionPublish.html,2025-12-31
511524,长宁县,3,四川省/宜宾市/长宁县,https://dmfw.mca.gov.cn/XzqhVersionPublish.html,2025-12-31
511525,高县,3,四川省/宜宾市/高县,https://dmfw.mca.gov.cn/XzqhVersionPublish.html,2025-12-31
511526,珙县,3,四川省/宜宾市/珙县,https://dmfw.mca.gov.cn/XzqhVersionPublish.html,2025-12-31
511527,筠连县,3,四川省/宜宾市/筠连县,https://dmfw.mca.gov.cn/XzqhVersionPublish.html,2025-12-31
511528,兴文县,3,四川省/宜宾市/兴文县,https://dmfw.mca.gov.cn/XzqhVersionPublish.html,2025-12-31
511529,屏山县,3,四川省/宜宾市/屏山县,https://dmfw.mca.gov.cn/XzqhVersionPublish.html,2025-12-31
511600,广安市,2,四川省/广安市,https://dmfw.mca.gov.cn/XzqhVersionPublish.html,2025-12-31
511602,广安区,3,四川省/广安市/广安区,https://dmfw.mca.gov.cn/XzqhVersionPublish.html,2025-12-31
511603,前锋区,3,四川省/广安市/前锋区,https://dmfw.mca.gov.cn/XzqhVersionPublish.html,2025-12-31
511621,岳池县,3,四川省/广安市/岳池县,https://dmfw.mca.gov.cn/XzqhVersionPublish.html,2025-12-31
511622,武胜县,3,四川省/广安市/武胜县,https://dmfw.mca.gov.cn/XzqhVersionPublish.html,2025-12-31
511623,邻水县,3,四川省/广安市/邻水县,https://dmfw.mca.gov.cn/XzqhVersionPublish.html,2025-12-31
511681,华蓥市,3,四川省/广安市/华蓥市,https://dmfw.mca.gov.cn/XzqhVersionPublish.html,2025-12-31
511700,达州市,2,四川省/达州市,https://dmfw.mca.gov.cn/XzqhVersionPublish.html,2025-12-31
511702,通川区,3,四川省/达州市/通川区,https://dmfw.mca.gov.cn/XzqhVersionPublish.html,2025-12-31
511703,达川区,3,四川省/达州市/达川区,https://dmfw.mca.gov.cn/XzqhVersionPublish.html,2025-12-31
511722,宣汉县,3,四川省/达州市/宣汉县,https://dmfw.mca.gov.cn/XzqhVersionPublish.html,2025-12-31
511723,开江县,3,四川省/达州市/开江县,https://dmfw.mca.gov.cn/XzqhVersionPublish.html,2025-12-31
511724,大竹县,3,四川省/达州市/大竹县,https://dmfw.mca.gov.cn/XzqhVersionPublish.html,2025-12-31
511725,渠县,3,四川省/达州市/渠县,https://dmfw.mca.gov.cn/XzqhVersionPublish.html,2025-12-31
511781,万源市,3,四川省/达州市/万源市,https://dmfw.mca.gov.cn/XzqhVersionPublish.html,2025-12-31
511800,雅安市,2,四川省/雅安市,https://dmfw.mca.gov.cn/XzqhVersionPublish.html,2025-12-31
511802,雨城区,3,四川省/雅安市/雨城区,https://dmfw.mca.gov.cn/XzqhVersionPublish.html,2025-12-31
511803,名山区,3,四川省/雅安市/名山区,https://dmfw.mca.gov.cn/XzqhVersionPublish.html,2025-12-31
511822,荥经县,3,四川省/雅安市/荥经县,https://dmfw.mca.gov.cn/XzqhVersionPublish.html,2025-12-31
511823,汉源县,3,四川省/雅安市/汉源县,https://dmfw.mca.gov.cn/XzqhVersionPublish.html,2025-12-31
511824,石棉县,3,四川省/雅安市/石棉县,https://dmfw.mca.gov.cn/XzqhVersionPublish.html,2025-12-31
511825,天全县,3,四川省/雅安市/天全县,https://dmfw.mca.gov.cn/XzqhVersionPublish.html,2025-12-31
511826,芦山县,3,四川省/雅安市/芦山县,https://dmfw.mca.gov.cn/XzqhVersionPublish.html,2025-12-31
511827,宝兴县,3,四川省/雅安市/宝兴县,https://dmfw.mca.gov.cn/XzqhVersionPublish.html,2025-12-31
511900,巴中市,2,四川省/巴中市,https://dmfw.mca.gov.cn/XzqhVersionPublish.html,2025-12-31
511902,巴州区,3,四川省/巴中市/巴州区,https://dmfw.mca.gov.cn/XzqhVersionPublish.html,2025-12-31
511903,恩阳区,3,四川省/巴中市/恩阳区,https://dmfw.mca.gov.cn/XzqhVersionPublish.html,2025-12-31
511921,通江县,3,四川省/巴中市/通江县,https://dmfw.mca.gov.cn/XzqhVersionPublish.html,2025-12-31
511922,南江县,3,四川省/巴中市/南江县,https://dmfw.mca.gov.cn/XzqhVersionPublish.html,2025-12-31
511923,平昌县,3,四川省/巴中市/平昌县,https://dmfw.mca.gov.cn/XzqhVersionPublish.html,2025-12-31
512000,资阳市,2,四川省/资阳市,https://dmfw.mca.gov.cn/XzqhVersionPublish.html,2025-12-31
512002,雁江区,3,四川省/资阳市/雁江区,https://dmfw.mca.gov.cn/XzqhVersionPublish.html,2025-12-31
512021,安岳县,3,四川省/资阳市/安岳县,https://dmfw.mca.gov.cn/XzqhVersionPublish.html,2025-12-31
512022,乐至县,3,四川省/资阳市/乐至县,https://dmfw.mca.gov.cn/XzqhVersionPublish.html,2025-12-31
513200,阿坝藏族羌族自治州,2,四川省/阿坝藏族羌族自治州,https://dmfw.mca.gov.cn/XzqhVersionPublish.html,2025-12-31
513201,马尔康市,3,四川省/阿坝藏族羌族自治州/马尔康市,https://dmfw.mca.gov.cn/XzqhVersionPublish.html,2025-12-31
513221,汶川县,3,四川省/阿坝藏族羌族自治州/汶川县,https://dmfw.mca.gov.cn/XzqhVersionPublish.html,2025-12-31
513222,理县,3,四川省/阿坝藏族羌族自治州/理县,https://dmfw.mca.gov.cn/XzqhVersionPublish.html,2025-12-31
513223,茂县,3,四川省/阿坝藏族羌族自治州/茂县,https://dmfw.mca.gov.cn/XzqhVersionPublish.html,2025-12-31
513224,松潘县,3,四川省/阿坝藏族羌族自治州/松潘县,https://dmfw.mca.gov.cn/XzqhVersionPublish.html,2025-12-31
513225,九寨沟县,3,四川省/阿坝藏族羌族自治州/九寨沟县,https://dmfw.mca.gov.cn/XzqhVersionPublish.html,2025-12-31
513226,金川县,3,四川省/阿坝藏族羌族自治州/金川县,https://dmfw.mca.gov.cn/XzqhVersionPublish.html,2025-12-31
513227,小金县,3,四川省/阿坝藏族羌族自治州/小金县,https://dmfw.mca.gov.cn/XzqhVersionPublish.html,2025-12-31
513228,黑水县,3,四川省/阿坝藏族羌族自治州/黑水县,https://dmfw.mca.gov.cn/XzqhVersionPublish.html,2025-12-31
513230,壤塘县,3,四川省/阿坝藏族羌族自治州/壤塘县,https://dmfw.mca.gov.cn/XzqhVersionPublish.html,2025-12-31
513231,阿坝县,3,四川省/阿坝藏族羌族自治州/阿坝县,https://dmfw.mca.gov.cn/XzqhVersionPublish.html,2025-12-31
513232,若尔盖县,3,四川省/阿坝藏族羌族自治州/若尔盖县,https://dmfw.mca.gov.cn/XzqhVersionPublish.html,2025-12-31
513233,红原县,3,四川省/阿坝藏族羌族自治州/红原县,https://dmfw.mca.gov.cn/XzqhVersionPublish.html,2025-12-31
513300,甘孜藏族自治州,2,四川省/甘孜藏族自治州,https://dmfw.mca.gov.cn/XzqhVersionPublish.html,2025-12-31
513301,康定市,3,四川省/甘孜藏族自治州/康定市,https://dmfw.mca.gov.cn/XzqhVersionPublish.html,2025-12-31
513322,泸定县,3,四川省/甘孜藏族自治州/泸定县,https://dmfw.mca.gov.cn/XzqhVersionPublish.html,2025-12-31
513323,丹巴县,3,四川省/甘孜藏族自治州/丹巴县,https://dmfw.mca.gov.cn/XzqhVersionPublish.html,2025-12-31
513324,九龙县,3,四川省/甘孜藏族自治州/九龙县,https://dmfw.mca.gov.cn/XzqhVersionPublish.html,2025-12-31
513325,雅江县,3,四川省/甘孜藏族自治州/雅江县,https://dmfw.mca.gov.cn/XzqhVersionPublish.html,2025-12-31
513326,道孚县,3,四川省/甘孜藏族自治州/道孚县,https://dmfw.mca.gov.cn/XzqhVersionPublish.html,2025-12-31
513327,炉霍县,3,四川省/甘孜藏族自治州/炉霍县,https://dmfw.mca.gov.cn/XzqhVersionPublish.html,2025-12-31
513328,甘孜县,3,四川省/甘孜藏族自治州/甘孜县,https://dmfw.mca.gov.cn/XzqhVersionPublish.html,2025-12-31
513329,新龙县,3,四川省/甘孜藏族自治州/新龙县,https://dmfw.mca.gov.cn/XzqhVersionPublish.html,2025-12-31
513330,德格县,3,四川省/甘孜藏族自治州/德格县,https://dmfw.mca.gov.cn/XzqhVersionPublish.html,2025-12-31
513331,白玉县,3,四川省/甘孜藏族自治州/白玉县,https://dmfw.mca.gov.cn/XzqhVersionPublish.html,2025-12-31
513332,石渠县,3,四川省/甘孜藏族自治州/石渠县,https://dmfw.mca.gov.cn/XzqhVersionPublish.html,2025-12-31
513333,色达县,3,四川省/甘孜藏族自治州/色达县,https://dmfw.mca.gov.cn/XzqhVersionPublish.html,2025-12-31
513334,理塘县,3,四川省/甘孜藏族自治州/理塘县,https://dmfw.mca.gov.cn/XzqhVersionPublish.html,2025-12-31
513335,巴塘县,3,四川省/甘孜藏族自治州/巴塘县,https://dmfw.mca.gov.cn/XzqhVersionPublish.html,2025-12-31
513336,乡城县,3,四川省/甘孜藏族自治州/乡城县,https://dmfw.mca.gov.cn/XzqhVersionPublish.html,2025-12-31
513337,稻城县,3,四川省/甘孜藏族自治州/稻城县,https://dmfw.mca.gov.cn/XzqhVersionPublish.html,2025-12-31
513338,得荣县,3,四川省/甘孜藏族自治州/得荣县,https://dmfw.mca.gov.cn/XzqhVersionPublish.html,2025-12-31
513400,凉山彝族自治州,2,四川省/凉山彝族自治州,https://dmfw.mca.gov.cn/XzqhVersionPublish.html,2025-12-31
513401,西昌市,3,四川省/凉山彝族自治州/西昌市,https://dmfw.mca.gov.cn/XzqhVersionPublish.html,2025-12-31
513402,会理市,3,四川省/凉山彝族自治州/会理市,https://dmfw.mca.gov.cn/XzqhVersionPublish.html,2025-12-31
513422,木里藏族自治县,3,四川省/凉山彝族自治州/木里藏族自治县,https://dmfw.mca.gov.cn/XzqhVersionPublish.html,2025-12-31
513423,盐源县,3,四川省/凉山彝族自治州/盐源县,https://dmfw.mca.gov.cn/XzqhVersionPublish.html,2025-12-31
513424,德昌县,3,四川省/凉山彝族自治州/德昌县,https://dmfw.mca.gov.cn/XzqhVersionPublish.html,2025-12-31
513426,会东县,3,四川省/凉山彝族自治州/会东县,https://dmfw.mca.gov.cn/XzqhVersionPublish.html,2025-12-31
513427,宁南县,3,四川省/凉山彝族自治州/宁南县,https://dmfw.mca.gov.cn/XzqhVersionPublish.html,2025-12-31
513428,普格县,3,四川省/凉山彝族自治州/普格县,https://dmfw.mca.gov.cn/XzqhVersionPublish.html,2025-12-31
513429,布拖县,3,四川省/凉山彝族自治州/布拖县,https://dmfw.mca.gov.cn/XzqhVersionPublish.html,2025-12-31
513430,金阳县,3,四川省/凉山彝族自治州/金阳县,https://dmfw.mca.gov.cn/XzqhVersionPublish.html,2025-12-31
513431,昭觉县,3,四川省/凉山彝族自治州/昭觉县,https://dmfw.mca.gov.cn/XzqhVersionPublish.html,2025-12-31
513432,喜德县,3,四川省/凉山彝族自治州/喜德县,https://dmfw.mca.gov.cn/XzqhVersionPublish.html,2025-12-31
513433,冕宁县,3,四川省/凉山彝族自治州/冕宁县,https://dmfw.mca.gov.cn/XzqhVersionPublish.html,2025-12-31
513434,越西县,3,四川省/凉山彝族自治州/越西县,https://dmfw.mca.gov.cn/XzqhVersionPublish.html,2025-12-31
513435,甘洛县,3,四川省/凉山彝族自治州/甘洛县,https://dmfw.mca.gov.cn/XzqhVersionPublish.html,2025-12-31
513436,美姑县,3,四川省/凉山彝族自治州/美姑县,https://dmfw.mca.gov.cn/XzqhVersionPublish.html,2025-12-31
513437,雷波县,3,四川省/凉山彝族自治州/雷波县,https://dmfw.mca.gov.cn/XzqhVersionPublish.html,2025-12-31
520000,贵州省,1,贵州省,https://dmfw.mca.gov.cn/XzqhVersionPublish.html,2025-12-31
520100,贵阳市,2,贵州省/贵阳市,https://dmfw.mca.gov.cn/XzqhVersionPublish.html,2025-12-31
520102,南明区,3,贵州省/贵阳市/南明区,https://dmfw.mca.gov.cn/XzqhVersionPublish.html,2025-12-31
520103,云岩区,3,贵州省/贵阳市/云岩区,https://dmfw.mca.gov.cn/XzqhVersionPublish.html,2025-12-31
520111,花溪区,3,贵州省/贵阳市/花溪区,https://dmfw.mca.gov.cn/XzqhVersionPublish.html,2025-12-31
520112,乌当区,3,贵州省/贵阳市/乌当区,https://dmfw.mca.gov.cn/XzqhVersionPublish.html,2025-12-31
520113,白云区,3,贵州省/贵阳市/白云区,https://dmfw.mca.gov.cn/XzqhVersionPublish.html,2025-12-31
520115,观山湖区,3,贵州省/贵阳市/观山湖区,https://dmfw.mca.gov.cn/XzqhVersionPublish.html,2025-12-31
520121,开阳县,3,贵州省/贵阳市/开阳县,https://dmfw.mca.gov.cn/XzqhVersionPublish.html,2025-12-31
520122,息烽县,3,贵州省/贵阳市/息烽县,https://dmfw.mca.gov.cn/XzqhVersionPublish.html,2025-12-31
520123,修文县,3,贵州省/贵阳市/修文县,https://dmfw.mca.gov.cn/XzqhVersionPublish.html,2025-12-31
520181,清镇市,3,贵州省/贵阳市/清镇市,https://dmfw.mca.gov.cn/XzqhVersionPublish.html,2025-12-31
520200,六盘水市,2,贵州省/六盘水市,https://dmfw.mca.gov.cn/XzqhVersionPublish.html,2025-12-31
520201,钟山区,3,贵州省/六盘水市/钟山区,https://dmfw.mca.gov.cn/XzqhVersionPublish.html,2025-12-31
520203,六枝特区,3,贵州省/六盘水市/六枝特区,https://dmfw.mca.gov.cn/XzqhVersionPublish.html,2025-12-31
520204,水城区,3,贵州省/六盘水市/水城区,https://dmfw.mca.gov.cn/XzqhVersionPublish.html,2025-12-31
520281,盘州市,3,贵州省/六盘水市/盘州市,https://dmfw.mca.gov.cn/XzqhVersionPublish.html,2025-12-31
520300,遵义市,2,贵州省/遵义市,https://dmfw.mca.gov.cn/XzqhVersionPublish.html,2025-12-31
520302,红花岗区,3,贵州省/遵义市/红花岗区,https://dmfw.mca.gov.cn/XzqhVersionPublish.html,2025-12-31
520303,汇川区,3,贵州省/遵义市/汇川区,https://dmfw.mca.gov.cn/XzqhVersionPublish.html,2025-12-31
520304,播州区,3,贵州省/遵义市/播州区,https://dmfw.mca.gov.cn/XzqhVersionPublish.html,2025-12-31
520322,桐梓县,3,贵州省/遵义市/桐梓县,https://dmfw.mca.gov.cn/XzqhVersionPublish.html,2025-12-31
520323,绥阳县,3,贵州省/遵义市/绥阳县,https://dmfw.mca.gov.cn/XzqhVersionPublish.html,2025-12-31
520324,正安县,3,贵州省/遵义市/正安县,https://dmfw.mca.gov.cn/XzqhVersionPublish.html,2025-12-31
520325,道真仡佬族苗族自治县,3,贵州省/遵义市/道真仡佬族苗族自治县,https://dmfw.mca.gov.cn/XzqhVersionPublish.html,2025-12-31
520326,务川仡佬族苗族自治县,3,贵州省/遵义市/务川仡佬族苗族自治县,https://dmfw.mca.gov.cn/XzqhVersionPublish.html,2025-12-31
520327,凤冈县,3,贵州省/遵义市/凤冈县,https://dmfw.mca.gov.cn/XzqhVersionPublish.html,2025-12-31
520328,湄潭县,3,贵州省/遵义市/湄潭县,https://dmfw.mca.gov.cn/XzqhVersionPublish.html,2025-12-31
520329,余庆县,3,贵州省/遵义市/余庆县,https://dmfw.mca.gov.cn/XzqhVersionPublish.html,2025-12-31
520330,习水县,3,贵州省/遵义市/习水县,https://dmfw.mca.gov.cn/XzqhVersionPublish.html,2025-12-31
520381,赤水市,3,贵州省/遵义市/赤水市,https://dmfw.mca.gov.cn/XzqhVersionPublish.html,2025-12-31
520382,仁怀市,3,贵州省/遵义市/仁怀市,https://dmfw.mca.gov.cn/XzqhVersionPublish.html,2025-12-31
520400,安顺市,2,贵州省/安顺市,https://dmfw.mca.gov.cn/XzqhVersionPublish.html,2025-12-31
520402,西秀区,3,贵州省/安顺市/西秀区,https://dmfw.mca.gov.cn/XzqhVersionPublish.html,2025-12-31
520403,平坝区,3,贵州省/安顺市/平坝区,https://dmfw.mca.gov.cn/XzqhVersionPublish.html,2025-12-31
520422,普定县,3,贵州省/安顺市/普定县,https://dmfw.mca.gov.cn/XzqhVersionPublish.html,2025-12-31
520423,镇宁布依族苗族自治县,3,贵州省/安顺市/镇宁布依族苗族自治县,https://dmfw.mca.gov.cn/XzqhVersionPublish.html,2025-12-31
520424,关岭布依族苗族自治县,3,贵州省/安顺市/关岭布依族苗族自治县,https://dmfw.mca.gov.cn/XzqhVersionPublish.html,2025-12-31
520425,紫云苗族布依族自治县,3,贵州省/安顺市/紫云苗族布依族自治县,https://dmfw.mca.gov.cn/XzqhVersionPublish.html,2025-12-31
520500,毕节市,2,贵州省/毕节市,https://dmfw.mca.gov.cn/XzqhVersionPublish.html,2025-12-31
520502,七星关区,3,贵州省/毕节市/七星关区,https://dmfw.mca.gov.cn/XzqhVersionPublish.html,2025-12-31
520521,大方县,3,贵州省/毕节市/大方县,https://dmfw.mca.gov.cn/XzqhVersionPublish.html,2025-12-31
520523,金沙县,3,贵州省/毕节市/金沙县,https://dmfw.mca.gov.cn/XzqhVersionPublish.html,2025-12-31
520524,织金县,3,贵州省/毕节市/织金县,https://dmfw.mca.gov.cn/XzqhVersionPublish.html,2025-12-31
520525,纳雍县,3,贵州省/毕节市/纳雍县,https://dmfw.mca.gov.cn/XzqhVersionPublish.html,2025-12-31
520526,威宁彝族回族苗族自治县,3,贵州省/毕节市/威宁彝族回族苗族自治县,https://dmfw.mca.gov.cn/XzqhVersionPublish.html,2025-12-31
520527,赫章县,3,贵州省/毕节市/赫章县,https://dmfw.mca.gov.cn/XzqhVersionPublish.html,2025-12-31
520581,黔西市,3,贵州省/毕节市/黔西市,https://dmfw.mca.gov.cn/XzqhVersionPublish.html,2025-12-31
520600,铜仁市,2,贵州省/铜仁市,https://dmfw.mca.gov.cn/XzqhVersionPublish.html,2025-12-31
520602,碧江区,3,贵州省/铜仁市/碧江区,https://dmfw.mca.gov.cn/XzqhVersionPublish.html,2025-12-31
520603,万山区,3,贵州省/铜仁市/万山区,https://dmfw.mca.gov.cn/XzqhVersionPublish.html,2025-12-31
520621,江口县,3,贵州省/铜仁市/江口县,https://dmfw.mca.gov.cn/XzqhVersionPublish.html,2025-12-31
520622,玉屏侗族自治县,3,贵州省/铜仁市/玉屏侗族自治县,https://dmfw.mca.gov.cn/XzqhVersionPublish.html,2025-12-31
520623,石阡县,3,贵州省/铜仁市/石阡县,https://dmfw.mca.gov.cn/XzqhVersionPublish.html,2025-12-31
520624,思南县,3,贵州省/铜仁市/思南县,https://dmfw.mca.gov.cn/XzqhVersionPublish.html,2025-12-31
520625,印江土家族苗族自治县,3,贵州省/铜仁市/印江土家族苗族自治县,https://dmfw.mca.gov.cn/XzqhVersionPublish.html,2025-12-31
520626,德江县,3,贵州省/铜仁市/德江县,https://dmfw.mca.gov.cn/XzqhVersionPublish.html,2025-12-31
520627,沿河土家族自治县,3,贵州省/铜仁市/沿河土家族自治县,https://dmfw.mca.gov.cn/XzqhVersionPublish.html,2025-12-31
520628,松桃苗族自治县,3,贵州省/铜仁市/松桃苗族自治县,https://dmfw.mca.gov.cn/XzqhVersionPublish.html,2025-12-31
522300,黔西南布依族苗族自治州,2,贵州省/黔西南布依族苗族自治州,https://dmfw.mca.gov.cn/XzqhVersionPublish.html,2025-12-31
522301,兴义市,3,贵州省/黔西南布依族苗族自治州/兴义市,https://dmfw.mca.gov.cn/XzqhVersionPublish.html,2025-12-31
522302,兴仁市,3,贵州省/黔西南布依族苗族自治州/兴仁市,https://dmfw.mca.gov.cn/XzqhVersionPublish.html,2025-12-31
522323,普安县,3,贵州省/黔西南布依族苗族自治州/普安县,https://dmfw.mca.gov.cn/XzqhVersionPublish.html,2025-12-31
522324,晴隆县,3,贵州省/黔西南布依族苗族自治州/晴隆县,https://dmfw.mca.gov.cn/XzqhVersionPublish.html,2025-12-31
522325,贞丰县,3,贵州省/黔西南布依族苗族自治州/贞丰县,https://dmfw.mca.gov.cn/XzqhVersionPublish.html,2025-12-31
522326,望谟县,3,贵州省/黔西南布依族苗族自治州/望谟县,https://dmfw.mca.gov.cn/XzqhVersionPublish.html,2025-12-31
522327,册亨县,3,贵州省/黔西南布依族苗族自治州/册亨县,https://dmfw.mca.gov.cn/XzqhVersionPublish.html,2025-12-31
522328,安龙县,3,贵州省/黔西南布依族苗族自治州/安龙县,https://dmfw.mca.gov.cn/XzqhVersionPublish.html,2025-12-31
522600,黔东南苗族侗族自治州,2,贵州省/黔东南苗族侗族自治州,https://dmfw.mca.gov.cn/XzqhVersionPublish.html,2025-12-31
522601,凯里市,3,贵州省/黔东南苗族侗族自治州/凯里市,https://dmfw.mca.gov.cn/XzqhVersionPublish.html,2025-12-31
522622,黄平县,3,贵州省/黔东南苗族侗族自治州/黄平县,https://dmfw.mca.gov.cn/XzqhVersionPublish.html,2025-12-31
522623,施秉县,3,贵州省/黔东南苗族侗族自治州/施秉县,https://dmfw.mca.gov.cn/XzqhVersionPublish.html,2025-12-31
522624,三穗县,3,贵州省/黔东南苗族侗族自治州/三穗县,https://dmfw.mca.gov.cn/XzqhVersionPublish.html,2025-12-31
522625,镇远县,3,贵州省/黔东南苗族侗族自治州/镇远县,https://dmfw.mca.gov.cn/XzqhVersionPublish.html,2025-12-31
522626,岑巩县,3,贵州省/黔东南苗族侗族自治州/岑巩县,https://dmfw.mca.gov.cn/XzqhVersionPublish.html,2025-12-31
522627,天柱县,3,贵州省/黔东南苗族侗族自治州/天柱县,https://dmfw.mca.gov.cn/XzqhVersionPublish.html,2025-12-31
522628,锦屏县,3,贵州省/黔东南苗族侗族自治州/锦屏县,https://dmfw.mca.gov.cn/XzqhVersionPublish.html,2025-12-31
522629,剑河县,3,贵州省/黔东南苗族侗族自治州/剑河县,https://dmfw.mca.gov.cn/XzqhVersionPublish.html,2025-12-31
522630,台江县,3,贵州省/黔东南苗族侗族自治州/台江县,https://dmfw.mca.gov.cn/XzqhVersionPublish.html,2025-12-31
522631,黎平县,3,贵州省/黔东南苗族侗族自治州/黎平县,https://dmfw.mca.gov.cn/XzqhVersionPublish.html,2025-12-31
522632,榕江县,3,贵州省/黔东南苗族侗族自治州/榕江县,https://dmfw.mca.gov.cn/XzqhVersionPublish.html,2025-12-31
522633,从江县,3,贵州省/黔东南苗族侗族自治州/从江县,https://dmfw.mca.gov.cn/XzqhVersionPublish.html,2025-12-31
522634,雷山县,3,贵州省/黔东南苗族侗族自治州/雷山县,https://dmfw.mca.gov.cn/XzqhVersionPublish.html,2025-12-31
522635,麻江县,3,贵州省/黔东南苗族侗族自治州/麻江县,https://dmfw.mca.gov.cn/XzqhVersionPublish.html,2025-12-31
522636,丹寨县,3,贵州省/黔东南苗族侗族自治州/丹寨县,https://dmfw.mca.gov.cn/XzqhVersionPublish.html,2025-12-31
522700,黔南布依族苗族自治州,2,贵州省/黔南布依族苗族自治州,https://dmfw.mca.gov.cn/XzqhVersionPublish.html,2025-12-31
522701,都匀市,3,贵州省/黔南布依族苗族自治州/都匀市,https://dmfw.mca.gov.cn/XzqhVersionPublish.html,2025-12-31
522702,福泉市,3,贵州省/黔南布依族苗族自治州/福泉市,https://dmfw.mca.gov.cn/XzqhVersionPublish.html,2025-12-31
522722,荔波县,3,贵州省/黔南布依族苗族自治州/荔波县,https://dmfw.mca.gov.cn/XzqhVersionPublish.html,2025-12-31
522723,贵定县,3,贵州省/黔南布依族苗族自治州/贵定县,https://dmfw.mca.gov.cn/XzqhVersionPublish.html,2025-12-31
522725,瓮安县,3,贵州省/黔南布依族苗族自治州/瓮安县,https://dmfw.mca.gov.cn/XzqhVersionPublish.html,2025-12-31
522726,独山县,3,贵州省/黔南布依族苗族自治州/独山县,https://dmfw.mca.gov.cn/XzqhVersionPublish.html,2025-12-31
522727,平塘县,3,贵州省/黔南布依族苗族自治州/平塘县,https://dmfw.mca.gov.cn/XzqhVersionPublish.html,2025-12-31
522728,罗甸县,3,贵州省/黔南布依族苗族自治州/罗甸县,https://dmfw.mca.gov.cn/XzqhVersionPublish.html,2025-12-31
522729,长顺县,3,贵州省/黔南布依族苗族自治州/长顺县,https://dmfw.mca.gov.cn/XzqhVersionPublish.html,2025-12-31
522730,龙里县,3,贵州省/黔南布依族苗族自治州/龙里县,https://dmfw.mca.gov.cn/XzqhVersionPublish.html,2025-12-31
522731,惠水县,3,贵州省/黔南布依族苗族自治州/惠水县,https://dmfw.mca.gov.cn/XzqhVersionPublish.html,2025-12-31
522732,三都水族自治县,3,贵州省/黔南布依族苗族自治州/三都水族自治县,https://dmfw.mca.gov.cn/XzqhVersionPublish.html,2025-12-31
530000,云南省,1,云南省,https://dmfw.mca.gov.cn/XzqhVersionPublish.html,2025-12-31
530100,昆明市,2,云南省/昆明市,https://dmfw.mca.gov.cn/XzqhVersionPublish.html,2025-12-31
530102,五华区,3,云南省/昆明市/五华区,https://dmfw.mca.gov.cn/XzqhVersionPublish.html,2025-12-31
530103,盘龙区,3,云南省/昆明市/盘龙区,https://dmfw.mca.gov.cn/XzqhVersionPublish.html,2025-12-31
530111,官渡区,3,云南省/昆明市/官渡区,https://dmfw.mca.gov.cn/XzqhVersionPublish.html,2025-12-31
530112,西山区,3,云南省/昆明市/西山区,https://dmfw.mca.gov.cn/XzqhVersionPublish.html,2025-12-31
530113,东川区,3,云南省/昆明市/东川区,https://dmfw.mca.gov.cn/XzqhVersionPublish.html,2025-12-31
530114,呈贡区,3,云南省/昆明市/呈贡区,https://dmfw.mca.gov.cn/XzqhVersionPublish.html,2025-12-31
530115,晋宁区,3,云南省/昆明市/晋宁区,https://dmfw.mca.gov.cn/XzqhVersionPublish.html,2025-12-31
530124,富民县,3,云南省/昆明市/富民县,https://dmfw.mca.gov.cn/XzqhVersionPublish.html,2025-12-31
530125,宜良县,3,云南省/昆明市/宜良县,https://dmfw.mca.gov.cn/XzqhVersionPublish.html,2025-12-31
530126,石林彝族自治县,3,云南省/昆明市/石林彝族自治县,https://dmfw.mca.gov.cn/XzqhVersionPublish.html,2025-12-31
530127,嵩明县,3,云南省/昆明市/嵩明县,https://dmfw.mca.gov.cn/XzqhVersionPublish.html,2025-12-31
530128,禄劝彝族苗族自治县,3,云南省/昆明市/禄劝彝族苗族自治县,https://dmfw.mca.gov.cn/XzqhVersionPublish.html,2025-12-31
530129,寻甸回族彝族自治县,3,云南省/昆明市/寻甸回族彝族自治县,https://dmfw.mca.gov.cn/XzqhVersionPublish.html,2025-12-31
530181,安宁市,3,云南省/昆明市/安宁市,https://dmfw.mca.gov.cn/XzqhVersionPublish.html,2025-12-31
530300,曲靖市,2,云南省/曲靖市,https://dmfw.mca.gov.cn/XzqhVersionPublish.html,2025-12-31
530302,麒麟区,3,云南省/曲靖市/麒麟区,https://dmfw.mca.gov.cn/XzqhVersionPublish.html,2025-12-31
530303,沾益区,3,云南省/曲靖市/沾益区,https://dmfw.mca.gov.cn/XzqhVersionPublish.html,2025-12-31
530304,马龙区,3,云南省/曲靖市/马龙区,https://dmfw.mca.gov.cn/XzqhVersionPublish.html,2025-12-31
530322,陆良县,3,云南省/曲靖市/陆良县,https://dmfw.mca.gov.cn/XzqhVersionPublish.html,2025-12-31
530323,师宗县,3,云南省/曲靖市/师宗县,https://dmfw.mca.gov.cn/XzqhVersionPublish.html,2025-12-31
530324,罗平县,3,云南省/曲靖市/罗平县,https://dmfw.mca.gov.cn/XzqhVersionPublish.html,2025-12-31
530325,富源县,3,云南省/曲靖市/富源县,https://dmfw.mca.gov.cn/XzqhVersionPublish.html,2025-12-31
530326,会泽县,3,云南省/曲靖市/会泽县,https://dmfw.mca.gov.cn/XzqhVersionPublish.html,2025-12-31
530381,宣威市,3,云南省/曲靖市/宣威市,https://dmfw.mca.gov.cn/XzqhVersionPublish.html,2025-12-31
530400,玉溪市,2,云南省/玉溪市,https://dmfw.mca.gov.cn/XzqhVersionPublish.html,2025-12-31
530402,红塔区,3,云南省/玉溪市/红塔区,https://dmfw.mca.gov.cn/XzqhVersionPublish.html,2025-12-31
530403,江川区,3,云南省/玉溪市/江川区,https://dmfw.mca.gov.cn/XzqhVersionPublish.html,2025-12-31
530423,通海县,3,云南省/玉溪市/通海县,https://dmfw.mca.gov.cn/XzqhVersionPublish.html,2025-12-31
530424,华宁县,3,云南省/玉溪市/华宁县,https://dmfw.mca.gov.cn/XzqhVersionPublish.html,2025-12-31
530425,易门县,3,云南省/玉溪市/易门县,https://dmfw.mca.gov.cn/XzqhVersionPublish.html,2025-12-31
530426,峨山彝族自治县,3,云南省/玉溪市/峨山彝族自治县,https://dmfw.mca.gov.cn/XzqhVersionPublish.html,2025-12-31
530427,新平彝族傣族自治县,3,云南省/玉溪市/新平彝族傣族自治县,https://dmfw.mca.gov.cn/XzqhVersionPublish.html,2025-12-31
530428,元江哈尼族彝族傣族自治县,3,云南省/玉溪市/元江哈尼族彝族傣族自治县,https://dmfw.mca.gov.cn/XzqhVersionPublish.html,2025-12-31
530481,澄江市,3,云南省/玉溪市/澄江市,https://dmfw.mca.gov.cn/XzqhVersionPublish.html,2025-12-31
530500,保山市,2,云南省/保山市,https://dmfw.mca.gov.cn/XzqhVersionPublish.html,2025-12-31
530502,隆阳区,3,云南省/保山市/隆阳区,https://dmfw.mca.gov.cn/XzqhVersionPublish.html,2025-12-31
530521,施甸县,3,云南省/保山市/施甸县,https://dmfw.mca.gov.cn/XzqhVersionPublish.html,2025-12-31
530523,龙陵县,3,云南省/保山市/龙陵县,https://dmfw.mca.gov.cn/XzqhVersionPublish.html,2025-12-31
530524,昌宁县,3,云南省/保山市/昌宁县,https://dmfw.mca.gov.cn/XzqhVersionPublish.html,2025-12-31
530581,腾冲市,3,云南省/保山市/腾冲市,https://dmfw.mca.gov.cn/XzqhVersionPublish.html,2025-12-31
530600,昭通市,2,云南省/昭通市,https://dmfw.mca.gov.cn/XzqhVersionPublish.html,2025-12-31
530602,昭阳区,3,云南省/昭通市/昭阳区,https://dmfw.mca.gov.cn/XzqhVersionPublish.html,2025-12-31
530621,鲁甸县,3,云南省/昭通市/鲁甸县,https://dmfw.mca.gov.cn/XzqhVersionPublish.html,2025-12-31
530622,巧家县,3,云南省/昭通市/巧家县,https://dmfw.mca.gov.cn/XzqhVersionPublish.html,2025-12-31
530623,盐津县,3,云南省/昭通市/盐津县,https://dmfw.mca.gov.cn/XzqhVersionPublish.html,2025-12-31
530624,大关县,3,云南省/昭通市/大关县,https://dmfw.mca.gov.cn/XzqhVersionPublish.html,2025-12-31
530625,永善县,3,云南省/昭通市/永善县,https://dmfw.mca.gov.cn/XzqhVersionPublish.html,2025-12-31
530626,绥江县,3,云南省/昭通市/绥江县,https://dmfw.mca.gov.cn/XzqhVersionPublish.html,2025-12-31
530627,镇雄县,3,云南省/昭通市/镇雄县,https://dmfw.mca.gov.cn/XzqhVersionPublish.html,2025-12-31
530628,彝良县,3,云南省/昭通市/彝良县,https://dmfw.mca.gov.cn/XzqhVersionPublish.html,2025-12-31
530629,威信县,3,云南省/昭通市/威信县,https://dmfw.mca.gov.cn/XzqhVersionPublish.html,2025-12-31
530681,水富市,3,云南省/昭通市/水富市,https://dmfw.mca.gov.cn/XzqhVersionPublish.html,2025-12-31
530700,丽江市,2,云南省/丽江市,https://dmfw.mca.gov.cn/XzqhVersionPublish.html,2025-12-31
530702,古城区,3,云南省/丽江市/古城区,https://dmfw.mca.gov.cn/XzqhVersionPublish.html,2025-12-31
530721,玉龙纳西族自治县,3,云南省/丽江市/玉龙纳西族自治县,https://dmfw.mca.gov.cn/XzqhVersionPublish.html,2025-12-31
530722,永胜县,3,云南省/丽江市/永胜县,https://dmfw.mca.gov.cn/XzqhVersionPublish.html,2025-12-31
530723,华坪县,3,云南省/丽江市/华坪县,https://dmfw.mca.gov.cn/XzqhVersionPublish.html,2025-12-31
530724,宁蒗彝族自治县,3,云南省/丽江市/宁蒗彝族自治县,https://dmfw.mca.gov.cn/XzqhVersionPublish.html,2025-12-31
530800,普洱市,2,云南省/普洱市,https://dmfw.mca.gov.cn/XzqhVersionPublish.html,2025-12-31
530802,思茅区,3,云南省/普洱市/思茅区,https://dmfw.mca.gov.cn/XzqhVersionPublish.html,2025-12-31
530821,宁洱哈尼族彝族自治县,3,云南省/普洱市/宁洱哈尼族彝族自治县,https://dmfw.mca.gov.cn/XzqhVersionPublish.html,2025-12-31
530822,墨江哈尼族自治县,3,云南省/普洱市/墨江哈尼族自治县,https://dmfw.mca.gov.cn/XzqhVersionPublish.html,2025-12-31
530823,景东彝族自治县,3,云南省/普洱市/景东彝族自治县,https://dmfw.mca.gov.cn/XzqhVersionPublish.html,2025-12-31
530824,景谷傣族彝族自治县,3,云南省/普洱市/景谷傣族彝族自治县,https://dmfw.mca.gov.cn/XzqhVersionPublish.html,2025-12-31
530825,镇沅彝族哈尼族拉祜族自治县,3,云南省/普洱市/镇沅彝族哈尼族拉祜族自治县,https://dmfw.mca.gov.cn/XzqhVersionPublish.html,2025-12-31
530826,江城哈尼族彝族自治县,3,云南省/普洱市/江城哈尼族彝族自治县,https://dmfw.mca.gov.cn/XzqhVersionPublish.html,2025-12-31
530827,孟连傣族拉祜族佤族自治县,3,云南省/普洱市/孟连傣族拉祜族佤族自治县,https://dmfw.mca.gov.cn/XzqhVersionPublish.html,2025-12-31
530828,澜沧拉祜族自治县,3,云南省/普洱市/澜沧拉祜族自治县,https://dmfw.mca.gov.cn/XzqhVersionPublish.html,2025-12-31
530829,西盟佤族自治县,3,云南省/普洱市/西盟佤族自治县,https://dmfw.mca.gov.cn/XzqhVersionPublish.html,2025-12-31
530900,临沧市,2,云南省/临沧市,https://dmfw.mca.gov.cn/XzqhVersionPublish.html,2025-12-31
530902,临翔区,3,云南省/临沧市/临翔区,https://dmfw.mca.gov.cn/XzqhVersionPublish.html,2025-12-31
530921,凤庆县,3,云南省/临沧市/凤庆县,https://dmfw.mca.gov.cn/XzqhVersionPublish.html,2025-12-31
530922,云县,3,云南省/临沧市/云县,https://dmfw.mca.gov.cn/XzqhVersionPublish.html,2025-12-31
530923,永德县,3,云南省/临沧市/永德县,https://dmfw.mca.gov.cn/XzqhVersionPublish.html,2025-12-31
530924,镇康县,3,云南省/临沧市/镇康县,https://dmfw.mca.gov.cn/XzqhVersionPublish.html,2025-12-31
530925,双江拉祜族佤族布朗族傣族自治县,3,云南省/临沧市/双江拉祜族佤族布朗族傣族自治县,https://dmfw.mca.gov.cn/XzqhVersionPublish.html,2025-12-31
530926,耿马傣族佤族自治县,3,云南省/临沧市/耿马傣族佤族自治县,https://dmfw.mca.gov.cn/XzqhVersionPublish.html,2025-12-31
530927,沧源佤族自治县,3,云南省/临沧市/沧源佤族自治县,https://dmfw.mca.gov.cn/XzqhVersionPublish.html,2025-12-31
532300,楚雄彝族自治州,2,云南省/楚雄彝族自治州,https://dmfw.mca.gov.cn/XzqhVersionPublish.html,2025-12-31
532301,楚雄市,3,云南省/楚雄彝族自治州/楚雄市,https://dmfw.mca.gov.cn/XzqhVersionPublish.html,2025-12-31
532302,禄丰市,3,云南省/楚雄彝族自治州/禄丰市,https://dmfw.mca.gov.cn/XzqhVersionPublish.html,2025-12-31
532322,双柏县,3,云南省/楚雄彝族自治州/双柏县,https://dmfw.mca.gov.cn/XzqhVersionPublish.html,2025-12-31
532323,牟定县,3,云南省/楚雄彝族自治州/牟定县,https://dmfw.mca.gov.cn/XzqhVersionPublish.html,2025-12-31
532324,南华县,3,云南省/楚雄彝族自治州/南华县,https://dmfw.mca.gov.cn/XzqhVersionPublish.html,2025-12-31
532325,姚安县,3,云南省/楚雄彝族自治州/姚安县,https://dmfw.mca.gov.cn/XzqhVersionPublish.html,2025-12-31
532326,大姚县,3,云南省/楚雄彝族自治州/大姚县,https://dmfw.mca.gov.cn/XzqhVersionPublish.html,2025-12-31
532327,永仁县,3,云南省/楚雄彝族自治州/永仁县,https://dmfw.mca.gov.cn/XzqhVersionPublish.html,2025-12-31
532328,元谋县,3,云南省/楚雄彝族自治州/元谋县,https://dmfw.mca.gov.cn/XzqhVersionPublish.html,2025-12-31
532329,武定县,3,云南省/楚雄彝族自治州/武定县,https://dmfw.mca.gov.cn/XzqhVersionPublish.html,2025-12-31
532500,红河哈尼族彝族自治州,2,云南省/红河哈尼族彝族自治州,https://dmfw.mca.gov.cn/XzqhVersionPublish.html,2025-12-31
532501,个旧市,3,云南省/红河哈尼族彝族自治州/个旧市,https://dmfw.mca.gov.cn/XzqhVersionPublish.html,2025-12-31
532502,开远市,3,云南省/红河哈尼族彝族自治州/开远市,https://dmfw.mca.gov.cn/XzqhVersionPublish.html,2025-12-31
532503,蒙自市,3,云南省/红河哈尼族彝族自治州/蒙自市,https://dmfw.mca.gov.cn/XzqhVersionPublish.html,2025-12-31
532504,弥勒市,3,云南省/红河哈尼族彝族自治州/弥勒市,https://dmfw.mca.gov.cn/XzqhVersionPublish.html,2025-12-31
532523,屏边苗族自治县,3,云南省/红河哈尼族彝族自治州/屏边苗族自治县,https://dmfw.mca.gov.cn/XzqhVersionPublish.html,2025-12-31
532524,建水县,3,云南省/红河哈尼族彝族自治州/建水县,https://dmfw.mca.gov.cn/XzqhVersionPublish.html,2025-12-31
532525,石屏县,3,云南省/红河哈尼族彝族自治州/石屏县,https://dmfw.mca.gov.cn/XzqhVersionPublish.html,2025-12-31
532527,泸西县,3,云南省/红河哈尼族彝族自治州/泸西县,https://dmfw.mca.gov.cn/XzqhVersionPublish.html,2025-12-31
532528,元阳县,3,云南省/红河哈尼族彝族自治州/元阳县,https://dmfw.mca.gov.cn/XzqhVersionPublish.html,2025-12-31
532529,红河县,3,云南省/红河哈尼族彝族自治州/红河县,https://dmfw.mca.gov.cn/XzqhVersionPublish.html,2025-12-31
532530,金平苗族瑶族傣族自治县,3,云南省/红河哈尼族彝族自治州/金平苗族瑶族傣族自治县,https://dmfw.mca.gov.cn/XzqhVersionPublish.html,2025-12-31
532531,绿春县,3,云南省/红河哈尼族彝族自治州/绿春县,https://dmfw.mca.gov.cn/XzqhVersionPublish.html,2025-12-31
532532,河口瑶族自治县,3,云南省/红河哈尼族彝族自治州/河口瑶族自治县,https://dmfw.mca.gov.cn/XzqhVersionPublish.html,2025-12-31
532600,文山壮族苗族自治州,2,云南省/文山壮族苗族自治州,https://dmfw.mca.gov.cn/XzqhVersionPublish.html,2025-12-31
532601,文山市,3,云南省/文山壮族苗族自治州/文山市,https://dmfw.mca.gov.cn/XzqhVersionPublish.html,2025-12-31
532622,砚山县,3,云南省/文山壮族苗族自治州/砚山县,https://dmfw.mca.gov.cn/XzqhVersionPublish.html,2025-12-31
532623,西畴县,3,云南省/文山壮族苗族自治州/西畴县,https://dmfw.mca.gov.cn/XzqhVersionPublish.html,2025-12-31
532624,麻栗坡县,3,云南省/文山壮族苗族自治州/麻栗坡县,https://dmfw.mca.gov.cn/XzqhVersionPublish.html,2025-12-31
532625,马关县,3,云南省/文山壮族苗族自治州/马关县,https://dmfw.mca.gov.cn/XzqhVersionPublish.html,2025-12-31
532626,丘北县,3,云南省/文山壮族苗族自治州/丘北县,https://dmfw.mca.gov.cn/XzqhVersionPublish.html,2025-12-31
532627,广南县,3,云南省/文山壮族苗族自治州/广南县,https://dmfw.mca.gov.cn/XzqhVersionPublish.html,2025-12-31
532628,富宁县,3,云南省/文山壮族苗族自治州/富宁县,https://dmfw.mca.gov.cn/XzqhVersionPublish.html,2025-12-31
532800,西双版纳傣族自治州,2,云南省/西双版纳傣族自治州,https://dmfw.mca.gov.cn/XzqhVersionPublish.html,2025-12-31
532801,景洪市,3,云南省/西双版纳傣族自治州/景洪市,https://dmfw.mca.gov.cn/XzqhVersionPublish.html,2025-12-31
532822,勐海县,3,云南省/西双版纳傣族自治州/勐海县,https://dmfw.mca.gov.cn/XzqhVersionPublish.html,2025-12-31
532823,勐腊县,3,云南省/西双版纳傣族自治州/勐腊县,https://dmfw.mca.gov.cn/XzqhVersionPublish.html,2025-12-31
532900,大理白族自治州,2,云南省/大理白族自治州,https://dmfw.mca.gov.cn/XzqhVersionPublish.html,2025-12-31
532901,大理市,3,云南省/大理白族自治州/大理市,https://dmfw.mca.gov.cn/XzqhVersionPublish.html,2025-12-31
532922,漾濞彝族自治县,3,云南省/大理白族自治州/漾濞彝族自治县,https://dmfw.mca.gov.cn/XzqhVersionPublish.html,2025-12-31
532923,祥云县,3,云南省/大理白族自治州/祥云县,https://dmfw.mca.gov.cn/XzqhVersionPublish.html,2025-12-31
532924,宾川县,3,云南省/大理白族自治州/宾川县,https://dmfw.mca.gov.cn/XzqhVersionPublish.html,2025-12-31
532925,弥渡县,3,云南省/大理白族自治州/弥渡县,https://dmfw.mca.gov.cn/XzqhVersionPublish.html,2025-12-31
532926,南涧彝族自治县,3,云南省/大理白族自治州/南涧彝族自治县,https://dmfw.mca.gov.cn/XzqhVersionPublish.html,2025-12-31
532927,巍山彝族回族自治县,3,云南省/大理白族自治州/巍山彝族回族自治县,https://dmfw.mca.gov.cn/XzqhVersionPublish.html,2025-12-31
532928,永平县,3,云南省/大理白族自治州/永平县,https://dmfw.mca.gov.cn/XzqhVersionPublish.html,2025-12-31
532929,云龙县,3,云南省/大理白族自治州/云龙县,https://dmfw.mca.gov.cn/XzqhVersionPublish.html,2025-12-31
532930,洱源县,3,云南省/大理白族自治州/洱源县,https://dmfw.mca.gov.cn/XzqhVersionPublish.html,2025-12-31
532931,剑川县,3,云南省/大理白族自治州/剑川县,https://dmfw.mca.gov.cn/XzqhVersionPublish.html,2025-12-31
532932,鹤庆县,3,云南省/大理白族自治州/鹤庆县,https://dmfw.mca.gov.cn/XzqhVersionPublish.html,2025-12-31
533100,德宏傣族景颇族自治州,2,云南省/德宏傣族景颇族自治州,https://dmfw.mca.gov.cn/XzqhVersionPublish.html,2025-12-31
533102,瑞丽市,3,云南省/德宏傣族景颇族自治州/瑞丽市,https://dmfw.mca.gov.cn/XzqhVersionPublish.html,2025-12-31
533103,芒市,3,云南省/德宏傣族景颇族自治州/芒市,https://dmfw.mca.gov.cn/XzqhVersionPublish.html,2025-12-31
533122,梁河县,3,云南省/德宏傣族景颇族自治州/梁河县,https://dmfw.mca.gov.cn/XzqhVersionPublish.html,2025-12-31
533123,盈江县,3,云南省/德宏傣族景颇族自治州/盈江县,https://dmfw.mca.gov.cn/XzqhVersionPublish.html,2025-12-31
533124,陇川县,3,云南省/德宏傣族景颇族自治州/陇川县,https://dmfw.mca.gov.cn/XzqhVersionPublish.html,2025-12-31
533300,怒江傈僳族自治州,2,云南省/怒江傈僳族自治州,https://dmfw.mca.gov.cn/XzqhVersionPublish.html,2025-12-31
533301,泸水市,3,云南省/怒江傈僳族自治州/泸水市,https://dmfw.mca.gov.cn/XzqhVersionPublish.html,2025-12-31
533323,福贡县,3,云南省/怒江傈僳族自治州/福贡县,https://dmfw.mca.gov.cn/XzqhVersionPublish.html,2025-12-31
533324,贡山独龙族怒族自治县,3,云南省/怒江傈僳族自治州/贡山独龙族怒族自治县,https://dmfw.mca.gov.cn/XzqhVersionPublish.html,2025-12-31
533325,兰坪白族普米族自治县,3,云南省/怒江傈僳族自治州/兰坪白族普米族自治县,https://dmfw.mca.gov.cn/XzqhVersionPublish.html,2025-12-31
533400,迪庆藏族自治州,2,云南省/迪庆藏族自治州,https://dmfw.mca.gov.cn/XzqhVersionPublish.html,2025-12-31
533401,香格里拉市,3,云南省/迪庆藏族自治州/香格里拉市,https://dmfw.mca.gov.cn/XzqhVersionPublish.html,2025-12-31
533422,德钦县,3,云南省/迪庆藏族自治州/德钦县,https://dmfw.mca.gov.cn/XzqhVersionPublish.html,2025-12-31
533423,维西傈僳族自治县,3,云南省/迪庆藏族自治州/维西傈僳族自治县,https://dmfw.mca.gov.cn/XzqhVersionPublish.html,2025-12-31
540000,西藏自治区,1,西藏自治区,https://dmfw.mca.gov.cn/XzqhVersionPublish.html,2025-12-31
540100,拉萨市,2,西藏自治区/拉萨市,https://dmfw.mca.gov.cn/XzqhVersionPublish.html,2025-12-31
540102,城关区,3,西藏自治区/拉萨市/城关区,https://dmfw.mca.gov.cn/XzqhVersionPublish.html,2025-12-31
540103,堆龙德庆区,3,西藏自治区/拉萨市/堆龙德庆区,https://dmfw.mca.gov.cn/XzqhVersionPublish.html,2025-12-31
540104,达孜区,3,西藏自治区/拉萨市/达孜区,https://dmfw.mca.gov.cn/XzqhVersionPublish.html,2025-12-31
540121,林周县,3,西藏自治区/拉萨市/林周县,https://dmfw.mca.gov.cn/XzqhVersionPublish.html,2025-12-31
540122,当雄县,3,西藏自治区/拉萨市/当雄县,https://dmfw.mca.gov.cn/XzqhVersionPublish.html,2025-12-31
540123,尼木县,3,西藏自治区/拉萨市/尼木县,https://dmfw.mca.gov.cn/XzqhVersionPublish.html,2025-12-31
540124,曲水县,3,西藏自治区/拉萨市/曲水县,https://dmfw.mca.gov.cn/XzqhVersionPublish.html,2025-12-31
540127,墨竹工卡县,3,西藏自治区/拉萨市/墨竹工卡县,https://dmfw.mca.gov.cn/XzqhVersionPublish.html,2025-12-31
540200,日喀则市,2,西藏自治区/日喀则市,https://dmfw.mca.gov.cn/XzqhVersionPublish.html,2025-12-31
540202,桑珠孜区,3,西藏自治区/日喀则市/桑珠孜区,https://dmfw.mca.gov.cn/XzqhVersionPublish.html,2025-12-31
540221,南木林县,3,西藏自治区/日喀则市/南木林县,https://dmfw.mca.gov.cn/XzqhVersionPublish.html,2025-12-31
540222,江孜县,3,西藏自治区/日喀则市/江孜县,https://dmfw.mca.gov.cn/XzqhVersionPublish.html,2025-12-31
540223,定日县,3,西藏自治区/日喀则市/定日县,https://dmfw.mca.gov.cn/XzqhVersionPublish.html,2025-12-31
540224,萨迦县,3,西藏自治区/日喀则市/萨迦县,https://dmfw.mca.gov.cn/XzqhVersionPublish.html,2025-12-31
540225,拉孜县,3,西藏自治区/日喀则市/拉孜县,https://dmfw.mca.gov.cn/XzqhVersionPublish.html,2025-12-31
540226,昂仁县,3,西藏自治区/日喀则市/昂仁县,https://dmfw.mca.gov.cn/XzqhVersionPublish.html,2025-12-31
540227,谢通门县,3,西藏自治区/日喀则市/谢通门县,https://dmfw.mca.gov.cn/XzqhVersionPublish.html,2025-12-31
540228,白朗县,3,西藏自治区/日喀则市/白朗县,https://dmfw.mca.gov.cn/XzqhVersionPublish.html,2025-12-31
540229,仁布县,3,西藏自治区/日喀则市/仁布县,https://dmfw.mca.gov.cn/XzqhVersionPublish.html,2025-12-31
540230,康马县,3,西藏自治区/日喀则市/康马县,https://dmfw.mca.gov.cn/XzqhVersionPublish.html,2025-12-31
540231,定结县,3,西藏自治区/日喀则市/定结县,https://dmfw.mca.gov.cn/XzqhVersionPublish.html,2025-12-31
540232,仲巴县,3,西藏自治区/日喀则市/仲巴县,https://dmfw.mca.gov.cn/XzqhVersionPublish.html,2025-12-31
540233,亚东县,3,西藏自治区/日喀则市/亚东县,https://dmfw.mca.gov.cn/XzqhVersionPublish.html,2025-12-31
540234,吉隆县,3,西藏自治区/日喀则市/吉隆县,https://dmfw.mca.gov.cn/XzqhVersionPublish.html,2025-12-31
540235,聂拉木县,3,西藏自治区/日喀则市/聂拉木县,https://dmfw.mca.gov.cn/XzqhVersionPublish.html,2025-12-31
540236,萨嘎县,3,西藏自治区/日喀则市/萨嘎县,https://dmfw.mca.gov.cn/XzqhVersionPublish.html,2025-12-31
540237,岗巴县,3,西藏自治区/日喀则市/岗巴县,https://dmfw.mca.gov.cn/XzqhVersionPublish.html,2025-12-31
540300,昌都市,2,西藏自治区/昌都市,https://dmfw.mca.gov.cn/XzqhVersionPublish.html,2025-12-31
540302,卡若区,3,西藏自治区/昌都市/卡若区,https://dmfw.mca.gov.cn/XzqhVersionPublish.html,2025-12-31
540321,江达县,3,西藏自治区/昌都市/江达县,https://dmfw.mca.gov.cn/XzqhVersionPublish.html,2025-12-31
540322,贡觉县,3,西藏自治区/昌都市/贡觉县,https://dmfw.mca.gov.cn/XzqhVersionPublish.html,2025-12-31
540323,类乌齐县,3,西藏自治区/昌都市/类乌齐县,https://dmfw.mca.gov.cn/XzqhVersionPublish.html,2025-12-31
540324,丁青县,3,西藏自治区/昌都市/丁青县,https://dmfw.mca.gov.cn/XzqhVersionPublish.html,2025-12-31
540325,察雅县,3,西藏自治区/昌都市/察雅县,https://dmfw.mca.gov.cn/XzqhVersionPublish.html,2025-12-31
540326,八宿县,3,西藏自治区/昌都市/八宿县,https://dmfw.mca.gov.cn/XzqhVersionPublish.html,2025-12-31
540327,左贡县,3,西藏自治区/昌都市/左贡县,https://dmfw.mca.gov.cn/XzqhVersionPublish.html,2025-12-31
540328,芒康县,3,西藏自治区/昌都市/芒康县,https://dmfw.mca.gov.cn/XzqhVersionPublish.html,2025-12-31
540329,洛隆县,3,西藏自治区/昌都市/洛隆县,https://dmfw.mca.gov.cn/XzqhVersionPublish.html,2025-12-31
540330,边坝县,3,西藏自治区/昌都市/边坝县,https://dmfw.mca.gov.cn/XzqhVersionPublish.html,2025-12-31
540400,林芝市,2,西藏自治区/林芝市,https://dmfw.mca.gov.cn/XzqhVersionPublish.html,2025-12-31
540402,巴宜区,3,西藏自治区/林芝市/巴宜区,https://dmfw.mca.gov.cn/XzqhVersionPublish.html,2025-12-31
540421,工布江达县,3,西藏自治区/林芝市/工布江达县,https://dmfw.mca.gov.cn/XzqhVersionPublish.html,2025-12-31
540423,墨脱县,3,西藏自治区/林芝市/墨脱县,https://dmfw.mca.gov.cn/XzqhVersionPublish.html,2025-12-31
540424,波密县,3,西藏自治区/林芝市/波密县,https://dmfw.mca.gov.cn/XzqhVersionPublish.html,2025-12-31
540425,察隅县,3,西藏自治区/林芝市/察隅县,https://dmfw.mca.gov.cn/XzqhVersionPublish.html,2025-12-31
540426,朗县,3,西藏自治区/林芝市/朗县,https://dmfw.mca.gov.cn/XzqhVersionPublish.html,2025-12-31
540481,米林市,3,西藏自治区/林芝市/米林市,https://dmfw.mca.gov.cn/XzqhVersionPublish.html,2025-12-31
540500,山南市,2,西藏自治区/山南市,https://dmfw.mca.gov.cn/XzqhVersionPublish.html,2025-12-31
540502,乃东区,3,西藏自治区/山南市/乃东区,https://dmfw.mca.gov.cn/XzqhVersionPublish.html,2025-12-31
540521,扎囊县,3,西藏自治区/山南市/扎囊县,https://dmfw.mca.gov.cn/XzqhVersionPublish.html,2025-12-31
540522,贡嘎县,3,西藏自治区/山南市/贡嘎县,https://dmfw.mca.gov.cn/XzqhVersionPublish.html,2025-12-31
540523,桑日县,3,西藏自治区/山南市/桑日县,https://dmfw.mca.gov.cn/XzqhVersionPublish.html,2025-12-31
540524,琼结县,3,西藏自治区/山南市/琼结县,https://dmfw.mca.gov.cn/XzqhVersionPublish.html,2025-12-31
540525,曲松县,3,西藏自治区/山南市/曲松县,https://dmfw.mca.gov.cn/XzqhVersionPublish.html,2025-12-31
540526,措美县,3,西藏自治区/山南市/措美县,https://dmfw.mca.gov.cn/XzqhVersionPublish.html,2025-12-31
540527,洛扎县,3,西藏自治区/山南市/洛扎县,https://dmfw.mca.gov.cn/XzqhVersionPublish.html,2025-12-31
540528,加查县,3,西藏自治区/山南市/加查县,https://dmfw.mca.gov.cn/XzqhVersionPublish.html,2025-12-31
540529,隆子县,3,西藏自治区/山南市/隆子县,https://dmfw.mca.gov.cn/XzqhVersionPublish.html,2025-12-31
540531,浪卡子县,3,西藏自治区/山南市/浪卡子县,https://dmfw.mca.gov.cn/XzqhVersionPublish.html,2025-12-31
540581,错那市,3,西藏自治区/山南市/错那市,https://dmfw.mca.gov.cn/XzqhVersionPublish.html,2025-12-31
540600,那曲市,2,西藏自治区/那曲市,https://dmfw.mca.gov.cn/XzqhVersionPublish.html,2025-12-31
540602,色尼区,3,西藏自治区/那曲市/色尼区,https://dmfw.mca.gov.cn/XzqhVersionPublish.html,2025-12-31
540621,嘉黎县,3,西藏自治区/那曲市/嘉黎县,https://dmfw.mca.gov.cn/XzqhVersionPublish.html,2025-12-31
540622,比如县,3,西藏自治区/那曲市/比如县,https://dmfw.mca.gov.cn/XzqhVersionPublish.html,2025-12-31
540623,聂荣县,3,西藏自治区/那曲市/聂荣县,https://dmfw.mca.gov.cn/XzqhVersionPublish.html,2025-12-31
540624,安多县,3,西藏自治区/那曲市/安多县,https://dmfw.mca.gov.cn/XzqhVersionPublish.html,2025-12-31
540625,申扎县,3,西藏自治区/那曲市/申扎县,https://dmfw.mca.gov.cn/XzqhVersionPublish.html,2025-12-31
540626,索县,3,西藏自治区/那曲市/索县,https://dmfw.mca.gov.cn/XzqhVersionPublish.html,2025-12-31
540627,班戈县,3,西藏自治区/那曲市/班戈县,https://dmfw.mca.gov.cn/XzqhVersionPublish.html,2025-12-31
540628,巴青县,3,西藏自治区/那曲市/巴青县,https://dmfw.mca.gov.cn/XzqhVersionPublish.html,2025-12-31
540629,尼玛县,3,西藏自治区/那曲市/尼玛县,https://dmfw.mca.gov.cn/XzqhVersionPublish.html,2025-12-31
540630,双湖县,3,西藏自治区/那曲市/双湖县,https://dmfw.mca.gov.cn/XzqhVersionPublish.html,2025-12-31
542500,阿里地区,2,西藏自治区/阿里地区,https://dmfw.mca.gov.cn/XzqhVersionPublish.html,2025-12-31
542521,普兰县,3,西藏自治区/阿里地区/普兰县,https://dmfw.mca.gov.cn/XzqhVersionPublish.html,2025-12-31
542522,札达县,3,西藏自治区/阿里地区/札达县,https://dmfw.mca.gov.cn/XzqhVersionPublish.html,2025-12-31
542523,噶尔县,3,西藏自治区/阿里地区/噶尔县,https://dmfw.mca.gov.cn/XzqhVersionPublish.html,2025-12-31
542524,日土县,3,西藏自治区/阿里地区/日土县,https://dmfw.mca.gov.cn/XzqhVersionPublish.html,2025-12-31
542525,革吉县,3,西藏自治区/阿里地区/革吉县,https://dmfw.mca.gov.cn/XzqhVersionPublish.html,2025-12-31
542526,改则县,3,西藏自治区/阿里地区/改则县,https://dmfw.mca.gov.cn/XzqhVersionPublish.html,2025-12-31
542527,措勤县,3,西藏自治区/阿里地区/措勤县,https://dmfw.mca.gov.cn/XzqhVersionPublish.html,2025-12-31
610000,陕西省,1,陕西省,https://dmfw.mca.gov.cn/XzqhVersionPublish.html,2025-12-31
610100,西安市,2,陕西省/西安市,https://dmfw.mca.gov.cn/XzqhVersionPublish.html,2025-12-31
610102,新城区,3,陕西省/西安市/新城区,https://dmfw.mca.gov.cn/XzqhVersionPublish.html,2025-12-31
610103,碑林区,3,陕西省/西安市/碑林区,https://dmfw.mca.gov.cn/XzqhVersionPublish.html,2025-12-31
610104,莲湖区,3,陕西省/西安市/莲湖区,https://dmfw.mca.gov.cn/XzqhVersionPublish.html,2025-12-31
610111,灞桥区,3,陕西省/西安市/灞桥区,https://dmfw.mca.gov.cn/XzqhVersionPublish.html,2025-12-31
610112,未央区,3,陕西省/西安市/未央区,https://dmfw.mca.gov.cn/XzqhVersionPublish.html,2025-12-31
610113,雁塔区,3,陕西省/西安市/雁塔区,https://dmfw.mca.gov.cn/XzqhVersionPublish.html,2025-12-31
610114,阎良区,3,陕西省/西安市/阎良区,https://dmfw.mca.gov.cn/XzqhVersionPublish.html,2025-12-31
610115,临潼区,3,陕西省/西安市/临潼区,https://dmfw.mca.gov.cn/XzqhVersionPublish.html,2025-12-31
610116,长安区,3,陕西省/西安市/长安区,https://dmfw.mca.gov.cn/XzqhVersionPublish.html,2025-12-31
610117,高陵区,3,陕西省/西安市/高陵区,https://dmfw.mca.gov.cn/XzqhVersionPublish.html,2025-12-31
610118,鄠邑区,3,陕西省/西安市/鄠邑区,https://dmfw.mca.gov.cn/XzqhVersionPublish.html,2025-12-31
610122,蓝田县,3,陕西省/西安市/蓝田县,https://dmfw.mca.gov.cn/XzqhVersionPublish.html,2025-12-31
610124,周至县,3,陕西省/西安市/周至县,https://dmfw.mca.gov.cn/XzqhVersionPublish.html,2025-12-31
610200,铜川市,2,陕西省/铜川市,https://dmfw.mca.gov.cn/XzqhVersionPublish.html,2025-12-31
610202,王益区,3,陕西省/铜川市/王益区,https://dmfw.mca.gov.cn/XzqhVersionPublish.html,2025-12-31
610203,印台区,3,陕西省/铜川市/印台区,https://dmfw.mca.gov.cn/XzqhVersionPublish.html,2025-12-31
610204,耀州区,3,陕西省/铜川市/耀州区,https://dmfw.mca.gov.cn/XzqhVersionPublish.html,2025-12-31
610222,宜君县,3,陕西省/铜川市/宜君县,https://dmfw.mca.gov.cn/XzqhVersionPublish.html,2025-12-31
610300,宝鸡市,2,陕西省/宝鸡市,https://dmfw.mca.gov.cn/XzqhVersionPublish.html,2025-12-31
610302,渭滨区,3,陕西省/宝鸡市/渭滨区,https://dmfw.mca.gov.cn/XzqhVersionPublish.html,2025-12-31
610303,金台区,3,陕西省/宝鸡市/金台区,https://dmfw.mca.gov.cn/XzqhVersionPublish.html,2025-12-31
610304,陈仓区,3,陕西省/宝鸡市/陈仓区,https://dmfw.mca.gov.cn/XzqhVersionPublish.html,2025-12-31
610305,凤翔区,3,陕西省/宝鸡市/凤翔区,https://dmfw.mca.gov.cn/XzqhVersionPublish.html,2025-12-31
610323,岐山县,3,陕西省/宝鸡市/岐山县,https://dmfw.mca.gov.cn/XzqhVersionPublish.html,2025-12-31
610324,扶风县,3,陕西省/宝鸡市/扶风县,https://dmfw.mca.gov.cn/XzqhVersionPublish.html,2025-12-31
610326,眉县,3,陕西省/宝鸡市/眉县,https://dmfw.mca.gov.cn/XzqhVersionPublish.html,2025-12-31
610327,陇县,3,陕西省/宝鸡市/陇县,https://dmfw.mca.gov.cn/XzqhVersionPublish.html,2025-12-31
610328,千阳县,3,陕西省/宝鸡市/千阳县,https://dmfw.mca.gov.cn/XzqhVersionPublish.html,2025-12-31
610329,麟游县,3,陕西省/宝鸡市/麟游县,https://dmfw.mca.gov.cn/XzqhVersionPublish.html,2025-12-31
610330,凤县,3,陕西省/宝鸡市/凤县,https://dmfw.mca.gov.cn/XzqhVersionPublish.html,2025-12-31
610331,太白县,3,陕西省/宝鸡市/太白县,https://dmfw.mca.gov.cn/XzqhVersionPublish.html,2025-12-31
610400,咸阳市,2,陕西省/咸阳市,https://dmfw.mca.gov.cn/XzqhVersionPublish.html,2025-12-31
610402,秦都区,3,陕西省/咸阳市/秦都区,https://dmfw.mca.gov.cn/XzqhVersionPublish.html,2025-12-31
610403,杨陵区,3,陕西省/咸阳市/杨陵区,https://dmfw.mca.gov.cn/XzqhVersionPublish.html,2025-12-31
610404,渭城区,3,陕西省/咸阳市/渭城区,https://dmfw.mca.gov.cn/XzqhVersionPublish.html,2025-12-31
610422,三原县,3,陕西省/咸阳市/三原县,https://dmfw.mca.gov.cn/XzqhVersionPublish.html,2025-12-31
610423,泾阳县,3,陕西省/咸阳市/泾阳县,https://dmfw.mca.gov.cn/XzqhVersionPublish.html,2025-12-31
610424,乾县,3,陕西省/咸阳市/乾县,https://dmfw.mca.gov.cn/XzqhVersionPublish.html,2025-12-31
610425,礼泉县,3,陕西省/咸阳市/礼泉县,https://dmfw.mca.gov.cn/XzqhVersionPublish.html,2025-12-31
610426,永寿县,3,陕西省/咸阳市/永寿县,https://dmfw.mca.gov.cn/XzqhVersionPublish.html,2025-12-31
610428,长武县,3,陕西省/咸阳市/长武县,https://dmfw.mca.gov.cn/XzqhVersionPublish.html,2025-12-31
610429,旬邑县,3,陕西省/咸阳市/旬邑县,https://dmfw.mca.gov.cn/XzqhVersionPublish.html,2025-12-31
610430,淳化县,3,陕西省/咸阳市/淳化县,https://dmfw.mca.gov.cn/XzqhVersionPublish.html,2025-12-31
610431,武功县,3,陕西省/咸阳市/武功县,https://dmfw.mca.gov.cn/XzqhVersionPublish.html,2025-12-31
610481,兴平市,3,陕西省/咸阳市/兴平市,https://dmfw.mca.gov.cn/XzqhVersionPublish.html,2025-12-31
610482,彬州市,3,陕西省/咸阳市/彬州市,https://dmfw.mca.gov.cn/XzqhVersionPublish.html,2025-12-31
610500,渭南市,2,陕西省/渭南市,https://dmfw.mca.gov.cn/XzqhVersionPublish.html,2025-12-31
610502,临渭区,3,陕西省/渭南市/临渭区,https://dmfw.mca.gov.cn/XzqhVersionPublish.html,2025-12-31
610503,华州区,3,陕西省/渭南市/华州区,https://dmfw.mca.gov.cn/XzqhVersionPublish.html,2025-12-31
610522,潼关县,3,陕西省/渭南市/潼关县,https://dmfw.mca.gov.cn/XzqhVersionPublish.html,2025-12-31
610523,大荔县,3,陕西省/渭南市/大荔县,https://dmfw.mca.gov.cn/XzqhVersionPublish.html,2025-12-31
610524,合阳县,3,陕西省/渭南市/合阳县,https://dmfw.mca.gov.cn/XzqhVersionPublish.html,2025-12-31
610525,澄城县,3,陕西省/渭南市/澄城县,https://dmfw.mca.gov.cn/XzqhVersionPublish.html,2025-12-31
610526,蒲城县,3,陕西省/渭南市/蒲城县,https://dmfw.mca.gov.cn/XzqhVersionPublish.html,2025-12-31
610527,白水县,3,陕西省/渭南市/白水县,https://dmfw.mca.gov.cn/XzqhVersionPublish.html,2025-12-31
610528,富平县,3,陕西省/渭南市/富平县,https://dmfw.mca.gov.cn/XzqhVersionPublish.html,2025-12-31
610581,韩城市,3,陕西省/渭南市/韩城市,https://dmfw.mca.gov.cn/XzqhVersionPublish.html,2025-12-31
610582,华阴市,3,陕西省/渭南市/华阴市,https://dmfw.mca.gov.cn/XzqhVersionPublish.html,2025-12-31
610600,延安市,2,陕西省/延安市,https://dmfw.mca.gov.cn/XzqhVersionPublish.html,2025-12-31
610602,宝塔区,3,陕西省/延安市/宝塔区,https://dmfw.mca.gov.cn/XzqhVersionPublish.html,2025-12-31
610603,安塞区,3,陕西省/延安市/安塞区,https://dmfw.mca.gov.cn/XzqhVersionPublish.html,2025-12-31
610621,延长县,3,陕西省/延安市/延长县,https://dmfw.mca.gov.cn/XzqhVersionPublish.html,2025-12-31
610622,延川县,3,陕西省/延安市/延川县,https://dmfw.mca.gov.cn/XzqhVersionPublish.html,2025-12-31
610625,志丹县,3,陕西省/延安市/志丹县,https://dmfw.mca.gov.cn/XzqhVersionPublish.html,2025-12-31
610626,吴起县,3,陕西省/延安市/吴起县,https://dmfw.mca.gov.cn/XzqhVersionPublish.html,2025-12-31
610627,甘泉县,3,陕西省/延安市/甘泉县,https://dmfw.mca.gov.cn/XzqhVersionPublish.html,2025-12-31
610628,富县,3,陕西省/延安市/富县,https://dmfw.mca.gov.cn/XzqhVersionPublish.html,2025-12-31
610629,洛川县,3,陕西省/延安市/洛川县,https://dmfw.mca.gov.cn/XzqhVersionPublish.html,2025-12-31
610630,宜川县,3,陕西省/延安市/宜川县,https://dmfw.mca.gov.cn/XzqhVersionPublish.html,2025-12-31
610631,黄龙县,3,陕西省/延安市/黄龙县,https://dmfw.mca.gov.cn/XzqhVersionPublish.html,2025-12-31
610632,黄陵县,3,陕西省/延安市/黄陵县,https://dmfw.mca.gov.cn/XzqhVersionPublish.html,2025-12-31
610681,子长市,3,陕西省/延安市/子长市,https://dmfw.mca.gov.cn/XzqhVersionPublish.html,2025-12-31
610700,汉中市,2,陕西省/汉中市,https://dmfw.mca.gov.cn/XzqhVersionPublish.html,2025-12-31
610702,汉台区,3,陕西省/汉中市/汉台区,https://dmfw.mca.gov.cn/XzqhVersionPublish.html,2025-12-31
610703,南郑区,3,陕西省/汉中市/南郑区,https://dmfw.mca.gov.cn/XzqhVersionPublish.html,2025-12-31
610722,城固县,3,陕西省/汉中市/城固县,https://dmfw.mca.gov.cn/XzqhVersionPublish.html,2025-12-31
610723,洋县,3,陕西省/汉中市/洋县,https://dmfw.mca.gov.cn/XzqhVersionPublish.html,2025-12-31
610724,西乡县,3,陕西省/汉中市/西乡县,https://dmfw.mca.gov.cn/XzqhVersionPublish.html,2025-12-31
610725,勉县,3,陕西省/汉中市/勉县,https://dmfw.mca.gov.cn/XzqhVersionPublish.html,2025-12-31
610726,宁强县,3,陕西省/汉中市/宁强县,https://dmfw.mca.gov.cn/XzqhVersionPublish.html,2025-12-31
610727,略阳县,3,陕西省/汉中市/略阳县,https://dmfw.mca.gov.cn/XzqhVersionPublish.html,2025-12-31
610728,镇巴县,3,陕西省/汉中市/镇巴县,https://dmfw.mca.gov.cn/XzqhVersionPublish.html,2025-12-31
610729,留坝县,3,陕西省/汉中市/留坝县,https://dmfw.mca.gov.cn/XzqhVersionPublish.html,2025-12-31
610730,佛坪县,3,陕西省/汉中市/佛坪县,https://dmfw.mca.gov.cn/XzqhVersionPublish.html,2025-12-31
610800,榆林市,2,陕西省/榆林市,https://dmfw.mca.gov.cn/XzqhVersionPublish.html,2025-12-31
610802,榆阳区,3,陕西省/榆林市/榆阳区,https://dmfw.mca.gov.cn/XzqhVersionPublish.html,2025-12-31
610803,横山区,3,陕西省/榆林市/横山区,https://dmfw.mca.gov.cn/XzqhVersionPublish.html,2025-12-31
610822,府谷县,3,陕西省/榆林市/府谷县,https://dmfw.mca.gov.cn/XzqhVersionPublish.html,2025-12-31
610824,靖边县,3,陕西省/榆林市/靖边县,https://dmfw.mca.gov.cn/XzqhVersionPublish.html,2025-12-31
610825,定边县,3,陕西省/榆林市/定边县,https://dmfw.mca.gov.cn/XzqhVersionPublish.html,2025-12-31
610826,绥德县,3,陕西省/榆林市/绥德县,https://dmfw.mca.gov.cn/XzqhVersionPublish.html,2025-12-31
610827,米脂县,3,陕西省/榆林市/米脂县,https://dmfw.mca.gov.cn/XzqhVersionPublish.html,2025-12-31
610828,佳县,3,陕西省/榆林市/佳县,https://dmfw.mca.gov.cn/XzqhVersionPublish.html,2025-12-31
610829,吴堡县,3,陕西省/榆林市/吴堡县,https://dmfw.mca.gov.cn/XzqhVersionPublish.html,2025-12-31
610830,清涧县,3,陕西省/榆林市/清涧县,https://dmfw.mca.gov.cn/XzqhVersionPublish.html,2025-12-31
610831,子洲县,3,陕西省/榆林市/子洲县,https://dmfw.mca.gov.cn/XzqhVersionPublish.html,2025-12-31
610881,神木市,3,陕西省/榆林市/神木市,https://dmfw.mca.gov.cn/XzqhVersionPublish.html,2025-12-31
610900,安康市,2,陕西省/安康市,https://dmfw.mca.gov.cn/XzqhVersionPublish.html,2025-12-31
610902,汉滨区,3,陕西省/安康市/汉滨区,https://dmfw.mca.gov.cn/XzqhVersionPublish.html,2025-12-31
610921,汉阴县,3,陕西省/安康市/汉阴县,https://dmfw.mca.gov.cn/XzqhVersionPublish.html,2025-12-31
610922,石泉县,3,陕西省/安康市/石泉县,https://dmfw.mca.gov.cn/XzqhVersionPublish.html,2025-12-31
610923,宁陕县,3,陕西省/安康市/宁陕县,https://dmfw.mca.gov.cn/XzqhVersionPublish.html,2025-12-31
610924,紫阳县,3,陕西省/安康市/紫阳县,https://dmfw.mca.gov.cn/XzqhVersionPublish.html,2025-12-31
610925,岚皋县,3,陕西省/安康市/岚皋县,https://dmfw.mca.gov.cn/XzqhVersionPublish.html,2025-12-31
610926,平利县,3,陕西省/安康市/平利县,https://dmfw.mca.gov.cn/XzqhVersionPublish.html,2025-12-31
610927,镇坪县,3,陕西省/安康市/镇坪县,https://dmfw.mca.gov.cn/XzqhVersionPublish.html,2025-12-31
610929,白河县,3,陕西省/安康市/白河县,https://dmfw.mca.gov.cn/XzqhVersionPublish.html,2025-12-31
610981,旬阳市,3,陕西省/安康市/旬阳市,https://dmfw.mca.gov.cn/XzqhVersionPublish.html,2025-12-31
611000,商洛市,2,陕西省/商洛市,https://dmfw.mca.gov.cn/XzqhVersionPublish.html,2025-12-31
611002,商州区,3,陕西省/商洛市/商州区,https://dmfw.mca.gov.cn/XzqhVersionPublish.html,2025-12-31
611021,洛南县,3,陕西省/商洛市/洛南县,https://dmfw.mca.gov.cn/XzqhVersionPublish.html,2025-12-31
611022,丹凤县,3,陕西省/商洛市/丹凤县,https://dmfw.mca.gov.cn/XzqhVersionPublish.html,2025-12-31
611023,商南县,3,陕西省/商洛市/商南县,https://dmfw.mca.gov.cn/XzqhVersionPublish.html,2025-12-31
611024,山阳县,3,陕西省/商洛市/山阳县,https://dmfw.mca.gov.cn/XzqhVersionPublish.html,2025-12-31
611025,镇安县,3,陕西省/商洛市/镇安县,https://dmfw.mca.gov.cn/XzqhVersionPublish.html,2025-12-31
611026,柞水县,3,陕西省/商洛市/柞水县,https://dmfw.mca.gov.cn/XzqhVersionPublish.html,2025-12-31
620000,甘肃省,1,甘肃省,https://dmfw.mca.gov.cn/XzqhVersionPublish.html,2025-12-31
620100,兰州市,2,甘肃省/兰州市,https://dmfw.mca.gov.cn/XzqhVersionPublish.html,2025-12-31
620102,城关区,3,甘肃省/兰州市/城关区,https://dmfw.mca.gov.cn/XzqhVersionPublish.html,2025-12-31
620103,七里河区,3,甘肃省/兰州市/七里河区,https://dmfw.mca.gov.cn/XzqhVersionPublish.html,2025-12-31
620104,西固区,3,甘肃省/兰州市/西固区,https://dmfw.mca.gov.cn/XzqhVersionPublish.html,2025-12-31
620105,安宁区,3,甘肃省/兰州市/安宁区,https://dmfw.mca.gov.cn/XzqhVersionPublish.html,2025-12-31
620111,红古区,3,甘肃省/兰州市/红古区,https://dmfw.mca.gov.cn/XzqhVersionPublish.html,2025-12-31
620121,永登县,3,甘肃省/兰州市/永登县,https://dmfw.mca.gov.cn/XzqhVersionPublish.html,2025-12-31
620122,皋兰县,3,甘肃省/兰州市/皋兰县,https://dmfw.mca.gov.cn/XzqhVersionPublish.html,2025-12-31
620123,榆中县,3,甘肃省/兰州市/榆中县,https://dmfw.mca.gov.cn/XzqhVersionPublish.html,2025-12-31
620200,嘉峪关市,2,甘肃省/嘉峪关市,https://dmfw.mca.gov.cn/XzqhVersionPublish.html,2025-12-31
620300,金昌市,2,甘肃省/金昌市,https://dmfw.mca.gov.cn/XzqhVersionPublish.html,2025-12-31
620302,金川区,3,甘肃省/金昌市/金川区,https://dmfw.mca.gov.cn/XzqhVersionPublish.html,2025-12-31
620321,永昌县,3,甘肃省/金昌市/永昌县,https://dmfw.mca.gov.cn/XzqhVersionPublish.html,2025-12-31
620400,白银市,2,甘肃省/白银市,https://dmfw.mca.gov.cn/XzqhVersionPublish.html,2025-12-31
620402,白银区,3,甘肃省/白银市/白银区,https://dmfw.mca.gov.cn/XzqhVersionPublish.html,2025-12-31
620403,平川区,3,甘肃省/白银市/平川区,https://dmfw.mca.gov.cn/XzqhVersionPublish.html,2025-12-31
620421,靖远县,3,甘肃省/白银市/靖远县,https://dmfw.mca.gov.cn/XzqhVersionPublish.html,2025-12-31
620422,会宁县,3,甘肃省/白银市/会宁县,https://dmfw.mca.gov.cn/XzqhVersionPublish.html,2025-12-31
620423,景泰县,3,甘肃省/白银市/景泰县,https://dmfw.mca.gov.cn/XzqhVersionPublish.html,2025-12-31
620500,天水市,2,甘肃省/天水市,https://dmfw.mca.gov.cn/XzqhVersionPublish.html,2025-12-31
620502,秦州区,3,甘肃省/天水市/秦州区,https://dmfw.mca.gov.cn/XzqhVersionPublish.html,2025-12-31
620503,麦积区,3,甘肃省/天水市/麦积区,https://dmfw.mca.gov.cn/XzqhVersionPublish.html,2025-12-31
620521,清水县,3,甘肃省/天水市/清水县,https://dmfw.mca.gov.cn/XzqhVersionPublish.html,2025-12-31
620522,秦安县,3,甘肃省/天水市/秦安县,https://dmfw.mca.gov.cn/XzqhVersionPublish.html,2025-12-31
620523,甘谷县,3,甘肃省/天水市/甘谷县,https://dmfw.mca.gov.cn/XzqhVersionPublish.html,2025-12-31
620524,武山县,3,甘肃省/天水市/武山县,https://dmfw.mca.gov.cn/XzqhVersionPublish.html,2025-12-31
620525,张家川回族自治县,3,甘肃省/天水市/张家川回族自治县,https://dmfw.mca.gov.cn/XzqhVersionPublish.html,2025-12-31
620600,武威市,2,甘肃省/武威市,https://dmfw.mca.gov.cn/XzqhVersionPublish.html,2025-12-31
620602,凉州区,3,甘肃省/武威市/凉州区,https://dmfw.mca.gov.cn/XzqhVersionPublish.html,2025-12-31
620621,民勤县,3,甘肃省/武威市/民勤县,https://dmfw.mca.gov.cn/XzqhVersionPublish.html,2025-12-31
620622,古浪县,3,甘肃省/武威市/古浪县,https://dmfw.mca.gov.cn/XzqhVersionPublish.html,2025-12-31
620623,天祝藏族自治县,3,甘肃省/武威市/天祝藏族自治县,https://dmfw.mca.gov.cn/XzqhVersionPublish.html,2025-12-31
620700,张掖市,2,甘肃省/张掖市,https://dmfw.mca.gov.cn/XzqhVersionPublish.html,2025-12-31
620702,甘州区,3,甘肃省/张掖市/甘州区,https://dmfw.mca.gov.cn/XzqhVersionPublish.html,2025-12-31
620721,肃南裕固族自治县,3,甘肃省/张掖市/肃南裕固族自治县,https://dmfw.mca.gov.cn/XzqhVersionPublish.html,2025-12-31
620722,民乐县,3,甘肃省/张掖市/民乐县,https://dmfw.mca.gov.cn/XzqhVersionPublish.html,2025-12-31
620723,临泽县,3,甘肃省/张掖市/临泽县,https://dmfw.mca.gov.cn/XzqhVersionPublish.html,2025-12-31
620724,高台县,3,甘肃省/张掖市/高台县,https://dmfw.mca.gov.cn/XzqhVersionPublish.html,2025-12-31
620725,山丹县,3,甘肃省/张掖市/山丹县,https://dmfw.mca.gov.cn/XzqhVersionPublish.html,2025-12-31
620800,平凉市,2,甘肃省/平凉市,https://dmfw.mca.gov.cn/XzqhVersionPublish.html,2025-12-31
620802,崆峒区,3,甘肃省/平凉市/崆峒区,https://dmfw.mca.gov.cn/XzqhVersionPublish.html,2025-12-31
620821,泾川县,3,甘肃省/平凉市/泾川县,https://dmfw.mca.gov.cn/XzqhVersionPublish.html,2025-12-31
620822,灵台县,3,甘肃省/平凉市/灵台县,https://dmfw.mca.gov.cn/XzqhVersionPublish.html,2025-12-31
620823,崇信县,3,甘肃省/平凉市/崇信县,https://dmfw.mca.gov.cn/XzqhVersionPublish.html,2025-12-31
620825,庄浪县,3,甘肃省/平凉市/庄浪县,https://dmfw.mca.gov.cn/XzqhVersionPublish.html,2025-12-31
620826,静宁县,3,甘肃省/平凉市/静宁县,https://dmfw.mca.gov.cn/XzqhVersionPublish.html,2025-12-31
620881,华亭市,3,甘肃省/平凉市/华亭市,https://dmfw.mca.gov.cn/XzqhVersionPublish.html,2025-12-31
620900,酒泉市,2,甘肃省/酒泉市,https://dmfw.mca.gov.cn/XzqhVersionPublish.html,2025-12-31
620902,肃州区,3,甘肃省/酒泉市/肃州区,https://dmfw.mca.gov.cn/XzqhVersionPublish.html,2025-12-31
620921,金塔县,3,甘肃省/酒泉市/金塔县,https://dmfw.mca.gov.cn/XzqhVersionPublish.html,2025-12-31
620922,瓜州县,3,甘肃省/酒泉市/瓜州县,https://dmfw.mca.gov.cn/XzqhVersionPublish.html,2025-12-31
620923,肃北蒙古族自治县,3,甘肃省/酒泉市/肃北蒙古族自治县,https://dmfw.mca.gov.cn/XzqhVersionPublish.html,2025-12-31
620924,阿克塞哈萨克族自治县,3,甘肃省/酒泉市/阿克塞哈萨克族自治县,https://dmfw.mca.gov.cn/XzqhVersionPublish.html,2025-12-31
620981,玉门市,3,甘肃省/酒泉市/玉门市,https://dmfw.mca.gov.cn/XzqhVersionPublish.html,2025-12-31
620982,敦煌市,3,甘肃省/酒泉市/敦煌市,https://dmfw.mca.gov.cn/XzqhVersionPublish.html,2025-12-31
621000,庆阳市,2,甘肃省/庆阳市,https://dmfw.mca.gov.cn/XzqhVersionPublish.html,2025-12-31
621002,西峰区,3,甘肃省/庆阳市/西峰区,https://dmfw.mca.gov.cn/XzqhVersionPublish.html,2025-12-31
621021,庆城县,3,甘肃省/庆阳市/庆城县,https://dmfw.mca.gov.cn/XzqhVersionPublish.html,2025-12-31
621022,环县,3,甘肃省/庆阳市/环县,https://dmfw.mca.gov.cn/XzqhVersionPublish.html,2025-12-31
621023,华池县,3,甘肃省/庆阳市/华池县,https://dmfw.mca.gov.cn/XzqhVersionPublish.html,2025-12-31
621024,合水县,3,甘肃省/庆阳市/合水县,https://dmfw.mca.gov.cn/XzqhVersionPublish.html,2025-12-31
621025,正宁县,3,甘肃省/庆阳市/正宁县,https://dmfw.mca.gov.cn/XzqhVersionPublish.html,2025-12-31
621026,宁县,3,甘肃省/庆阳市/宁县,https://dmfw.mca.gov.cn/XzqhVersionPublish.html,2025-12-31
621027,镇原县,3,甘肃省/庆阳市/镇原县,https://dmfw.mca.gov.cn/XzqhVersionPublish.html,2025-12-31
621100,定西市,2,甘肃省/定西市,https://dmfw.mca.gov.cn/XzqhVersionPublish.html,2025-12-31
621102,安定区,3,甘肃省/定西市/安定区,https://dmfw.mca.gov.cn/XzqhVersionPublish.html,2025-12-31
621121,通渭县,3,甘肃省/定西市/通渭县,https://dmfw.mca.gov.cn/XzqhVersionPublish.html,2025-12-31
621122,陇西县,3,甘肃省/定西市/陇西县,https://dmfw.mca.gov.cn/XzqhVersionPublish.html,2025-12-31
621123,渭源县,3,甘肃省/定西市/渭源县,https://dmfw.mca.gov.cn/XzqhVersionPublish.html,2025-12-31
621124,临洮县,3,甘肃省/定西市/临洮县,https://dmfw.mca.gov.cn/XzqhVersionPublish.html,2025-12-31
621125,漳县,3,甘肃省/定西市/漳县,https://dmfw.mca.gov.cn/XzqhVersionPublish.html,2025-12-31
621126,岷县,3,甘肃省/定西市/岷县,https://dmfw.mca.gov.cn/XzqhVersionPublish.html,2025-12-31
621200,陇南市,2,甘肃省/陇南市,https://dmfw.mca.gov.cn/XzqhVersionPublish.html,2025-12-31
621202,武都区,3,甘肃省/陇南市/武都区,https://dmfw.mca.gov.cn/XzqhVersionPublish.html,2025-12-31
621221,成县,3,甘肃省/陇南市/成县,https://dmfw.mca.gov.cn/XzqhVersionPublish.html,2025-12-31
621222,文县,3,甘肃省/陇南市/文县,https://dmfw.mca.gov.cn/XzqhVersionPublish.html,2025-12-31
621223,宕昌县,3,甘肃省/陇南市/宕昌县,https://dmfw.mca.gov.cn/XzqhVersionPublish.html,2025-12-31
621224,康县,3,甘肃省/陇南市/康县,https://dmfw.mca.gov.cn/XzqhVersionPublish.html,2025-12-31
621225,西和县,3,甘肃省/陇南市/西和县,https://dmfw.mca.gov.cn/XzqhVersionPublish.html,2025-12-31
621226,礼县,3,甘肃省/陇南市/礼县,https://dmfw.mca.gov.cn/XzqhVersionPublish.html,2025-12-31
621227,徽县,3,甘肃省/陇南市/徽县,https://dmfw.mca.gov.cn/XzqhVersionPublish.html,2025-12-31
621228,两当县,3,甘肃省/陇南市/两当县,https://dmfw.mca.gov.cn/XzqhVersionPublish.html,2025-12-31
622900,临夏回族自治州,2,甘肃省/临夏回族自治州,https://dmfw.mca.gov.cn/XzqhVersionPublish.html,2025-12-31
622901,临夏市,3,甘肃省/临夏回族自治州/临夏市,https://dmfw.mca.gov.cn/XzqhVersionPublish.html,2025-12-31
622921,临夏县,3,甘肃省/临夏回族自治州/临夏县,https://dmfw.mca.gov.cn/XzqhVersionPublish.html,2025-12-31
622922,康乐县,3,甘肃省/临夏回族自治州/康乐县,https://dmfw.mca.gov.cn/XzqhVersionPublish.html,2025-12-31
622923,永靖县,3,甘肃省/临夏回族自治州/永靖县,https://dmfw.mca.gov.cn/XzqhVersionPublish.html,2025-12-31
622924,广河县,3,甘肃省/临夏回族自治州/广河县,https://dmfw.mca.gov.cn/XzqhVersionPublish.html,2025-12-31
622925,和政县,3,甘肃省/临夏回族自治州/和政县,https://dmfw.mca.gov.cn/XzqhVersionPublish.html,2025-12-31
622926,东乡族自治县,3,甘肃省/临夏回族自治州/东乡族自治县,https://dmfw.mca.gov.cn/XzqhVersionPublish.html,2025-12-31
622927,积石山保安族东乡族撒拉族自治县,3,甘肃省/临夏回族自治州/积石山保安族东乡族撒拉族自治县,https://dmfw.mca.gov.cn/XzqhVersionPublish.html,2025-12-31
623000,甘南藏族自治州,2,甘肃省/甘南藏族自治州,https://dmfw.mca.gov.cn/XzqhVersionPublish.html,2025-12-31
623001,合作市,3,甘肃省/甘南藏族自治州/合作市,https://dmfw.mca.gov.cn/XzqhVersionPublish.html,2025-12-31
623021,临潭县,3,甘肃省/甘南藏族自治州/临潭县,https://dmfw.mca.gov.cn/XzqhVersionPublish.html,2025-12-31
623022,卓尼县,3,甘肃省/甘南藏族自治州/卓尼县,https://dmfw.mca.gov.cn/XzqhVersionPublish.html,2025-12-31
623023,舟曲县,3,甘肃省/甘南藏族自治州/舟曲县,https://dmfw.mca.gov.cn/XzqhVersionPublish.html,2025-12-31
623024,迭部县,3,甘肃省/甘南藏族自治州/迭部县,https://dmfw.mca.gov.cn/XzqhVersionPublish.html,2025-12-31
623025,玛曲县,3,甘肃省/甘南藏族自治州/玛曲县,https://dmfw.mca.gov.cn/XzqhVersionPublish.html,2025-12-31
623026,碌曲县,3,甘肃省/甘南藏族自治州/碌曲县,https://dmfw.mca.gov.cn/XzqhVersionPublish.html,2025-12-31
623027,夏河县,3,甘肃省/甘南藏族自治州/夏河县,https://dmfw.mca.gov.cn/XzqhVersionPublish.html,2025-12-31
630000,青海省,1,青海省,https://dmfw.mca.gov.cn/XzqhVersionPublish.html,2025-12-31
630100,西宁市,2,青海省/西宁市,https://dmfw.mca.gov.cn/XzqhVersionPublish.html,2025-12-31
630102,城东区,3,青海省/西宁市/城东区,https://dmfw.mca.gov.cn/XzqhVersionPublish.html,2025-12-31
630103,城中区,3,青海省/西宁市/城中区,https://dmfw.mca.gov.cn/XzqhVersionPublish.html,2025-12-31
630104,城西区,3,青海省/西宁市/城西区,https://dmfw.mca.gov.cn/XzqhVersionPublish.html,2025-12-31
630105,城北区,3,青海省/西宁市/城北区,https://dmfw.mca.gov.cn/XzqhVersionPublish.html,2025-12-31
630106,湟中区,3,青海省/西宁市/湟中区,https://dmfw.mca.gov.cn/XzqhVersionPublish.html,2025-12-31
630121,大通回族土族自治县,3,青海省/西宁市/大通回族土族自治县,https://dmfw.mca.gov.cn/XzqhVersionPublish.html,2025-12-31
630123,湟源县,3,青海省/西宁市/湟源县,https://dmfw.mca.gov.cn/XzqhVersionPublish.html,2025-12-31
630200,海东市,2,青海省/海东市,https://dmfw.mca.gov.cn/XzqhVersionPublish.html,2025-12-31
630202,乐都区,3,青海省/海东市/乐都区,https://dmfw.mca.gov.cn/XzqhVersionPublish.html,2025-12-31
630203,平安区,3,青海省/海东市/平安区,https://dmfw.mca.gov.cn/XzqhVersionPublish.html,2025-12-31
630222,民和回族土族自治县,3,青海省/海东市/民和回族土族自治县,https://dmfw.mca.gov.cn/XzqhVersionPublish.html,2025-12-31
630223,互助土族自治县,3,青海省/海东市/互助土族自治县,https://dmfw.mca.gov.cn/XzqhVersionPublish.html,2025-12-31
630224,化隆回族自治县,3,青海省/海东市/化隆回族自治县,https://dmfw.mca.gov.cn/XzqhVersionPublish.html,2025-12-31
630225,循化撒拉族自治县,3,青海省/海东市/循化撒拉族自治县,https://dmfw.mca.gov.cn/XzqhVersionPublish.html,2025-12-31
632200,海北藏族自治州,2,青海省/海北藏族自治州,https://dmfw.mca.gov.cn/XzqhVersionPublish.html,2025-12-31
632221,门源回族自治县,3,青海省/海北藏族自治州/门源回族自治县,https://dmfw.mca.gov.cn/XzqhVersionPublish.html,2025-12-31
632222,祁连县,3,青海省/海北藏族自治州/祁连县,https://dmfw.mca.gov.cn/XzqhVersionPublish.html,2025-12-31
632223,海晏县,3,青海省/海北藏族自治州/海晏县,https://dmfw.mca.gov.cn/XzqhVersionPublish.html,2025-12-31
632224,刚察县,3,青海省/海北藏族自治州/刚察县,https://dmfw.mca.gov.cn/XzqhVersionPublish.html,2025-12-31
632300,黄南藏族自治州,2,青海省/黄南藏族自治州,https://dmfw.mca.gov.cn/XzqhVersionPublish.html,2025-12-31
632301,同仁市,3,青海省/黄南藏族自治州/同仁市,https://dmfw.mca.gov.cn/XzqhVersionPublish.html,2025-12-31
632322,尖扎县,3,青海省/黄南藏族自治州/尖扎县,https://dmfw.mca.gov.cn/XzqhVersionPublish.html,2025-12-31
632323,泽库县,3,青海省/黄南藏族自治州/泽库县,https://dmfw.mca.gov.cn/XzqhVersionPublish.html,2025-12-31
632324,河南蒙古族自治县,3,青海省/黄南藏族自治州/河南蒙古族自治县,https://dmfw.mca.gov.cn/XzqhVersionPublish.html,2025-12-31
632500,海南藏族自治州,2,青海省/海南藏族自治州,https://dmfw.mca.gov.cn/XzqhVersionPublish.html,2025-12-31
632521,共和县,3,青海省/海南藏族自治州/共和县,https://dmfw.mca.gov.cn/XzqhVersionPublish.html,2025-12-31
632522,同德县,3,青海省/海南藏族自治州/同德县,https://dmfw.mca.gov.cn/XzqhVersionPublish.html,2025-12-31
632523,贵德县,3,青海省/海南藏族自治州/贵德县,https://dmfw.mca.gov.cn/XzqhVersionPublish.html,2025-12-31
632524,兴海县,3,青海省/海南藏族自治州/兴海县,https://dmfw.mca.gov.cn/XzqhVersionPublish.html,2025-12-31
632525,贵南县,3,青海省/海南藏族自治州/贵南县,https://dmfw.mca.gov.cn/XzqhVersionPublish.html,2025-12-31
632600,果洛藏族自治州,2,青海省/果洛藏族自治州,https://dmfw.mca.gov.cn/XzqhVersionPublish.html,2025-12-31
632621,玛沁县,3,青海省/果洛藏族自治州/玛沁县,https://dmfw.mca.gov.cn/XzqhVersionPublish.html,2025-12-31
632622,班玛县,3,青海省/果洛藏族自治州/班玛县,https://dmfw.mca.gov.cn/XzqhVersionPublish.html,2025-12-31
632623,甘德县,3,青海省/果洛藏族自治州/甘德县,https://dmfw.mca.gov.cn/XzqhVersionPublish.html,2025-12-31
632624,达日县,3,青海省/果洛藏族自治州/达日县,https://dmfw.mca.gov.cn/XzqhVersionPublish.html,2025-12-31
632625,久治县,3,青海省/果洛藏族自治州/久治县,https://dmfw.mca.gov.cn/XzqhVersionPublish.html,2025-12-31
632626,玛多县,3,青海省/果洛藏族自治州/玛多县,https://dmfw.mca.gov.cn/XzqhVersionPublish.html,2025-12-31
632700,玉树藏族自治州,2,青海省/玉树藏族自治州,https://dmfw.mca.gov.cn/XzqhVersionPublish.html,2025-12-31
632701,玉树市,3,青海省/玉树藏族自治州/玉树市,https://dmfw.mca.gov.cn/XzqhVersionPublish.html,2025-12-31
632722,杂多县,3,青海省/玉树藏族自治州/杂多县,https://dmfw.mca.gov.cn/XzqhVersionPublish.html,2025-12-31
632723,称多县,3,青海省/玉树藏族自治州/称多县,https://dmfw.mca.gov.cn/XzqhVersionPublish.html,2025-12-31
632724,治多县,3,青海省/玉树藏族自治州/治多县,https://dmfw.mca.gov.cn/XzqhVersionPublish.html,2025-12-31
632725,囊谦县,3,青海省/玉树藏族自治州/囊谦县,https://dmfw.mca.gov.cn/XzqhVersionPublish.html,2025-12-31
632726,曲麻莱县,3,青海省/玉树藏族自治州/曲麻莱县,https://dmfw.mca.gov.cn/XzqhVersionPublish.html,2025-12-31
632800,海西蒙古族藏族自治州,2,青海省/海西蒙古族藏族自治州,https://dmfw.mca.gov.cn/XzqhVersionPublish.html,2025-12-31
632801,格尔木市,3,青海省/海西蒙古族藏族自治州/格尔木市,https://dmfw.mca.gov.cn/XzqhVersionPublish.html,2025-12-31
632802,德令哈市,3,青海省/海西蒙古族藏族自治州/德令哈市,https://dmfw.mca.gov.cn/XzqhVersionPublish.html,2025-12-31
632803,茫崖市,3,青海省/海西蒙古族藏族自治州/茫崖市,https://dmfw.mca.gov.cn/XzqhVersionPublish.html,2025-12-31
632821,乌兰县,3,青海省/海西蒙古族藏族自治州/乌兰县,https://dmfw.mca.gov.cn/XzqhVersionPublish.html,2025-12-31
632822,都兰县,3,青海省/海西蒙古族藏族自治州/都兰县,https://dmfw.mca.gov.cn/XzqhVersionPublish.html,2025-12-31
632823,天峻县,3,青海省/海西蒙古族藏族自治州/天峻县,https://dmfw.mca.gov.cn/XzqhVersionPublish.html,2025-12-31
640000,宁夏回族自治区,1,宁夏回族自治区,https://dmfw.mca.gov.cn/XzqhVersionPublish.html,2025-12-31
640100,银川市,2,宁夏回族自治区/银川市,https://dmfw.mca.gov.cn/XzqhVersionPublish.html,2025-12-31
640104,兴庆区,3,宁夏回族自治区/银川市/兴庆区,https://dmfw.mca.gov.cn/XzqhVersionPublish.html,2025-12-31
640105,西夏区,3,宁夏回族自治区/银川市/西夏区,https://dmfw.mca.gov.cn/XzqhVersionPublish.html,2025-12-31
640106,金凤区,3,宁夏回族自治区/银川市/金凤区,https://dmfw.mca.gov.cn/XzqhVersionPublish.html,2025-12-31
640121,永宁县,3,宁夏回族自治区/银川市/永宁县,https://dmfw.mca.gov.cn/XzqhVersionPublish.html,2025-12-31
640122,贺兰县,3,宁夏回族自治区/银川市/贺兰县,https://dmfw.mca.gov.cn/XzqhVersionPublish.html,2025-12-31
640181,灵武市,3,宁夏回族自治区/银川市/灵武市,https://dmfw.mca.gov.cn/XzqhVersionPublish.html,2025-12-31
640200,石嘴山市,2,宁夏回族自治区/石嘴山市,https://dmfw.mca.gov.cn/XzqhVersionPublish.html,2025-12-31
640202,大武口区,3,宁夏回族自治区/石嘴山市/大武口区,https://dmfw.mca.gov.cn/XzqhVersionPublish.html,2025-12-31
640205,惠农区,3,宁夏回族自治区/石嘴山市/惠农区,https://dmfw.mca.gov.cn/XzqhVersionPublish.html,2025-12-31
640221,平罗县,3,宁夏回族自治区/石嘴山市/平罗县,https://dmfw.mca.gov.cn/XzqhVersionPublish.html,2025-12-31
640300,吴忠市,2,宁夏回族自治区/吴忠市,https://dmfw.mca.gov.cn/XzqhVersionPublish.html,2025-12-31
640302,利通区,3,宁夏回族自治区/吴忠市/利通区,https://dmfw.mca.gov.cn/XzqhVersionPublish.html,2025-12-31
640303,红寺堡区,3,宁夏回族自治区/吴忠市/红寺堡区,https://dmfw.mca.gov.cn/XzqhVersionPublish.html,2025-12-31
640323,盐池县,3,宁夏回族自治区/吴忠市/盐池县,https://dmfw.mca.gov.cn/XzqhVersionPublish.html,2025-12-31
640324,同心县,3,宁夏回族自治区/吴忠市/同心县,https://dmfw.mca.gov.cn/XzqhVersionPublish.html,2025-12-31
640381,青铜峡市,3,宁夏回族自治区/吴忠市/青铜峡市,https://dmfw.mca.gov.cn/XzqhVersionPublish.html,2025-12-31
640400,固原市,2,宁夏回族自治区/固原市,https://dmfw.mca.gov.cn/XzqhVersionPublish.html,2025-12-31
640402,原州区,3,宁夏回族自治区/固原市/原州区,https://dmfw.mca.gov.cn/XzqhVersionPublish.html,2025-12-31
640422,西吉县,3,宁夏回族自治区/固原市/西吉县,https://dmfw.mca.gov.cn/XzqhVersionPublish.html,2025-12-31
640423,隆德县,3,宁夏回族自治区/固原市/隆德县,https://dmfw.mca.gov.cn/XzqhVersionPublish.html,2025-12-31
640424,泾源县,3,宁夏回族自治区/固原市/泾源县,https://dmfw.mca.gov.cn/XzqhVersionPublish.html,2025-12-31
640425,彭阳县,3,宁夏回族自治区/固原市/彭阳县,https://dmfw.mca.gov.cn/XzqhVersionPublish.html,2025-12-31
640500,中卫市,2,宁夏回族自治区/中卫市,https://dmfw.mca.gov.cn/XzqhVersionPublish.html,2025-12-31
640502,沙坡头区,3,宁夏回族自治区/中卫市/沙坡头区,https://dmfw.mca.gov.cn/XzqhVersionPublish.html,2025-12-31
640521,中宁县,3,宁夏回族自治区/中卫市/中宁县,https://dmfw.mca.gov.cn/XzqhVersionPublish.html,2025-12-31
640522,海原县,3,宁夏回族自治区/中卫市/海原县,https://dmfw.mca.gov.cn/XzqhVersionPublish.html,2025-12-31
650000,新疆维吾尔自治区,1,新疆维吾尔自治区,https://dmfw.mca.gov.cn/XzqhVersionPublish.html,2025-12-31
650100,乌鲁木齐市,2,新疆维吾尔自治区/乌鲁木齐市,https://dmfw.mca.gov.cn/XzqhVersionPublish.html,2025-12-31
650102,天山区,3,新疆维吾尔自治区/乌鲁木齐市/天山区,https://dmfw.mca.gov.cn/XzqhVersionPublish.html,2025-12-31
650103,沙依巴克区,3,新疆维吾尔自治区/乌鲁木齐市/沙依巴克区,https://dmfw.mca.gov.cn/XzqhVersionPublish.html,2025-12-31
650104,新市区,3,新疆维吾尔自治区/乌鲁木齐市/新市区,https://dmfw.mca.gov.cn/XzqhVersionPublish.html,2025-12-31
650105,水磨沟区,3,新疆维吾尔自治区/乌鲁木齐市/水磨沟区,https://dmfw.mca.gov.cn/XzqhVersionPublish.html,2025-12-31
650106,头屯河区,3,新疆维吾尔自治区/乌鲁木齐市/头屯河区,https://dmfw.mca.gov.cn/XzqhVersionPublish.html,2025-12-31
650107,达坂城区,3,新疆维吾尔自治区/乌鲁木齐市/达坂城区,https://dmfw.mca.gov.cn/XzqhVersionPublish.html,2025-12-31
650109,米东区,3,新疆维吾尔自治区/乌鲁木齐市/米东区,https://dmfw.mca.gov.cn/XzqhVersionPublish.html,2025-12-31
650121,乌鲁木齐县,3,新疆维吾尔自治区/乌鲁木齐市/乌鲁木齐县,https://dmfw.mca.gov.cn/XzqhVersionPublish.html,2025-12-31
650200,克拉玛依市,2,新疆维吾尔自治区/克拉玛依市,https://dmfw.mca.gov.cn/XzqhVersionPublish.html,2025-12-31
650202,独山子区,3,新疆维吾尔自治区/克拉玛依市/独山子区,https://dmfw.mca.gov.cn/XzqhVersionPublish.html,2025-12-31
650203,克拉玛依区,3,新疆维吾尔自治区/克拉玛依市/克拉玛依区,https://dmfw.mca.gov.cn/XzqhVersionPublish.html,2025-12-31
650204,白碱滩区,3,新疆维吾尔自治区/克拉玛依市/白碱滩区,https://dmfw.mca.gov.cn/XzqhVersionPublish.html,2025-12-31
650205,乌尔禾区,3,新疆维吾尔自治区/克拉玛依市/乌尔禾区,https://dmfw.mca.gov.cn/XzqhVersionPublish.html,2025-12-31
650400,吐鲁番市,2,新疆维吾尔自治区/吐鲁番市,https://dmfw.mca.gov.cn/XzqhVersionPublish.html,2025-12-31
650402,高昌区,3,新疆维吾尔自治区/吐鲁番市/高昌区,https://dmfw.mca.gov.cn/XzqhVersionPublish.html,2025-12-31
650421,鄯善县,3,新疆维吾尔自治区/吐鲁番市/鄯善县,https://dmfw.mca.gov.cn/XzqhVersionPublish.html,2025-12-31
650422,托克逊县,3,新疆维吾尔自治区/吐鲁番市/托克逊县,https://dmfw.mca.gov.cn/XzqhVersionPublish.html,2025-12-31
650500,哈密市,2,新疆维吾尔自治区/哈密市,https://dmfw.mca.gov.cn/XzqhVersionPublish.html,2025-12-31
650502,伊州区,3,新疆维吾尔自治区/哈密市/伊州区,https://dmfw.mca.gov.cn/XzqhVersionPublish.html,2025-12-31
650521,巴里坤哈萨克自治县,3,新疆维吾尔自治区/哈密市/巴里坤哈萨克自治县,https://dmfw.mca.gov.cn/XzqhVersionPublish.html,2025-12-31
650522,伊吾县,3,新疆维吾尔自治区/哈密市/伊吾县,https://dmfw.mca.gov.cn/XzqhVersionPublish.html,2025-12-31
652300,昌吉回族自治州,2,新疆维吾尔自治区/昌吉回族自治州,https://dmfw.mca.gov.cn/XzqhVersionPublish.html,2025-12-31
652301,昌吉市,3,新疆维吾尔自治区/昌吉回族自治州/昌吉市,https://dmfw.mca.gov.cn/XzqhVersionPublish.html,2025-12-31
652302,阜康市,3,新疆维吾尔自治区/昌吉回族自治州/阜康市,https://dmfw.mca.gov.cn/XzqhVersionPublish.html,2025-12-31
652323,呼图壁县,3,新疆维吾尔自治区/昌吉回族自治州/呼图壁县,https://dmfw.mca.gov.cn/XzqhVersionPublish.html,2025-12-31
652324,玛纳斯县,3,新疆维吾尔自治区/昌吉回族自治州/玛纳斯县,https://dmfw.mca.gov.cn/XzqhVersionPublish.html,2025-12-31
652325,奇台县,3,新疆维吾尔自治区/昌吉回族自治州/奇台县,https://dmfw.mca.gov.cn/XzqhVersionPublish.html,2025-12-31
652327,吉木萨尔县,3,新疆维吾尔自治区/昌吉回族自治州/吉木萨尔县,https://dmfw.mca.gov.cn/XzqhVersionPublish.html,2025-12-31
652328,木垒哈萨克自治县,3,新疆维吾尔自治区/昌吉回族自治州/木垒哈萨克自治县,https://dmfw.mca.gov.cn/XzqhVersionPublish.html,2025-12-31
652700,博尔塔拉蒙古自治州,2,新疆维吾尔自治区/博尔塔拉蒙古自治州,https://dmfw.mca.gov.cn/XzqhVersionPublish.html,2025-12-31
652701,博乐市,3,新疆维吾尔自治区/博尔塔拉蒙古自治州/博乐市,https://dmfw.mca.gov.cn/XzqhVersionPublish.html,2025-12-31
652702,阿拉山口市,3,新疆维吾尔自治区/博尔塔拉蒙古自治州/阿拉山口市,https://dmfw.mca.gov.cn/XzqhVersionPublish.html,2025-12-31
652722,精河县,3,新疆维吾尔自治区/博尔塔拉蒙古自治州/精河县,https://dmfw.mca.gov.cn/XzqhVersionPublish.html,2025-12-31
652723,温泉县,3,新疆维吾尔自治区/博尔塔拉蒙古自治州/温泉县,https://dmfw.mca.gov.cn/XzqhVersionPublish.html,2025-12-31
652800,巴音郭楞蒙古自治州,2,新疆维吾尔自治区/巴音郭楞蒙古自治州,https://dmfw.mca.gov.cn/XzqhVersionPublish.html,2025-12-31
652801,库尔勒市,3,新疆维吾尔自治区/巴音郭楞蒙古自治州/库尔勒市,https://dmfw.mca.gov.cn/XzqhVersionPublish.html,2025-12-31
652822,轮台县,3,新疆维吾尔自治区/巴音郭楞蒙古自治州/轮台县,https://dmfw.mca.gov.cn/XzqhVersionPublish.html,2025-12-31
652823,尉犁县,3,新疆维吾尔自治区/巴音郭楞蒙古自治州/尉犁县,https://dmfw.mca.gov.cn/XzqhVersionPublish.html,2025-12-31
652824,若羌县,3,新疆维吾尔自治区/巴音郭楞蒙古自治州/若羌县,https://dmfw.mca.gov.cn/XzqhVersionPublish.html,2025-12-31
652825,且末县,3,新疆维吾尔自治区/巴音郭楞蒙古自治州/且末县,https://dmfw.mca.gov.cn/XzqhVersionPublish.html,2025-12-31
652826,焉耆回族自治县,3,新疆维吾尔自治区/巴音郭楞蒙古自治州/焉耆回族自治县,https://dmfw.mca.gov.cn/XzqhVersionPublish.html,2025-12-31
652827,和静县,3,新疆维吾尔自治区/巴音郭楞蒙古自治州/和静县,https://dmfw.mca.gov.cn/XzqhVersionPublish.html,2025-12-31
652828,和硕县,3,新疆维吾尔自治区/巴音郭楞蒙古自治州/和硕县,https://dmfw.mca.gov.cn/XzqhVersionPublish.html,2025-12-31
652829,博湖县,3,新疆维吾尔自治区/巴音郭楞蒙古自治州/博湖县,https://dmfw.mca.gov.cn/XzqhVersionPublish.html,2025-12-31
652900,阿克苏地区,2,新疆维吾尔自治区/阿克苏地区,https://dmfw.mca.gov.cn/XzqhVersionPublish.html,2025-12-31
652901,阿克苏市,3,新疆维吾尔自治区/阿克苏地区/阿克苏市,https://dmfw.mca.gov.cn/XzqhVersionPublish.html,2025-12-31
652902,库车市,3,新疆维吾尔自治区/阿克苏地区/库车市,https://dmfw.mca.gov.cn/XzqhVersionPublish.html,2025-12-31
652922,温宿县,3,新疆维吾尔自治区/阿克苏地区/温宿县,https://dmfw.mca.gov.cn/XzqhVersionPublish.html,2025-12-31
652924,沙雅县,3,新疆维吾尔自治区/阿克苏地区/沙雅县,https://dmfw.mca.gov.cn/XzqhVersionPublish.html,2025-12-31
652925,新和县,3,新疆维吾尔自治区/阿克苏地区/新和县,https://dmfw.mca.gov.cn/XzqhVersionPublish.html,2025-12-31
652926,拜城县,3,新疆维吾尔自治区/阿克苏地区/拜城县,https://dmfw.mca.gov.cn/XzqhVersionPublish.html,2025-12-31
652927,乌什县,3,新疆维吾尔自治区/阿克苏地区/乌什县,https://dmfw.mca.gov.cn/XzqhVersionPublish.html,2025-12-31
652928,阿瓦提县,3,新疆维吾尔自治区/阿克苏地区/阿瓦提县,https://dmfw.mca.gov.cn/XzqhVersionPublish.html,2025-12-31
652929,柯坪县,3,新疆维吾尔自治区/阿克苏地区/柯坪县,https://dmfw.mca.gov.cn/XzqhVersionPublish.html,2025-12-31
653000,克孜勒苏柯尔克孜自治州,2,新疆维吾尔自治区/克孜勒苏柯尔克孜自治州,https://dmfw.mca.gov.cn/XzqhVersionPublish.html,2025-12-31
653001,阿图什市,3,新疆维吾尔自治区/克孜勒苏柯尔克孜自治州/阿图什市,https://dmfw.mca.gov.cn/XzqhVersionPublish.html,2025-12-31
653022,阿克陶县,3,新疆维吾尔自治区/克孜勒苏柯尔克孜自治州/阿克陶县,https://dmfw.mca.gov.cn/XzqhVersionPublish.html,2025-12-31
653023,阿合奇县,3,新疆维吾尔自治区/克孜勒苏柯尔克孜自治州/阿合奇县,https://dmfw.mca.gov.cn/XzqhVersionPublish.html,2025-12-31
653024,乌恰县,3,新疆维吾尔自治区/克孜勒苏柯尔克孜自治州/乌恰县,https://dmfw.mca.gov.cn/XzqhVersionPublish.html,2025-12-31
653100,喀什地区,2,新疆维吾尔自治区/喀什地区,https://dmfw.mca.gov.cn/XzqhVersionPublish.html,2025-12-31
653101,喀什市,3,新疆维吾尔自治区/喀什地区/喀什市,https://dmfw.mca.gov.cn/XzqhVersionPublish.html,2025-12-31
653121,疏附县,3,新疆维吾尔自治区/喀什地区/疏附县,https://dmfw.mca.gov.cn/XzqhVersionPublish.html,2025-12-31
653122,疏勒县,3,新疆维吾尔自治区/喀什地区/疏勒县,https://dmfw.mca.gov.cn/XzqhVersionPublish.html,2025-12-31
653123,英吉沙县,3,新疆维吾尔自治区/喀什地区/英吉沙县,https://dmfw.mca.gov.cn/XzqhVersionPublish.html,2025-12-31
653124,泽普县,3,新疆维吾尔自治区/喀什地区/泽普县,https://dmfw.mca.gov.cn/XzqhVersionPublish.html,2025-12-31
653125,莎车县,3,新疆维吾尔自治区/喀什地区/莎车县,https://dmfw.mca.gov.cn/XzqhVersionPublish.html,2025-12-31
653126,叶城县,3,新疆维吾尔自治区/喀什地区/叶城县,https://dmfw.mca.gov.cn/XzqhVersionPublish.html,2025-12-31
653127,麦盖提县,3,新疆维吾尔自治区/喀什地区/麦盖提县,https://dmfw.mca.gov.cn/XzqhVersionPublish.html,2025-12-31
653128,岳普湖县,3,新疆维吾尔自治区/喀什地区/岳普湖县,https://dmfw.mca.gov.cn/XzqhVersionPublish.html,2025-12-31
653129,伽师县,3,新疆维吾尔自治区/喀什地区/伽师县,https://dmfw.mca.gov.cn/XzqhVersionPublish.html,2025-12-31
653130,巴楚县,3,新疆维吾尔自治区/喀什地区/巴楚县,https://dmfw.mca.gov.cn/XzqhVersionPublish.html,2025-12-31
653131,塔什库尔干塔吉克自治县,3,新疆维吾尔自治区/喀什地区/塔什库尔干塔吉克自治县,https://dmfw.mca.gov.cn/XzqhVersionPublish.html,2025-12-31
653200,和田地区,2,新疆维吾尔自治区/和田地区,https://dmfw.mca.gov.cn/XzqhVersionPublish.html,2025-12-31
653201,和田市,3,新疆维吾尔自治区/和田地区/和田市,https://dmfw.mca.gov.cn/XzqhVersionPublish.html,2025-12-31
653221,和田县,3,新疆维吾尔自治区/和田地区/和田县,https://dmfw.mca.gov.cn/XzqhVersionPublish.html,2025-12-31
653222,墨玉县,3,新疆维吾尔自治区/和田地区/墨玉县,https://dmfw.mca.gov.cn/XzqhVersionPublish.html,2025-12-31
653223,皮山县,3,新疆维吾尔自治区/和田地区/皮山县,https://dmfw.mca.gov.cn/XzqhVersionPublish.html,2025-12-31
653224,洛浦县,3,新疆维吾尔自治区/和田地区/洛浦县,https://dmfw.mca.gov.cn/XzqhVersionPublish.html,2025-12-31
653225,策勒县,3,新疆维吾尔自治区/和田地区/策勒县,https://dmfw.mca.gov.cn/XzqhVersionPublish.html,2025-12-31
653226,于田县,3,新疆维吾尔自治区/和田地区/于田县,https://dmfw.mca.gov.cn/XzqhVersionPublish.html,2025-12-31
653227,民丰县,3,新疆维吾尔自治区/和田地区/民丰县,https://dmfw.mca.gov.cn/XzqhVersionPublish.html,2025-12-31
653228,和康县,3,新疆维吾尔自治区/和田地区/和康县,https://dmfw.mca.gov.cn/XzqhVersionPublish.html,2025-12-31
653229,和安县,3,新疆维吾尔自治区/和田地区/和安县,https://dmfw.mca.gov.cn/XzqhVersionPublish.html,2025-12-31
654000,伊犁哈萨克自治州,2,新疆维吾尔自治区/伊犁哈萨克自治州,https://dmfw.mca.gov.cn/XzqhVersionPublish.html,2025-12-31
654002,伊宁市,3,新疆维吾尔自治区/伊犁哈萨克自治州/伊宁市,https://dmfw.mca.gov.cn/XzqhVersionPublish.html,2025-12-31
654003,奎屯市,3,新疆维吾尔自治区/伊犁哈萨克自治州/奎屯市,https://dmfw.mca.gov.cn/XzqhVersionPublish.html,2025-12-31
654004,霍尔果斯市,3,新疆维吾尔自治区/伊犁哈萨克自治州/霍尔果斯市,https://dmfw.mca.gov.cn/XzqhVersionPublish.html,2025-12-31
654021,伊宁县,3,新疆维吾尔自治区/伊犁哈萨克自治州/伊宁县,https://dmfw.mca.gov.cn/XzqhVersionPublish.html,2025-12-31
654022,察布查尔锡伯自治县,3,新疆维吾尔自治区/伊犁哈萨克自治州/察布查尔锡伯自治县,https://dmfw.mca.gov.cn/XzqhVersionPublish.html,2025-12-31
654023,霍城县,3,新疆维吾尔自治区/伊犁哈萨克自治州/霍城县,https://dmfw.mca.gov.cn/XzqhVersionPublish.html,2025-12-31
654024,巩留县,3,新疆维吾尔自治区/伊犁哈萨克自治州/巩留县,https://dmfw.mca.gov.cn/XzqhVersionPublish.html,2025-12-31
654025,新源县,3,新疆维吾尔自治区/伊犁哈萨克自治州/新源县,https://dmfw.mca.gov.cn/XzqhVersionPublish.html,2025-12-31
654026,昭苏县,3,新疆维吾尔自治区/伊犁哈萨克自治州/昭苏县,https://dmfw.mca.gov.cn/XzqhVersionPublish.html,2025-12-31
654027,特克斯县,3,新疆维吾尔自治区/伊犁哈萨克自治州/特克斯县,https://dmfw.mca.gov.cn/XzqhVersionPublish.html,2025-12-31
654028,尼勒克县,3,新疆维吾尔自治区/伊犁哈萨克自治州/尼勒克县,https://dmfw.mca.gov.cn/XzqhVersionPublish.html,2025-12-31
654200,塔城地区,2,新疆维吾尔自治区/塔城地区,https://dmfw.mca.gov.cn/XzqhVersionPublish.html,2025-12-31
654201,塔城市,3,新疆维吾尔自治区/塔城地区/塔城市,https://dmfw.mca.gov.cn/XzqhVersionPublish.html,2025-12-31
654202,乌苏市,3,新疆维吾尔自治区/塔城地区/乌苏市,https://dmfw.mca.gov.cn/XzqhVersionPublish.html,2025-12-31
654203,沙湾市,3,新疆维吾尔自治区/塔城地区/沙湾市,https://dmfw.mca.gov.cn/XzqhVersionPublish.html,2025-12-31
654221,额敏县,3,新疆维吾尔自治区/塔城地区/额敏县,https://dmfw.mca.gov.cn/XzqhVersionPublish.html,2025-12-31
654224,托里县,3,新疆维吾尔自治区/塔城地区/托里县,https://dmfw.mca.gov.cn/XzqhVersionPublish.html,2025-12-31
654225,裕民县,3,新疆维吾尔自治区/塔城地区/裕民县,https://dmfw.mca.gov.cn/XzqhVersionPublish.html,2025-12-31
654226,和布克赛尔蒙古自治县,3,新疆维吾尔自治区/塔城地区/和布克赛尔蒙古自治县,https://dmfw.mca.gov.cn/XzqhVersionPublish.html,2025-12-31
654300,阿勒泰地区,2,新疆维吾尔自治区/阿勒泰地区,https://dmfw.mca.gov.cn/XzqhVersionPublish.html,2025-12-31
654301,阿勒泰市,3,新疆维吾尔自治区/阿勒泰地区/阿勒泰市,https://dmfw.mca.gov.cn/XzqhVersionPublish.html,2025-12-31
654321,布尔津县,3,新疆维吾尔自治区/阿勒泰地区/布尔津县,https://dmfw.mca.gov.cn/XzqhVersionPublish.html,2025-12-31
654322,富蕴县,3,新疆维吾尔自治区/阿勒泰地区/富蕴县,https://dmfw.mca.gov.cn/XzqhVersionPublish.html,2025-12-31
654323,福海县,3,新疆维吾尔自治区/阿勒泰地区/福海县,https://dmfw.mca.gov.cn/XzqhVersionPublish.html,2025-12-31
654324,哈巴河县,3,新疆维吾尔自治区/阿勒泰地区/哈巴河县,https://dmfw.mca.gov.cn/XzqhVersionPublish.html,2025-12-31
654325,青河县,3,新疆维吾尔自治区/阿勒泰地区/青河县,https://dmfw.mca.gov.cn/XzqhVersionPublish.html,2025-12-31
654326,吉木乃县,3,新疆维吾尔自治区/阿勒泰地区/吉木乃县,https://dmfw.mca.gov.cn/XzqhVersionPublish.html,2025-12-31
659001,石河子市,3,新疆维吾尔自治区/石河子市,https://dmfw.mca.gov.cn/XzqhVersionPublish.html,2025-12-31
659002,阿拉尔市,3,新疆维吾尔自治区/阿拉尔市,https://dmfw.mca.gov.cn/XzqhVersionPublish.html,2025-12-31
659003,图木舒克市,3,新疆维吾尔自治区/图木舒克市,https://dmfw.mca.gov.cn/XzqhVersionPublish.html,2025-12-31
659004,五家渠市,3,新疆维吾尔自治区/五家渠市,https://dmfw.mca.gov.cn/XzqhVersionPublish.html,2025-12-31
659005,北屯市,3,新疆维吾尔自治区/北屯市,https://dmfw.mca.gov.cn/XzqhVersionPublish.html,2025-12-31
659006,铁门关市,3,新疆维吾尔自治区/铁门关市,https://dmfw.mca.gov.cn/XzqhVersionPublish.html,2025-12-31
659007,双河市,3,新疆维吾尔自治区/双河市,https://dmfw.mca.gov.cn/XzqhVersionPublish.html,2025-12-31
659008,可克达拉市,3,新疆维吾尔自治区/可克达拉市,https://dmfw.mca.gov.cn/XzqhVersionPublish.html,2025-12-31
659009,昆玉市,3,新疆维吾尔自治区/昆玉市,https://dmfw.mca.gov.cn/XzqhVersionPublish.html,2025-12-31
659010,胡杨河市,3,新疆维吾尔自治区/胡杨河市,https://dmfw.mca.gov.cn/XzqhVersionPublish.html,2025-12-31
659011,新星市,3,新疆维吾尔自治区/新星市,https://dmfw.mca.gov.cn/XzqhVersionPublish.html,2025-12-31
659012,白杨市,3,新疆维吾尔自治区/白杨市,https://dmfw.mca.gov.cn/XzqhVersionPublish.html,2025-12-31
659013,草湖市,3,新疆维吾尔自治区/草湖市,https://dmfw.mca.gov.cn/XzqhVersionPublish.html,2025-12-31
810000,香港特别行政区,1,香港特别行政区,https://dmfw.mca.gov.cn/XzqhVersionPublish.html,2025-12-31
820000,澳门特别行政区,1,澳门特别行政区,https://dmfw.mca.gov.cn/XzqhVersionPublish.html,2025-12-31
